NATIVE	Actor.AllActors	Final|Iterator|Native|HasOptionalParms|Public|HasOutParms
NATIVE	Actor.AllOwnedComponents	Final|Iterator|Native|Public|HasOutParms
NATIVE	Actor.AttachComponent	Final|Native|Public
NATIVE	Actor.AutonomousPhysics	Final|Native|Public
NATIVE	Actor.BasedActors	Final|Iterator|Native|Public|HasOutParms
NATIVE	Actor.BP2Vect	Final|Native|Static|Public
NATIVE	Actor.CanTakeDamage	Native|Public
NATIVE	Actor.ChartData	Final|Native|Public
NATIVE	Actor.ChildActors	Final|Iterator|Native|Public|HasOutParms
NATIVE	Actor.ClampRotation	Final|Simulated|Native|Public|HasOutParms
NATIVE	Actor.ClearAllTimers	Final|Native|HasOptionalParms|Public
NATIVE	Actor.ClearTimer	Final|Native|HasOptionalParms|Public
NATIVE	Actor.Clock	Final|Native|Public|HasOutParms
NATIVE	Actor.CollidingActors	Final|Iterator|Native|HasOptionalParms|Public|HasOutParms
NATIVE	Actor.ComponentList	Final|Iterator|Native|Public|HasOutParms
NATIVE	Actor.ConsoleCommand	Native|HasOptionalParms|Public
NATIVE	Actor.ContainsPoint	Final|Native|Public
NATIVE	Actor.CreateAudioComponent	Final|Native|HasOptionalParms|Public
NATIVE	Actor.Destroy	Final|Native|Public
NATIVE	Actor.DetachComponent	Final|Native|Public
NATIVE	Actor.DrawDebugBox	Final|Native|Static|HasOptionalParms|Public
NATIVE	Actor.DrawDebugCone	Final|Native|Static|HasOptionalParms|Public
NATIVE	Actor.DrawDebugCoordinateSystem	Final|Native|Static|HasOptionalParms|Public
NATIVE	Actor.DrawDebugCylinder	Final|Native|Static|HasOptionalParms|Public
NATIVE	Actor.DrawDebugFrustrum	Final|Native|Static|HasOptionalParms|Public|HasOutParms
NATIVE	Actor.DrawDebugLine	Final|Native|Static|HasOptionalParms|Public
NATIVE	Actor.DrawDebugPoint	Final|Native|Static|HasOptionalParms|Public
NATIVE	Actor.DrawDebugSphere	Final|Native|Static|HasOptionalParms|Public
NATIVE	Actor.DrawDebugStar	Final|Native|Static|HasOptionalParms|Public
NATIVE	Actor.DrawDebugString	Final|Native|Static|HasOptionalParms|Public
NATIVE	Actor.DynamicActors	Final|Iterator|Native|HasOptionalParms|Public|HasOutParms
NATIVE	Actor.EnableForceTranslucency	Final|Native|HasOptionalParms|Public
NATIVE	Actor.FastTrace	Final|Native|HasOptionalParms|Public
NATIVE	Actor.FindBase	Native|Public
NATIVE	Actor.FindSpot	Final|Native|Public|HasOutParms
NATIVE	Actor.FinishAnim	Final|Latent|Native|Public
NATIVE	Actor.fixedTurn	Final|Native|Public
NATIVE	Actor.FlushDebugStrings	Final|Native|Static|Public
NATIVE	Actor.FlushPersistentDebugLines	Final|Native|Static|Public
NATIVE	Actor.ForceUpdateComponents	Native|HasOptionalParms|Public
NATIVE	Actor.GetALocalPlayerController	Final|Native|Public
NATIVE	Actor.GetAvoidanceVector	Final|Native|HasOptionalParms|Public|HasOutParms
NATIVE	Actor.GetBasedPosition	Final|Native|Static|Public
NATIVE	Actor.GetBaseMost	Native|Public
NATIVE	Actor.GetBoundingCylinder	Native|Public|HasOutParms
NATIVE	Actor.GetComponentsBoundingBox	Final|Native|Public|HasOutParms
NATIVE	Actor.GetDestination	Final|Native|Public
NATIVE	Actor.GetGravityZ	Native|Public
NATIVE	Actor.GetLanguage	Native|Public
NATIVE	Actor.GetPackageGuid	Final|Native|Static|Public
NATIVE	Actor.GetReboundTargetLocation	Simulated|Native|HasOptionalParms|Public
NATIVE	Actor.GetTargetLocation	Simulated|Native|HasOptionalParms|Public
NATIVE	Actor.GetTargetRotation	Simulated|Native|HasOptionalParms|Public
NATIVE	Actor.GetTeamNum	Simulated|Native|Public
NATIVE	Actor.GetTerminalVelocity	Native|Public
NATIVE	Actor.GetTimerCount	Final|Native|HasOptionalParms|Public
NATIVE	Actor.GetTimerRate	Final|Native|HasOptionalParms|Public
NATIVE	Actor.GetURLMap	Final|Native|Public
NATIVE	Actor.IsBasedOn	Final|Native|Public
NATIVE	Actor.IsInPersistentLevel	Final|Native|HasOptionalParms|Public
NATIVE	Actor.IsOverlapping	Final|Native|Public
NATIVE	Actor.IsOwnedBy	Final|Native|Public
NATIVE	Actor.IsPlayerOwned	Simulated|Native|Public
NATIVE	Actor.IsTimerActive	Final|Native|HasOptionalParms|Public
NATIVE	Actor.LocalPlayerControllers	Final|Iterator|Native|Public|HasOutParms
NATIVE	Actor.MakeNoise	Final|Native|HasOptionalParms|Public
NATIVE	Actor.ModifyTimerTimeDilation	Final|Native|HasOptionalParms|Public
NATIVE	Actor.Move	Final|Native|Public
NATIVE	Actor.MoveSmooth	Final|Native|Public
NATIVE	Actor.MovingWhichWay	Native|Public|HasOutParms
NATIVE	Actor.NativePostRenderFor	Simulated|Native|Public
NATIVE	Actor.OverlappingActors	Final|Iterator|Native|HasOptionalParms|Public|HasOutParms
NATIVE	Actor.PauseTimer	Final|Native|HasOptionalParms|Public
NATIVE	Actor.PlayerCanSeeMe	Final|Native|Public
NATIVE	Actor.PlaySound	Final|Native|HasOptionalParms|Public
NATIVE	Actor.PointCheckComponent	Final|Native|Public
NATIVE	Actor.PrestreamTextures	Native|HasOptionalParms|Public
NATIVE	Actor.PureVisualStopMotion	Exec|Native|Public
NATIVE	Actor.ReattachComponent	Final|Native|Public
NATIVE	Actor.ResetTimerTimeDilation	Final|Native|HasOptionalParms|Public
NATIVE	Actor.SetBase	Final|Native|HasOptionalParms|Public
NATIVE	Actor.SetBasedPosition	Final|Native|Static|HasOptionalParms|Public|HasOutParms
NATIVE	Actor.SetCollision	Final|Native|HasOptionalParms|Public
NATIVE	Actor.SetCollisionSize	Final|Native|Public
NATIVE	Actor.SetCollisionType	Final|Native|Public
NATIVE	Actor.SetDrawScale	Final|Native|Public
NATIVE	Actor.SetDrawScale3D	Final|Native|Public
NATIVE	Actor.SetForcedInitialReplicatedProperty	Final|Native|Public
NATIVE	Actor.SetHardAttach	Final|Native|HasOptionalParms|Public
NATIVE	Actor.SetHidden	Final|Native|Public
NATIVE	Actor.SetHUDLocation	Simulated|Native|Public
NATIVE	Actor.SetLocation	Final|Native|Public
NATIVE	Actor.SetLocationNoCheck	Final|Native|Public
NATIVE	Actor.SetNetUpdateTime	Final|Native|Public
NATIVE	Actor.SetOnlyOwnerSee	Final|Native|Public
NATIVE	Actor.SetOwner	Final|Native|Public
NATIVE	Actor.SetPhysics	Final|Native|Public
NATIVE	Actor.SetRelativeLocation	Final|Native|Public
NATIVE	Actor.SetRelativeRotation	Final|Native|Public
NATIVE	Actor.SetRotation	Final|Native|Public
NATIVE	Actor.SetTickGroup	Final|Native|Public
NATIVE	Actor.SetTickIsDisabled	Final|Native|Public
NATIVE	Actor.SetTimer	Final|Native|HasOptionalParms|Public
NATIVE	Actor.SetZone	Final|Native|Public
NATIVE	Actor.Sleep	Final|Latent|Native|Public
NATIVE	Actor.Spawn	Final|Native|HasOptionalParms|Public
NATIVE	Actor.StartMorphing	Native|Public
NATIVE	Actor.StopMotion	Exec|Native|Public
NATIVE	Actor.SuggestTossVelocity	Final|Native|HasOptionalParms|Public|HasOutParms
NATIVE	Actor.SupportsKismetModification	Final|Native|Public|HasOutParms
NATIVE	Actor.TouchingActors	Final|Iterator|Native|Public|HasOutParms
NATIVE	Actor.Trace	Final|Native|HasOptionalParms|Public|HasOutParms
NATIVE	Actor.TraceActors	Final|Iterator|Native|HasOptionalParms|Public|HasOutParms
NATIVE	Actor.TraceAllPhysicsAssetInteractions	Final|Native|HasOptionalParms|Public|HasOutParms
NATIVE	Actor.TraceComponent	Final|Native|HasOptionalParms|Public|HasOutParms
NATIVE	Actor.UnClock	Final|Native|Public|HasOutParms
NATIVE	Actor.UpdateMorphing	Native|Public
NATIVE	Actor.Vect2BP	Final|Native|Static|HasOptionalParms|Public|HasOutParms
NATIVE	Actor.VisibleActors	Final|Iterator|Native|HasOptionalParms|Public|HasOutParms
NATIVE	Actor.VisibleCollidingActors	Final|Iterator|Native|HasOptionalParms|Public|HasOutParms
NATIVE	Actor.WillOverlap	Final|Native|Public|HasOutParms
NATIVE	ActorComponent.DetachFromAny	Final|Native|Public
NATIVE	ActorComponent.ForceUpdate	Final|Native|Public
NATIVE	ActorComponent.SetComponentRBFixed	Final|Native|Public
NATIVE	ActorComponent.SetTickGroup	Final|Native|Public
NATIVE	AimSwitchActorBase.PlayDeathEffect	Native|Public
NATIVE	AliceCamMod_BackOfPlayer.ModifyCamera	Native|Public|HasOutParms
NATIVE	AliceCamMod_BackOfPlayer.UpdateGoBackOfPlayer	Native|Public|HasOutParms
NATIVE	AliceCheckpoint.GetAlicePlayerController	Native|Public
NATIVE	AliceCheckPointManager.RegisterWhenApplyRecord	Native|Public
NATIVE	AliceCheckPointManager.RegisterWhenPostBeginPlay	Native|Public
NATIVE	AliceCheckPointManager.UnRegisterWhenApplyRecord	Native|Public
NATIVE	AliceCheckPointManager.UpdateRegisterWhenChange	Native|Public
NATIVE	AliceClonePawn.Detonate	Native|Public
NATIVE	AliceClonePawnDummyWeapon.TriggerRadiusDamage	Simulated|Native|Public
NATIVE	AliceExplosionLight.ResetLight	Final|Native|Public
NATIVE	AliceExplosionLight.SetTemplate	Final|Native|Public|HasOutParms
NATIVE	AliceGameAnimNode_BlendBase.GetCustomAnimNodeSequence	Native|Public
NATIVE	AliceGameAnimNode_BlendByFall.GetAnimDuration	Final|Native|Public
NATIVE	AliceGameAnimNode_BlendList.SetActiveChild	Native|Public
NATIVE	AliceGameAnimNode_BlendTwo.SetBlendTarget	Final|Native|Public
NATIVE	AliceGameEngine.DeleteCheckpoints	Final|Native|HasOptionalParms|Protected|HasOutParms
NATIVE	AliceGameEngine.DoesSupportMSAA	Native|Public
NATIVE	AliceGameEngine.EnableStereo3D	Native|Public
NATIVE	AliceGameEngine.ExecConfigData	Native|Public
NATIVE	AliceGameEngine.ExecRebindKey	Native|Public|HasOutParms
NATIVE	AliceGameEngine.ExecResetKeyBindings	Native|Public
NATIVE	AliceGameEngine.FindCheckpointData	Final|Native|Public
NATIVE	AliceGameEngine.GetAliceKeyIndex	Native|Public|HasOutParms
NATIVE	AliceGameEngine.GetAliceKeys	Native|Public
NATIVE	AliceGameEngine.GetCompatCompositeIndex	Native|Public
NATIVE	AliceGameEngine.GetCurrentDeviceID	Final|Native|Public
NATIVE	AliceGameEngine.GetDestructionMaxChunkCount	Native|Public
NATIVE	AliceGameEngine.GetNumOfSupportedResolutions	Native|Public
NATIVE	AliceGameEngine.GetShowPostprocess	Native|Public
NATIVE	AliceGameEngine.GetSupportedResolutions	Native|Public|HasOutParms
NATIVE	AliceGameEngine.HasStorageDeviceBeenRemoved	Final|Native|Public
NATIVE	AliceGameEngine.LaunchAlice1	Native|Public
NATIVE	AliceGameEngine.LoadCheckpoint	Final|Native|Protected
NATIVE	AliceGameEngine.SaveCheckpoint	Final|Native|Protected
NATIVE	AliceGameEngine.SetAliceKeys	Native|Public
NATIVE	AliceGameEngine.SetCurrentDeviceID	Final|Native|HasOptionalParms|Public
NATIVE	AliceGameEngine.SetNvPhysXLevel	Native|Public
NATIVE	AliceGameEngine.SetSoundVolume	Native|Public
NATIVE	AliceGameInfo.DeleteGameData	Native|Public
NATIVE	AliceGameInfo.getAliceGameEngine	Native|Public
NATIVE	AliceGameInfo.GetAppSeconds	Native|Public
NATIVE	AliceGameInfo.HaveLastCheckpointFile	Native|Public
NATIVE	AliceGameInfo.InitLoadPersistentSaveData	Native|Public
NATIVE	AliceGameInfo.IsInSavingLoadingProcess	Native|Public
NATIVE	AliceGameInfo.LoadLastCheckpointFromTitleMenu	Native|Public
NATIVE	AliceGameInfo.MakeFullSave	Native|Public
NATIVE	AliceGameInfo.PauseAllNpcTick	Native|Public
NATIVE	AliceGameInfo.ResumeAllNpcTick	Native|Public
NATIVE	AliceGameInfo.SaveConfigSaveData	Native|Public
NATIVE	AliceGameInfo.SavePersistentSaveData	Native|Public
NATIVE	AliceGameInfo.SavePersistentSaveDataAndCheckPoint	Native|Public
NATIVE	AliceGameInfo.SavePersistentSaveDataAndConfigData	Native|Public
NATIVE	AliceGameKynapseAIController.ConfigSphinxAgent	Final|Native|Public
NATIVE	AliceGameKynapseAIController.GetLookatPawn	Native|Public
NATIVE	AliceGameKynapseAIController.KynapsePawnDied	Native|Public
NATIVE	AliceGameKynapseAIController.KynapseSphinxFollow	Native|Public
NATIVE	AliceGameKynapseAIController.KynapseTakeDamager	Native|Public
NATIVE	AliceGameKynapseAIController.NotifyAttachedActorDamage	Native|Public
NATIVE	AliceGameKynapseAIController.NotifyAttachedActorDead	Native|Public
NATIVE	AliceGameKynapseAIController.NotifyEventBeLockOn	Native|Public
NATIVE	AliceGameKynapseAIController.NotifyKismetControll	Native|Public
NATIVE	AliceGameKynapseAIController.NotifyNPCLandedFromFalling	Native|Public
NATIVE	AliceGameKynapseAIController.NotifyShieldReact	Native|Public
NATIVE	AliceGameKynapseAIController.NotifySpecialHit	Native|Public
NATIVE	AliceGameKynapseAIController.RegisterSphinxEvent	Native|HasOptionalParms|Public
NATIVE	AliceGameKynapseAIController.SphinxSubConditionNotify	Final|Native|Public
NATIVE	AliceGameKynapseAIController.ToggleNotifyTeammateFight	Native|Public
NATIVE	AliceGameKynapsePawn.ChangeDeathMaterial	Native|Public
NATIVE	AliceGameKynapsePawn.ChangeLockOnHighlightMaterial	Native|Public
NATIVE	AliceGameKynapsePawn.CustomNPC	Final|Native|Public
NATIVE	AliceGameKynapsePawn.EnableKynapsePawnPhysicalAssetCollision	Native|Public
NATIVE	AliceGameKynapsePawn.ForceDetechFromAlice	Native|Public
NATIVE	AliceGameKynapsePawn.GetCurrentAttackTargetActor	Native|Public
NATIVE	AliceGameKynapsePawn.GetFarGroupDistance	Native|Public
NATIVE	AliceGameKynapsePawn.GetReboundTargetLocation	Simulated|Native|HasOptionalParms|Public
NATIVE	AliceGameKynapsePawn.GetShieldKnockBackDistScale	Native|Public
NATIVE	AliceGameKynapsePawn.GetShieldKnockBackTimeScale	Native|Public
NATIVE	AliceGameKynapsePawn.GetTargetLocation	Simulated|Native|HasOptionalParms|Public
NATIVE	AliceGameKynapsePawn.GetTargetRotation	Simulated|Native|HasOptionalParms|Public
NATIVE	AliceGameKynapsePawn.HideNPCAttachedActor	Native|Public
NATIVE	AliceGameKynapsePawn.IsLineCheckPhysMatResult	Native|Public
NATIVE	AliceGameKynapsePawn.KillNPCAttachedActor	Native|Public
NATIVE	AliceGameKynapsePawn.PlayDeathRagdoll	Native|Public
NATIVE	AliceGameKynapsePawn.RepairNPCComponentAttachment	Final|Native|Public
NATIVE	AliceGameKynapsePawn.SphinxAnimEnd	Final|Native|Public
NATIVE	AliceGameKynapsePawn.UnattachCustomComponent	Final|Native|Public
NATIVE	AliceGameKynapsePawn.WakeUpNPCAttachedActor	Native|Public
NATIVE	AliceGameMenu.OpenGameMenu	Native|Public
NATIVE	AliceGameNPCAttachedActor.CanTakeDamage	Native|Public
NATIVE	AliceGameNPCAttachedActor.IsAlive	Final|Native|Public
NATIVE	AliceGameNPCAttachedActor.IsAwake	Final|Native|Public
NATIVE	AliceGameNPCAttachedActor.PlayConfigAnim	Final|Native|HasOptionalParms|Public|HasOutParms
NATIVE	AliceGamePawn.ApplyPendingPhysics	Native|Public
NATIVE	AliceGamePawn.AutoSetMaterialsForAllSkelComponents	Simulated|Native|HasOptionalParms|Public
NATIVE	AliceGamePawn.CalcPositionOnLedge	Native|Public
NATIVE	AliceGamePawn.EnableCollision	Native|Public
NATIVE	AliceGamePawn.FitCollision	Final|Simulated|Native|Public
NATIVE	AliceGamePawn.GetAlignBoxBonePosition	Native|Public
NATIVE	AliceGamePawn.GetBottomHeight	Native|Public
NATIVE	AliceGamePawn.GetDefaultMeshTranslation	Native|Public
NATIVE	AliceGamePawn.IsDoingASpecialMove	Simulated|Native|Public
NATIVE	AliceGamePawn.IsDoingComboBlendSpecialMove	Final|Simulated|Native|Public
NATIVE	AliceGamePawn.IsDoingRangeBlendSpecialMove	Final|Simulated|Native|Public
NATIVE	AliceGamePawn.IsDoingSpecialMove	Final|Simulated|Native|Public
NATIVE	AliceGamePawn.IsPlayingConfigAnim	Final|Native|Public|HasOutParms
NATIVE	AliceGamePawn.MAT_AutoReduceSlotAnimWeight	Native|Public
NATIVE	AliceGamePawn.MAT_SetAnimPosition	Native|Public
NATIVE	AliceGamePawn.MAT_SetAnimWeights	Native|Public
NATIVE	AliceGamePawn.PlayConfigAnim	Final|Native|HasOptionalParms|Public|HasOutParms
NATIVE	AliceGamePawn.PlayQueuedSpeakLine	Final|Simulated|Native|Private
NATIVE	AliceGamePawn.PrepareEndingOfJumpToAnotherLedge	Native|Public
NATIVE	AliceGamePawn.PrepareStartingOfJumpToAnotherLedge	Native|Public
NATIVE	AliceGamePawn.SetMeshTranslationOffset	Simulated|Native|HasOptionalParms|Public
NATIVE	AliceGamePawn.ShouldFilterOutSpeech	Final|Simulated|Native|Private
NATIVE	AliceGamePawn.ShouldSuppressSubtitlesForQueuedSpeakLine	Final|Simulated|Native|Private
NATIVE	AliceGamePawn.SpeakLine	Final|Simulated|Native|HasOptionalParms|Public
NATIVE	AliceGamePawn.StopAllConfigAnim	Native|HasOptionalParms|Public
NATIVE	AliceGamePawn.StopConfigAnim	Native|HasOptionalParms|Public|HasOutParms
NATIVE	AliceGamePawn.VerifyTranslatedRootMotion	Simulated|Native|Public
NATIVE	AliceGameProjectile.CanShieldBlockRadiusDamage	Native|Public|HasOutParms
NATIVE	AliceGameProjectile.GetLineCheckRadiusDamageEffect	Final|Native|Public|HasOutParms
NATIVE	AliceGameProjectile.GetLineCheckRadiusShieldDamageEffect	Native|Public|HasOutParms
NATIVE	AliceGameProjectile.GetRadiusDamageEffect	Final|Native|Public|HasOutParms
NATIVE	AliceGameProjectile.GetRadiusShieldDamageEffect	Native|Public|HasOutParms
NATIVE	AliceGameProjectile.GetTerminalVelocity	Native|Public
NATIVE	AliceGameProjectile.RadiusAttackPawnCollisionCheck	Native|Public
NATIVE	AliceGameProjectile.RunPhysicsSimulationTilEnd	Native|HasOptionalParms|Public
NATIVE	AliceGameProjectile.ShouldTriggerKnockback	Simulated|Native|Public
NATIVE	AliceGameSkeletalMeshActorMAT.MAT_AutoReduceSlotAnimWeight	Native|Public
NATIVE	AliceGameSkeletalMeshActorMAT.MAT_SetAnimPosition	Native|Public
NATIVE	AliceGameSkeletalMeshActorMAT.MAT_SetAnimWeights	Native|Public
NATIVE	AliceGameWeapon.ResetProjectileInitPara	Simulated|Native|Public
NATIVE	AliceGameWeaponBase.AttachWeaponToInstigatorMeshSocket	Final|Native|HasOptionalParms|Public
NATIVE	AliceGameWeaponBase.CanMeleeAttackActor	Simulated|Native|Public
NATIVE	AliceGameWeaponBase.CanPredictMeleeAttackPawn	Simulated|Native|Public
NATIVE	AliceGameWeaponBase.CanRadiusAttackActor	Simulated|Native|Public
NATIVE	AliceGameWeaponBase.GetWeaponMesh	Simulated|Native|Public
NATIVE	AliceGameWeaponBase.MeleeAttackEnviormentCollisionCheck	Simulated|Native|Public
NATIVE	AliceGameWeaponBase.PlayWeaponSlotAnim	Simulated|Native|HasOptionalParms|Public
NATIVE	AliceGameWeaponBase.ScriptPreAttackHit	Final|Native|HasOptionalParms|Public
NATIVE	AliceGameWeaponBase.SendActiveMeleeAttackMessage	Final|Native|Public|HasOutParms
NATIVE	AliceGameWeaponBase.SendDeactiveMeleeAttackMessage	Final|Native|HasOptionalParms|Public
NATIVE	AliceGameWeaponBase.SendKeyPoseMeleeAttackCollisionMessage	Final|Native|HasOptionalParms|Public
NATIVE	AliceGameWeaponBase.ShouldTriggerKnockback	Simulated|Native|Public
NATIVE	AliceGameWeaponBase.StopWeaponSlotAnim	Simulated|Native|Public
NATIVE	AliceGFxFSCmdHandler.FSCommand	Native|Event|Public
NATIVE	AliceGFxMovieGameMenu.PlayMenuSound	Native|Public
NATIVE	AliceHobbyHorseGhost.FlightParaInit	Final|Native|Public
NATIVE	AliceObjectiveManager.RetrieveObjectiveString	Simulated|Native|Public
NATIVE	AliceParticleSystemComponent.SetFOV	Final|Native|Public
NATIVE	AlicePawn.ActivateShieldBlocking	Native|Public
NATIVE	AlicePawn.AliceSetMorphWeight	Simulated|Native|Public
NATIVE	AlicePawn.AttachToEvent	Native|Public
NATIVE	AlicePawn.CalcPositionOnLedge	Native|Public
NATIVE	AlicePawn.CanUnShrinking	Native|Public
NATIVE	AlicePawn.DisableCameraPreset	Simulated|Native|HasOptionalParms|Public|HasOutParms
NATIVE	AlicePawn.DisactiveCameraPreset	Native|Public|HasOutParms
NATIVE	AlicePawn.DisactiveCurCameraPreset	Native|Public
NATIVE	AlicePawn.DoesWonderlandDressPackageExist	Native|Public
NATIVE	AlicePawn.EnableAirControl	Native|Public
NATIVE	AlicePawn.EnableCameraPreset	Simulated|Native|HasOptionalParms|Public|HasOutParms
NATIVE	AlicePawn.EnableTranslateIK	Native|Public
NATIVE	AlicePawn.FarMoveSetLocation	Final|Native|Public
NATIVE	AlicePawn.GetActiveCameraPreset	Native|Public|HasOutParms
NATIVE	AlicePawn.GetActiveCameraPresetNum	Native|Public
NATIVE	AlicePawn.GetContextEvents	Native|Public|HasOutParms
NATIVE	AlicePawn.GetCurAbilityCamera	Native|Public|HasOutParms
NATIVE	AlicePawn.GetCurCameraPreset	Native|Public|HasOutParms
NATIVE	AlicePawn.GetCurrentAttackTargetActor	Native|Public
NATIVE	AlicePawn.GetHobbyHorse	Native|Public
NATIVE	AlicePawn.GetPreviousAbilityCamera	Native|Public|HasOutParms
NATIVE	AlicePawn.GetShieldKnockBackDistScale	Native|Public
NATIVE	AlicePawn.GetShieldKnockBackTimeScale	Native|Public
NATIVE	AlicePawn.GetUserWonderlandDress	Native|Public
NATIVE	AlicePawn.GetVorpalBlade	Native|Public
NATIVE	AlicePawn.IsCurAbilityCamera	Native|Public|HasOutParms
NATIVE	AlicePawn.IsCurCameraPreset	Native|Public|HasOutParms
NATIVE	AlicePawn.IsLoadingWonderlandDressPackage	Native|Public
NATIVE	AlicePawn.IsPreviousAbilityCamera	Native|Public|HasOutParms
NATIVE	AlicePawn.IsShieldBlocking	Native|Public
NATIVE	AlicePawn.LoadWonderlandDressPackage	Native|Public
NATIVE	AlicePawn.MoveMe	Native|Public
NATIVE	AlicePawn.PlayDeathRagdoll	Native|Public
NATIVE	AlicePawn.PrepareEndingOfJumpToAnotherLedge	Native|Public
NATIVE	AlicePawn.PrepareStartingOfJumpToAnotherLedge	Native|Public
NATIVE	AlicePawn.ResetMorphingData	Simulated|Native|Public
NATIVE	AlicePawn.RestorePreviousAbilityCamera	Native|Public
NATIVE	AlicePawn.RevertDeathRagdoll	Native|Public
NATIVE	AlicePawn.SavePreviousAbilityCamera	Native|Public
NATIVE	AlicePawn.SetCollisionWithoutCheck	Native|Public
NATIVE	AlicePawn.SetCurAbilityCamera	Native|Public|HasOutParms
NATIVE	AlicePawn.SetCurAbilityCameraNull	Native|Public
NATIVE	AlicePawn.SetCurCameraPreset	Native|Public|HasOutParms
NATIVE	AlicePawn.SetCurCameraPresetNull	Native|Public
NATIVE	AlicePawn.SetUserWonderlandDress	Native|Public
NATIVE	AlicePawn.StandUpToFloor	Native|Public
NATIVE	AlicePawn.StartAliceMorphing	Native|Public
NATIVE	AlicePawn.StopUpdate	Native|Public
NATIVE	AlicePawn.TriggerEnterHysteriaRadiusDamage	Native|Public
NATIVE	AlicePawn.UpdateAliceDressLoading	Native|Public
NATIVE	AlicePhysicalMaterialProperty.GetPhysMatFromStaticMesh	Native|Static|Public
NATIVE	AlicePlayerCamera.AddPointToCameraTrack	Native|Public
NATIVE	AlicePlayerCamera.BuildCameraTrack	Native|Public
NATIVE	AlicePlayerCamera.CalcViewMatrix	Native|Public
NATIVE	AlicePlayerCamera.CameraPenetrationCheck	Native|HasOptionalParms|Public|HasOutParms
NATIVE	AlicePlayerCamera.ClearCameraTrack	Native|Public
NATIVE	AlicePlayerCamera.GetCameraTrackElapsedTime	Native|Public
NATIVE	AlicePlayerCamera.GetPerspectiveMatrix	Native|Public
NATIVE	AlicePlayerCamera.GetPositionOnCameraTrack	Native|Public|HasOutParms
NATIVE	AlicePlayerCamera.Project	Final|Native|Public
NATIVE	AlicePlayerCamera.ProjectWithMatrix	Native|Public|HasOutParms
NATIVE	AlicePlayerController.AddAvailableDressID	Native|Public
NATIVE	AlicePlayerController.AliceGameUseTextureStreaming	Native|Public
NATIVE	AlicePlayerController.AliceLocErrorMsgBox	Native|Public
NATIVE	AlicePlayerController.BeginRollingMode	Native|Public
NATIVE	AlicePlayerController.CanDoSpecialMove	Final|Native|HasOptionalParms|Public
NATIVE	AlicePlayerController.DLCExitToStore	Native|Public
NATIVE	AlicePlayerController.DLCGetStatus	Native|Static|Public
NATIVE	AlicePlayerController.DLCLoginStatusChange	Native|Public
NATIVE	AlicePlayerController.DLCPurchase	Native|Public
NATIVE	AlicePlayerController.DLCRedeemCode	Native|Public
NATIVE	AlicePlayerController.DLCStartCheckThread	Native|Public
NATIVE	AlicePlayerController.DLCStopCheckThread	Native|Public
NATIVE	AlicePlayerController.DoCrossHairLineCheck	Native|Public
NATIVE	AlicePlayerController.DoesAliceGameSupportSecondController	Native|Public
NATIVE	AlicePlayerController.EnableAllDresses	Native|Public
NATIVE	AlicePlayerController.EndRollingMode	Native|Public
NATIVE	AlicePlayerController.GeneratingBinkVideos	Native|Public
NATIVE	AlicePlayerController.GetAvailableDressID	Native|Public
NATIVE	AlicePlayerController.GetCalloutPlatform	Native|Public
NATIVE	AlicePlayerController.GetGStoryMode	Native|Public
NATIVE	AlicePlayerController.GetJPNSKU	Native|Public
NATIVE	AlicePlayerController.GetPresenceID_Idle	Native|Public
NATIVE	AlicePlayerController.GetPresenceID_Menu	Native|Public
NATIVE	AlicePlayerController.GetPresenceID_Playing	Native|Public
NATIVE	AlicePlayerController.GetUserProfileSettings	Native|Public
NATIVE	AlicePlayerController.GetVolumeGeometryInfo	Native|Public|HasOutParms
NATIVE	AlicePlayerController.interface_LoadConfigData	Native|Public
NATIVE	AlicePlayerController.interface_ResetConfigData	Native|Public
NATIVE	AlicePlayerController.interface_SaveConfigData	Native|Public
NATIVE	AlicePlayerController.IsFrechKeyboard	Native|Public
NATIVE	AlicePlayerController.IsPlayingBinkFile	Native|Public
NATIVE	AlicePlayerController.IsWalkingOnOrientalRock	Native|Public|HasOutParms
NATIVE	AlicePlayerController.KynapseTakeDamager	Native|Public
NATIVE	AlicePlayerController.LoadAllLevels	Native|Public
NATIVE	AlicePlayerController.LoadCheckpoint	Native|Public
NATIVE	AlicePlayerController.MakeOnSMActorEffect	Native|Public
NATIVE	AlicePlayerController.PauseBinkFile	Native|Public
NATIVE	AlicePlayerController.PlayBinkFile	Native|HasOptionalParms|Public
NATIVE	AlicePlayerController.PS3UseCircleToAccept	Native|Public
NATIVE	AlicePlayerController.RestorePreviousRigidBodyVelocity	Native|Public
NATIVE	AlicePlayerController.SetAliceArcheType	Native|Public
NATIVE	AlicePlayerController.SetFloatParticleParam	Native|Public|HasOutParms
NATIVE	AlicePlayerController.SetGStoryMode	Native|Public
NATIVE	AlicePlayerController.SetPCAttackType	Native|Public
NATIVE	AlicePlayerController.SetTargetingModeOption	Native|Public
NATIVE	AlicePlayerController.ShouldShowSkipUI	Native|Public|HasOutParms
NATIVE	AlicePlayerController.StopBinkFile	Native|Public
NATIVE	AlicePlayerController.SwitchAliceArcheType	Native|Public
NATIVE	AlicePlayerController.SwitchAliceArcheTypePointer	Native|Public
NATIVE	AlicePlayerController.TickSonarOffEffect	Native|Public
NATIVE	AlicePlayerController.TickSonarOnEffect	Native|Public
NATIVE	AlicePlayerController.UI_GetBenchMarkFPS	Native|Public|HasOutParms
NATIVE	AlicePlayerController.UI_GetCurrentAspectRatio	Native|Public|HasOutParms
NATIVE	AlicePlayerController.UI_IsGPUVendorNVIDIA	Native|Public
NATIVE	AlicePlayerController.updatePCPlayerProfileData	Native|Public
NATIVE	AlicePointOfInterest.RetrievePOIString	Simulated|Native|Public
NATIVE	AliceProjectile.CanShieldBlockRadiusDamage	Native|Public|HasOutParms
NATIVE	AliceProjectile.GetLineCheckRadiusShieldDamageEffect	Native|Public|HasOutParms
NATIVE	AliceProjectile.GetRadiusShieldDamageEffect	Native|Public|HasOutParms
NATIVE	AliceSkeletalMeshComponent.SetFOV	Final|Native|Public
NATIVE	AliceVopalBladeGhost.FlightParaInit	Final|Native|Public
NATIVE	AliceVopalBladeGhost.GhostDamage	Final|Native|Public
NATIVE	AnimNode_MultiBlendPerBone.SetMaskWeight	Final|Native|Public
NATIVE	AnimNode.FindAnimNode	Final|Native|Public
NATIVE	AnimNode.PlayAnim	Native|HasOptionalParms|Public
NATIVE	AnimNode.ReplayAnim	Native|Public
NATIVE	AnimNode.StopAnim	Native|Public
NATIVE	AnimNodeAimOffset.SetActiveProfileByIndex	Native|Public
NATIVE	AnimNodeAimOffset.SetActiveProfileByName	Native|Public
NATIVE	AnimNodeBlend.SetBlendTarget	Final|Native|Public
NATIVE	AnimNodeBlendBase.PlayAnim	Native|HasOptionalParms|Public
NATIVE	AnimNodeBlendBase.ReplayAnim	Native|Public
NATIVE	AnimNodeBlendBase.StopAnim	Native|Public
NATIVE	AnimNodeBlendList.SetActiveChild	Native|Public
NATIVE	AnimNodeBlendMultiBone.SetTargetStartBone	Final|Native|HasOptionalParms|Public
NATIVE	AnimNodeCrossfader.BlendToLoopingAnim	Final|Native|HasOptionalParms|Public
NATIVE	AnimNodeCrossfader.GetActiveChild	Final|Native|Public
NATIVE	AnimNodeCrossfader.GetAnimName	Final|Native|Public
NATIVE	AnimNodeCrossfader.PlayOneShotAnim	Final|Native|HasOptionalParms|Public
NATIVE	AnimNodePlayCustomAnim.PlayCustomAnim	Final|Native|HasOptionalParms|Public
NATIVE	AnimNodePlayCustomAnim.PlayCustomAnimByDuration	Final|Native|HasOptionalParms|Public
NATIVE	AnimNodePlayCustomAnim.StopCustomAnim	Final|Native|Public
NATIVE	AnimNodeSequence.FindGroupPosition	Native|Public
NATIVE	AnimNodeSequence.FindGroupRelativePosition	Native|Public
NATIVE	AnimNodeSequence.GetAnimPlaybackLength	Native|Public
NATIVE	AnimNodeSequence.GetGlobalPlayRate	Native|Public
NATIVE	AnimNodeSequence.GetGroupRelativePosition	Native|Public
NATIVE	AnimNodeSequence.GetNormalizedPosition	Native|Public
NATIVE	AnimNodeSequence.GetTimeLeft	Native|Public
NATIVE	AnimNodeSequence.PlayAnim	Native|HasOptionalParms|Public
NATIVE	AnimNodeSequence.ReplayAnim	Native|Public
NATIVE	AnimNodeSequence.SetAnim	Native|Public
NATIVE	AnimNodeSequence.SetPosition	Native|Public
NATIVE	AnimNodeSequence.SetRootBoneAxisOption	Final|Native|HasOptionalParms|Public
NATIVE	AnimNodeSequence.SetRootBoneRotationOption	Final|Native|HasOptionalParms|Public
NATIVE	AnimNodeSequence.StopAnim	Native|Public
NATIVE	AnimNodeSequenceBlendByAim.CheckAnimsUpToDate	Final|Native|Public
NATIVE	AnimNodeSlot.AddToSynchGroup	Final|Native|Public
NATIVE	AnimNodeSlot.GetCustomAnimNodeSeq	Final|Native|Public
NATIVE	AnimNodeSlot.GetPlayedAnimation	Final|Native|Public
NATIVE	AnimNodeSlot.PlayCustomAnim	Final|Native|HasOptionalParms|Public
NATIVE	AnimNodeSlot.PlayCustomAnimByDuration	Final|Native|HasOptionalParms|Public
NATIVE	AnimNodeSlot.SetActorAnimEndNotification	Final|Native|Public
NATIVE	AnimNodeSlot.SetCustomAnim	Final|Native|Public
NATIVE	AnimNodeSlot.SetRootBoneAxisOption	Final|Native|HasOptionalParms|Public
NATIVE	AnimNodeSlot.SetRootBoneRotationOption	Final|Native|HasOptionalParms|Public
NATIVE	AnimNodeSlot.StopCustomAnim	Final|Native|Public
NATIVE	AnimNodeSynch.AddNodeToGroup	Final|Native|Public
NATIVE	AnimNodeSynch.ForceRelativePosition	Final|Native|Public
NATIVE	AnimNodeSynch.GetMasterNodeOfGroup	Final|Native|Public
NATIVE	AnimNodeSynch.GetRelativePosition	Final|Native|Public
NATIVE	AnimNodeSynch.RemoveNodeFromGroup	Final|Native|Public
NATIVE	AnimNodeSynch.SetGroupRateScale	Final|Native|Public
NATIVE	AnimNotify_Trails.GetNumSteps	Native|Public
NATIVE	AnimSequence.GetNotifyTime	Native|Public
NATIVE	AnimSequence.GetNotifyTimeByClass	Native|HasOptionalParms|Public
NATIVE	AnimTree.FindMorphNode	Final|Native|Public
NATIVE	AnimTree.FindSkelControl	Final|Native|Public
NATIVE	AnimTree.ForceGroupRelativePosition	Final|Native|Public
NATIVE	AnimTree.GetGroupIndex	Final|Native|Public
NATIVE	AnimTree.GetGroupNotifyMaster	Final|Native|Public
NATIVE	AnimTree.GetGroupRateScale	Final|Native|Public
NATIVE	AnimTree.GetGroupRelativePosition	Final|Native|Public
NATIVE	AnimTree.GetGroupSynchMaster	Final|Native|Public
NATIVE	AnimTree.SetAnimGroupForNode	Final|Native|HasOptionalParms|Public
NATIVE	AnimTree.SetGroupRateScale	Final|Native|Public
NATIVE	AnimTree.SetUseSavedPose	Final|Native|Public
NATIVE	ApexDestructibleActor.CacheFractureEffects	Native|Public
NATIVE	ApexDestructibleActor.TakeDamage	Simulated|Native|HasOptionalParms|Public
NATIVE	ApexDestructibleActor.TakeRadiusDamage	Simulated|Native|HasOptionalParms|Public
NATIVE	ASM_Brake.CalculateStateOfLegs	Native|Public
NATIVE	ASM_GrabLedge_DropToLedge.SetCurrentLedgeVolume	Final|Native|Public
NATIVE	ASM_GrabLedge_SwitchToAnotherLedge.GetRotParameters	Native|Public
NATIVE	ASM_GrabLedge_SwitchToAnotherLedge.SetCurrentLedgeVolume	Final|Native|Public
NATIVE	AttackActorInfo.CanActorAttackBeRegistIn	Native|Public
NATIVE	AttackActorInfo.CanActorAttackBeRegistToOther	Native|Public
NATIVE	AttackActorInfo.RegistActorAttack	Native|HasOptionalParms|Public
NATIVE	AttackActorInfo.Reset	Native|Public
NATIVE	AudioComponent.AdjustVolume	Final|Native|Public
NATIVE	AudioComponent.FadeIn	Final|Native|Public
NATIVE	AudioComponent.FadeOut	Final|Native|Public
NATIVE	AudioComponent.IsPlaying	Final|Native|Public
NATIVE	AudioComponent.Play	Final|Native|Public
NATIVE	AudioComponent.ResetToDefaults	Final|Native|Public
NATIVE	AudioComponent.SetFloatParameter	Final|Native|Public
NATIVE	AudioComponent.SetWaveParameter	Final|Native|Public
NATIVE	AudioComponent.Stop	Final|Native|Public
NATIVE	AudioDevice.SetSoundMode	Final|Native|Public
NATIVE	AutoTestManager.AddSentinelPerTimePeriodStats	Native|Public
NATIVE	AutoTestManager.BeginSentinelRun	Native|Public
NATIVE	AutoTestManager.DoSentinel_MemoryAtSpecificLocation	Native|Public
NATIVE	AutoTestManager.DoSentinel_PerfAtSpecificLocation	Native|Public|HasOutParms
NATIVE	AutoTestManager.DoSentinel_ViewDependentMemoryAtSpecificLocation	Native|Public|HasOutParms
NATIVE	AutoTestManager.DoSentinelActionPerLoadedMap	Native|Public
NATIVE	AutoTestManager.EndSentinelRun	Native|Public
NATIVE	AutoTestManager.GetTravelLocations	Native|Public|HasOutParms
NATIVE	AutoTestManager.HandlePerLoadedMapAudioStats	Native|Public
NATIVE	Camera.ApplyCameraModifiers	Native|Public|HasOutParms
NATIVE	Camera.CheckViewTarget	Native|Public|HasOutParms
NATIVE	Camera.PlayCameraAnim	Simulated|Native|HasOptionalParms|Public
NATIVE	Camera.SetViewTarget	Final|Native|HasOptionalParms|Public
NATIVE	Camera.StopAllCameraAnims	Simulated|Native|HasOptionalParms|Public
NATIVE	Camera.StopAllCameraAnimsByType	Simulated|Native|HasOptionalParms|Public
NATIVE	Camera.StopCameraAnim	Simulated|Native|HasOptionalParms|Public
NATIVE	CameraAnimInst.AdvanceAnim	Final|Native|Public
NATIVE	CameraAnimInst.ApplyTransientScaling	Final|Native|Public
NATIVE	CameraAnimInst.Play	Final|Native|HasOptionalParms|Public
NATIVE	CameraAnimInst.SetPlaySpace	Final|Native|HasOptionalParms|Public
NATIVE	CameraAnimInst.Stop	Final|Native|HasOptionalParms|Public
NATIVE	CameraAnimInst.Update	Final|Native|HasOptionalParms|Public
NATIVE	CameraModifier_CameraShake.ModifyCamera	Native|Public|HasOutParms
NATIVE	CameraModifier_CameraShake.UpdateCameraShake	Native|Public|HasOutParms
NATIVE	CameraModifier.IsDisabled	Native|Public
NATIVE	CameraModifier.ModifyCamera	Native|Public|HasOutParms
NATIVE	CameraModifier.UpdateAlpha	Native|Public
NATIVE	Canvas.DeProject	Final|Native|Public|HasOutParms
NATIVE	Canvas.Draw2DLine	Final|Native|Public
NATIVE	Canvas.DrawMaterialTile	Final|Native|HasOptionalParms|Public
NATIVE	Canvas.DrawRotatedMaterialTile	Final|Native|HasOptionalParms|Public
NATIVE	Canvas.DrawRotatedTile	Final|Native|HasOptionalParms|Public
NATIVE	Canvas.DrawText	Final|Native|HasOptionalParms|Public|HasOutParms
NATIVE	Canvas.DrawTextureDoubleLine	Final|Native|Public
NATIVE	Canvas.DrawTextureLine	Final|Native|Public
NATIVE	Canvas.DrawTile	Final|Native|HasOptionalParms|Public
NATIVE	Canvas.DrawTileStretched	Final|Native|HasOptionalParms|Public
NATIVE	Canvas.GetPerspectiveMatrix	Final|Native|Public
NATIVE	Canvas.GetProjectionMatrix	Final|Native|Public
NATIVE	Canvas.GetViewMatrix	Final|Native|Public
NATIVE	Canvas.PopTransform	Final|Native|Public
NATIVE	Canvas.Project	Final|Native|Public
NATIVE	Canvas.PushTranslationMatrix	Final|Native|Public
NATIVE	Canvas.SetDrawColor	Final|Native|HasOptionalParms|Public
NATIVE	Canvas.SetPos	Final|Native|HasOptionalParms|Public
NATIVE	Canvas.StrLen	Final|Native|Public|HasOutParms
NATIVE	Canvas.TextSize	Final|Native|Public|HasOutParms
NATIVE	CheatManager.LogParticleActivateSystemCalls	Exec|Native|Public
NATIVE	CheatManager.LogPlaySoundCalls	Exec|Native|Public
NATIVE	CheatManager.VerifyNavMeshObjects	Exec|Native|Public
NATIVE	CheckPointManager.GetLastLoadedChapter	Native|Public
NATIVE	CheckPointManager.LoadChapter	Native|Public
NATIVE	ClothComponent.DeleteSimulator	Native|Public
NATIVE	ClothComponent.Reset	Native|Public
NATIVE	ClothComponent.SetClothSpec	Native|Public
NATIVE	Commandlet.Main	Native|Event|Public
NATIVE	Console.BuildRuntimeAutoCompleteList	Final|Native|HasOptionalParms|Public
NATIVE	Console.UpdateCompleteIndices	Native|Public
NATIVE	ContextActor.MAT_BeginAnimControl	Native|Public
NATIVE	ContextActor.MAT_FinishAnimControl	Native|Public
NATIVE	ContextActor.TransformParticleOffset	Native|Public
NATIVE	ContextActor.UpdateAnimSetList	Simulated|Native|Public
NATIVE	Controller.ActorReachable	Final|Native|Public
NATIVE	Controller.BeyondFogDistance	Final|Native|Public
NATIVE	Controller.CanSee	Final|Native|Public
NATIVE	Controller.CanSeeByPoints	Final|Native|Public
NATIVE	Controller.EndClimbLadder	Native|Public
NATIVE	Controller.FindPathTo	Final|Native|HasOptionalParms|Public
NATIVE	Controller.FindPathToIntercept	Final|Native|HasOptionalParms|Public
NATIVE	Controller.FindPathToward	Final|Native|HasOptionalParms|Public
NATIVE	Controller.FindPathTowardNearest	Final|Native|HasOptionalParms|Public
NATIVE	Controller.FindRandomDest	Final|Native|Public
NATIVE	Controller.FinishRotation	Final|Latent|Native|Public
NATIVE	Controller.GetAdjustLocation	Final|Native|Public
NATIVE	Controller.GetDestinationPosition	Final|Native|Public
NATIVE	Controller.GetFocalPoint	Final|Native|Public
NATIVE	Controller.GetTeamNum	Simulated|Native|Public
NATIVE	Controller.InLatentExecution	Final|Native|Public
NATIVE	Controller.IsLocalPlayerController	Native|Public
NATIVE	Controller.LineOfSightTo	Final|Native|HasOptionalParms|Public
NATIVE	Controller.MoveTo	Final|Latent|Native|HasOptionalParms|Public
NATIVE	Controller.MoveToDirectNonPathPos	Final|Latent|Native|HasOptionalParms|Public
NATIVE	Controller.MoveToward	Final|Latent|Native|HasOptionalParms|Public
NATIVE	Controller.PickTarget	Final|Native|Public|HasOutParms
NATIVE	Controller.PickWallAdjust	Final|Native|Public
NATIVE	Controller.PointReachable	Final|Native|Public
NATIVE	Controller.RouteCache_AddItem	Native|Public
NATIVE	Controller.RouteCache_Empty	Native|Public
NATIVE	Controller.RouteCache_InsertItem	Native|HasOptionalParms|Public
NATIVE	Controller.RouteCache_RemoveIndex	Native|HasOptionalParms|Public
NATIVE	Controller.RouteCache_RemoveItem	Native|Public
NATIVE	Controller.SetAdjustLocation	Final|Native|HasOptionalParms|Public
NATIVE	Controller.SetDestinationPosition	Final|Native|HasOptionalParms|Public
NATIVE	Controller.SetFocalPoint	Final|Native|HasOptionalParms|Public
NATIVE	Controller.StopLatentExecution	Final|Native|Public
NATIVE	Controller.WaitForLanding	Final|Latent|Native|HasOptionalParms|Public
NATIVE	CoverGroup.DisableGroup	Native|Public
NATIVE	CoverGroup.EnableGroup	Native|Public
NATIVE	CoverGroup.ToggleGroup	Native|Public
NATIVE	CoverLink.AddCoverSlot	Final|Native|HasOptionalParms|Public
NATIVE	CoverLink.AutoAdjustSlot	Final|Native|Public
NATIVE	CoverLink.FindSlots	Final|Simulated|Native|Public|HasOutParms
NATIVE	CoverLink.GetFireLinkTo	Native|Public|HasOutParms
NATIVE	CoverLink.GetLocationDescription	Final|Simulated|Native|Public
NATIVE	CoverLink.GetSlotActions	Final|Native|Public|HasOutParms
NATIVE	CoverLink.GetSlotIdxToLeft	Final|Simulated|Native|HasOptionalParms|Public
NATIVE	CoverLink.GetSlotIdxToRight	Final|Simulated|Native|HasOptionalParms|Public
NATIVE	CoverLink.GetSlotLocation	Final|Simulated|Native|HasOptionalParms|Public
NATIVE	CoverLink.GetSlotMarker	Final|Simulated|Native|Public
NATIVE	CoverLink.GetSlotRotation	Final|Simulated|Native|HasOptionalParms|Public
NATIVE	CoverLink.GetSlotViewPoint	Final|Simulated|Native|HasOptionalParms|Public
NATIVE	CoverLink.HasFireLinkTo	Native|HasOptionalParms|Public
NATIVE	CoverLink.IsEdgeSlot	Final|Simulated|Native|HasOptionalParms|Public
NATIVE	CoverLink.IsEnabled	Final|Native|Public
NATIVE	CoverLink.IsExposedTo	Final|Simulated|Native|Public|HasOutParms
NATIVE	CoverLink.IsLeftEdgeSlot	Final|Simulated|Native|Public
NATIVE	CoverLink.IsRightEdgeSlot	Final|Simulated|Native|Public
NATIVE	CoverLink.IsValidClaim	Final|Native|HasOptionalParms|Public
NATIVE	CoverSlotMarker.GetSlotLocation	Simulated|Native|Public
NATIVE	CoverSlotMarker.GetSlotRotation	Simulated|Native|Public
NATIVE	CoverSlotMarker.IsValidClaim	Final|Native|HasOptionalParms|Public
NATIVE	CoverSlotMarker.SetSlotEnabled	Simulated|Native|Public
NATIVE	CylinderComponent.SetCylinderSize	Final|Native|Public
NATIVE	DataStoreClient.CreateDataStore	Final|Native|Public
NATIVE	DataStoreClient.FindDataStore	Final|Native|HasOptionalParms|Public
NATIVE	DataStoreClient.FindPlayerDataStoreIndex	Final|Native|Public
NATIVE	DataStoreClient.GetAvailableDataStores	Final|Native|Public|HasOutParms
NATIVE	DataStoreClient.RegisterDataStore	Final|Native|HasOptionalParms|Public
NATIVE	DataStoreClient.UnregisterDataStore	Final|Native|Public
NATIVE	DebugCameraController.ConsoleCommand	Native|HasOptionalParms|Public
NATIVE	DebugCameraController.PrimarySelect	Native|Public
NATIVE	DebugCameraController.SecondarySelect	Native|Public
NATIVE	DebugCameraController.Unselect	Native|Public
NATIVE	DecalComponent.GetDecalMaterial	Final|Native|Public
NATIVE	DecalComponent.ResetToDefaults	Final|Native|Public
NATIVE	DecalComponent.SetDecalMaterial	Final|Native|Public
NATIVE	DecalManager.AreDynamicDecalsEnabled	Final|Native|Static|Public
NATIVE	DistributionFloat.GetFloatValue	Native|HasOptionalParms|Public
NATIVE	DistributionVector.GetVectorValue	Native|HasOptionalParms|Public
NATIVE	DroppedPickup.AddToNavigation	Final|Native|Public
NATIVE	DroppedPickup.RemoveFromNavigation	Final|Native|Public
NATIVE	DynamicPylon.FlushDynamicEdges	Native|Public
NATIVE	DynamicPylon.RebuildDynamicEdges	Native|Public
NATIVE	Emitter.SetTemplate	Native|Event|HasOptionalParms|Public
NATIVE	EmitterCameraLensEffectBase.UpdateLocation	Simulated|Native|Public|HasOutParms
NATIVE	EmitterPool.ClearPoolComponents	Final|Native|Public
NATIVE	EmitterPool.FreeMaterialInstanceConstants	Final|Native|Protected
NATIVE	EmitterPool.FreeStaticMeshComponents	Final|Native|Protected
NATIVE	EmitterPool.GetFreeMatInstConsts	Final|Native|HasOptionalParms|Protected
NATIVE	EmitterPool.GetFreeStaticMeshComponent	Final|Native|HasOptionalParms|Protected
NATIVE	EmitterPool.GetPooledComponent	Final|Native|Protected
NATIVE	EmitterPool.ReturnToPool	Final|Native|Protected
NATIVE	Engine.AddNewPlayerToPlayerProfileList	Final|Native|HasOptionalParms|Public
NATIVE	Engine.AddOverlay	Final|Native|Static|Public
NATIVE	Engine.AddOverlayWrapped	Final|Native|Static|Public
NATIVE	Engine.DeleteFromPlayerProfileList	Final|Native|Public
NATIVE	Engine.GetAdditionalFont	Final|Native|Static|Public
NATIVE	Engine.GetAudioDevice	Final|Native|Static|Public
NATIVE	Engine.GetBuildDate	Final|Native|Static|Public
NATIVE	Engine.GetCurrentPlayDataIndex	Final|Native|Public
NATIVE	Engine.GetCurrentWorldInfo	Final|Native|Static|Public
NATIVE	Engine.GetLargeFont	Final|Native|Static|Public
NATIVE	Engine.GetLastMovieName	Final|Native|Static|Public
NATIVE	Engine.GetLoadingTextFont	Final|Native|Static|Public
NATIVE	Engine.GetMediumFont	Final|Native|Static|Public
NATIVE	Engine.GetPhysXLevel	Final|Native|Static|Public
NATIVE	Engine.GetPlayerListParentFolder	Final|Native|Public|HasOutParms
NATIVE	Engine.GetPlayerProfileList	Final|Native|Public|HasOutParms
NATIVE	Engine.GetSmallFont	Final|Native|Static|Public
NATIVE	Engine.GetSubtitleFont	Final|Native|Static|Public
NATIVE	Engine.GetTinyFont	Final|Native|Static|Public
NATIVE	Engine.IsEditor	Final|Native|Static|Public
NATIVE	Engine.IsGame	Final|Native|Static|Public
NATIVE	Engine.IsSplitScreen	Final|Native|Static|Public
NATIVE	Engine.LoadPlayerList	Final|Native|Public
NATIVE	Engine.PlayLoadMapMovie	Final|Native|Static|HasOptionalParms|Public
NATIVE	Engine.RemoveAllOverlays	Final|Native|Static|Public
NATIVE	Engine.SavePlayerList	Final|Native|Public
NATIVE	Engine.SetCurrentPlayDataIndex	Final|Native|Public
NATIVE	Engine.StopMovie	Final|Native|Static|Public
NATIVE	EnvironmentVolume.SetSplitNavMesh	Final|Native|Public
NATIVE	EyeStaff.ResetProjectileInitPara	Simulated|Native|Public
NATIVE	FaceFXAsset.MountFaceFXAnimSet	Final|Native|Public
NATIVE	FaceFXAsset.UnmountFaceFXAnimSet	Final|Native|Public
NATIVE	FileWriter.CloseFile	Final|Native|Public
NATIVE	FileWriter.Logf	Final|Native|Public
NATIVE	FileWriter.OpenFile	Final|Native|HasOptionalParms|Public
NATIVE	FluidSurfaceComponent.ApplyForce	Final|Native|HasOptionalParms|Public
NATIVE	FluidSurfaceComponent.SetDetailPosition	Final|Native|Public
NATIVE	FluidSurfaceComponent.SetSimulationPosition	Final|Native|Public
NATIVE	FogVolumeDensityComponent.SetEnabled	Final|Native|Public
NATIVE	Font.GetAuthoredViewportHeight	Final|Native|Public
NATIVE	Font.GetMaxCharHeight	Native|Public
NATIVE	Font.GetResolutionPageIndex	Native|Public
NATIVE	Font.GetScalingFactor	Native|Public
NATIVE	FracturedBaseComponent.GetNumFragments	Native|Public
NATIVE	FracturedBaseComponent.GetNumVisibleFragments	Native|Public
NATIVE	FracturedBaseComponent.GetVisibleFragments	Simulated|Native|Public
NATIVE	FracturedBaseComponent.IsFragmentVisible	Simulated|Native|Public
NATIVE	FracturedBaseComponent.SetStaticMesh	Simulated|Native|HasOptionalParms|Public
NATIVE	FracturedStaticMeshActor.BreakOffIsolatedIslands	Simulated|Native|Event|Public|HasOutParms
NATIVE	FracturedStaticMeshActor.BreakOffPartsInRadius	Simulated|Native|Event|Public
NATIVE	FracturedStaticMeshActor.RemoveDecals	Final|Simulated|Native|Protected
NATIVE	FracturedStaticMeshActor.ResetHealth	Final|Simulated|Native|Public
NATIVE	FracturedStaticMeshActor.ResetVisibility	Simulated|Native|Event|Public
NATIVE	FracturedStaticMeshActor.SpawnDeferredParts	Simulated|Native|Event|Public
NATIVE	FracturedStaticMeshActor.SpawnPart	Final|Simulated|Native|Public
NATIVE	FracturedStaticMeshActor.SpawnPartMulti	Final|Simulated|Native|Public
NATIVE	FracturedStaticMeshComponent.GetBoundaryHiddenFragments	Final|Native|Public
NATIVE	FracturedStaticMeshComponent.GetCoreFragmentIndex	Final|Native|Public
NATIVE	FracturedStaticMeshComponent.GetFracturedMeshPhysMaterial	Final|Native|Public
NATIVE	FracturedStaticMeshComponent.GetFragmentAverageExteriorNormal	Final|Native|Public
NATIVE	FracturedStaticMeshComponent.GetFragmentBox	Final|Native|Public
NATIVE	FracturedStaticMeshComponent.GetFragmentGroups	Final|Native|Public
NATIVE	FracturedStaticMeshComponent.IsFragmentDestroyable	Final|Native|Public
NATIVE	FracturedStaticMeshComponent.IsNoPhysFragment	Final|Native|Public
NATIVE	FracturedStaticMeshComponent.IsRootFragment	Final|Native|Public
NATIVE	FracturedStaticMeshComponent.RecreatePhysState	Final|Native|Public
NATIVE	FracturedStaticMeshComponent.SetVisibleFragments	Final|Native|Public
NATIVE	FracturedStaticMeshPart.Initialize	Simulated|Native|Public
NATIVE	FracturedStaticMeshPart.RecyclePart	Simulated|Native|Public
NATIVE	FractureManager.CreateFSMParts	Native|Public
NATIVE	FractureManager.GetFSMDirectSpawnChanceScale	Native|Public
NATIVE	FractureManager.GetFSMFractureCullDistanceScale	Native|Public
NATIVE	FractureManager.GetFSMPart	Native|Public
NATIVE	FractureManager.GetFSMRadialSpawnChanceScale	Native|Public
NATIVE	FractureManager.GetNumFSMPartsScale	Native|Public
NATIVE	FractureManager.ResetPoolVisibility	Simulated|Native|Public
NATIVE	GameAICommand.ShouldIgnoreNotifies	Final|Native|Public
NATIVE	GameAIController.AbortCommand	Final|Native|HasOptionalParms|Public
NATIVE	GameAIController.CheckCommandCount	Final|Native|Public
NATIVE	GameAIController.DumpCommandStack	Final|Native|Public
NATIVE	GameAIController.FindCommandOfClass	Final|Native|Public
NATIVE	GameAIController.GetActiveCommand	Final|Native|Public
NATIVE	GameAIController.GetAICommandInStack	Native|Public
NATIVE	GameAIController.PopCommand	Final|Native|Public
NATIVE	GameAIController.PushCommand	Final|Native|Public
NATIVE	GameBreakableActor.GetOffsetToWorld	Native|Public
NATIVE	GameBreakableActor.GetTargetLocation	Simulated|Native|HasOptionalParms|Public
NATIVE	GameBreakableActor.GetTargetRotation	Simulated|Native|HasOptionalParms|Public
NATIVE	GameBreakableActor.IsValidDamageType	Native|Public
NATIVE	GameBreakableActor.RemoveDecals	Native|Public
NATIVE	GameBreakableActor.SetParticlesLighting	Native|Public
NATIVE	GameCrowdAgent.IsIdle	Native|Public
NATIVE	GameCrowdAgent.IsPanicked	Native|Public
NATIVE	GameCrowdAgent.NativePostRenderFor	Simulated|Native|Public
NATIVE	GameCrowdAgent.PlayDeath	Native|Public
NATIVE	GameCrowdAgent.SetCurrentBehavior	Final|Native|Public
NATIVE	GameCrowdAgentBehavior.HandleMovement	Native|Public
NATIVE	GameCrowdAgentBehavior.ShouldEndIdle	Native|Public
NATIVE	GameCrowdAgentBehavior.Tick	Native|Public
NATIVE	GameCrowdAgentSkeletal.PlayDeath	Native|Public
NATIVE	GameCrowdAgentSkeletal.SetRootMotion	Native|Public
NATIVE	GameCrowdBehavior_PlayAnimation.SetSequenceOutput	Native|Public
NATIVE	GameCrowdBehavior_Surrounder.HandleMovement	Native|Public
NATIVE	GameCrowdBehavior_Surrounder.ShouldEndIdle	Native|Public
NATIVE	GameCrowdBehavior_Surrounder.Tick	Native|Public
NATIVE	GameCrowdBehavior_WaitForGroup.ShouldEndIdle	Native|Public
NATIVE	GameCrowdBehavior_WaitInQueue.HandleMovement	Native|Public
NATIVE	GameCrowdBehavior_WaitInQueue.ShouldEndIdle	Native|Public
NATIVE	GameCrowdDestination.ReachedByAgent	Simulated|Native|Public
NATIVE	GameCrowdDestinationQueuePoint.QueueReachedBy	Native|Public
NATIVE	GameDecalManager.IsTooCloseToActiveDecal	Final|Native|Public|HasOutParms
NATIVE	GameEffectSpeedController.InQueueSpeedControlPara	Native|Public
NATIVE	GameEffectSpeedController.QueueReset	Native|Public
NATIVE	GameEngine.CreateNamedNetDriver	Final|Native|Public
NATIVE	GameEngine.DestroyNamedNetDriver	Final|Native|Public
NATIVE	GameEngine.GetOnlineSubsystem	Final|Native|Static|Public
NATIVE	GameInfo.DoNavFearCostFallOff	Final|Native|Public
NATIVE	GameInfo.EnableStandbyCheatDetection	Native|Public
NATIVE	GameInfo.ForceClearUnpauseDelegates	Final|Native|Public
NATIVE	GameInfo.GetGameEngine	Final|Native|Public
NATIVE	GameInfo.GetMapCommonPackageName	Native|Public|HasOutParms
NATIVE	GameInfo.GetNetworkNumber	Native|Public
NATIVE	GameInfo.GetNextPlayerID	Final|Native|Public
NATIVE	GameInfo.GetSupportedGameTypes	Native|HasOptionalParms|Public|HasOutParms
NATIVE	GameInfo.PauseAllNpcTick	Native|Public
NATIVE	GameInfo.ResumeAllNpcTick	Native|Public
NATIVE	GameInfo.SwapPlayerControllers	Final|Native|Public
NATIVE	GamePawn.StopAllConfigAnim	Native|HasOptionalParms|Public
NATIVE	GamePlayerCamera.AdjustFOVForViewport	Final|Native|Protected
NATIVE	GamePlayerCamera.CacheLastTargetBaseInfo	Native|Protected
NATIVE	GamePlayerController.ClientPlayMovie	Final|Net|NetReliable|Simulated|Native|Event|HasOptionalParms|Public|NetClient
NATIVE	GamePlayerController.ClientStopMovie	Final|Net|NetReliable|Simulated|Native|Event|Public|NetClient
NATIVE	GamePlayerController.GetCurrentMovie	Final|Native|Public|HasOutParms
NATIVE	GamePlayerController.GetUIPlayerIndex	Native|Public
NATIVE	GamePlayerController.KeepPlayingLoadingMovie	Final|Native|Static|Public
NATIVE	GamePlayerController.ShowLoadingMovie	Final|Native|Static|HasOptionalParms|Public
NATIVE	GameplayEventsReader.CloseStatsFile	Native|Public
NATIVE	GameplayEventsReader.GetPlatform	Native|Public
NATIVE	GameplayEventsReader.GetSessionDuration	Native|Public
NATIVE	GameplayEventsReader.GetSessionEnd	Native|Public
NATIVE	GameplayEventsReader.GetSessionID	Native|Public
NATIVE	GameplayEventsReader.GetSessionStart	Native|Public
NATIVE	GameplayEventsReader.GetSessionTimestamp	Native|Public
NATIVE	GameplayEventsReader.GetTitleID	Native|Public
NATIVE	GameplayEventsReader.OpenStatsFile	Native|Public
NATIVE	GameplayEventsReader.ProcessStream	Native|Public
NATIVE	GameplayEventsReader.SerializeHeader	Native|Protected
NATIVE	GameplayEventsWriter.CloseStatsFile	Native|Public
NATIVE	GameplayEventsWriter.EndLogging	Native|Public
NATIVE	GameplayEventsWriter.GetGenericParamListEntry	Native|Public
NATIVE	GameplayEventsWriter.LogAllPlayerPositionsEvent	Native|Public
NATIVE	GameplayEventsWriter.LogDamageEvent	Native|Public
NATIVE	GameplayEventsWriter.LogGameIntEvent	Native|Public
NATIVE	GameplayEventsWriter.LogGameStringEvent	Native|Public
NATIVE	GameplayEventsWriter.LogPlayerFloatEvent	Native|Public
NATIVE	GameplayEventsWriter.LogPlayerIntEvent	Native|Public
NATIVE	GameplayEventsWriter.LogPlayerKillDeath	Native|Public
NATIVE	GameplayEventsWriter.LogPlayerLoginChange	Native|Public
NATIVE	GameplayEventsWriter.LogPlayerPlayerEvent	Native|Public
NATIVE	GameplayEventsWriter.LogPlayerSpawnEvent	Native|Public
NATIVE	GameplayEventsWriter.LogPlayerStringEvent	Native|Public
NATIVE	GameplayEventsWriter.LogProjectileIntEvent	Native|Public
NATIVE	GameplayEventsWriter.LogSystemPollEvents	Native|Public
NATIVE	GameplayEventsWriter.LogTeamIntEvent	Native|Public
NATIVE	GameplayEventsWriter.LogWeaponIntEvent	Native|Public
NATIVE	GameplayEventsWriter.OpenStatsFile	Native|Public
NATIVE	GameplayEventsWriter.ResolvePlayerIndex	Native|Public
NATIVE	GameplayEventsWriter.SerializeFooter	Native|Protected
NATIVE	GameplayEventsWriter.SerializeHeader	Native|Protected
NATIVE	GameplayEventsWriter.StartLogging	Native|HasOptionalParms|Public
NATIVE	GameReplicationInfo.OnSameTeam	Simulated|Native|Public
NATIVE	GameSpecialMove.ForcePawnRotation	Final|Native|Public
NATIVE	GameSpecialMove.RelativeToWorldOffset	Final|Native|Public
NATIVE	GameSpecialMove.ResetFacePreciseRotation	Final|Native|Public
NATIVE	GameSpecialMove.SetFacePreciseRotation	Final|Native|Public
NATIVE	GameSpecialMove.SetReachPreciseDestination	Final|Native|HasOptionalParms|Public
NATIVE	GameSpecialMove.WorldToRelativeOffset	Final|Native|Public
NATIVE	GameThirdPersonCamera.EndTurn	Native|Public
NATIVE	GameThirdPersonCamera.PlayerUpdateCamera	Native|Protected|HasOutParms
NATIVE	GameThirdPersonCameraMode.SetViewOffset	Final|Native|Public|HasOutParms
NATIVE	GameUISceneClient.AllActiveScenes	Final|Iterator|Native|HasOptionalParms|Public|HasOutParms
NATIVE	GameUISceneClient.CanUnpauseInternalUI	Final|Native|Public
NATIVE	GameUISceneClient.CreateScene	Final|Native|HasOptionalParms|Public
NATIVE	GameUISceneClient.CreateTransientWidget	Final|Native|HasOptionalParms|Public
NATIVE	GameUISceneClient.FindSceneByTag	Final|Native|HasOptionalParms|Public
NATIVE	GameUISceneClient.FindSceneIndex	Final|Native|Public
NATIVE	GameUISceneClient.FindSceneIndexByTag	Final|Native|HasOptionalParms|Public
NATIVE	GameUISceneClient.FindUIAnimation	Final|Native|Public
NATIVE	GameUISceneClient.GetActiveScene	Final|Native|HasOptionalParms|Public
NATIVE	GameUISceneClient.GetActiveSceneCount	Final|Native|HasOptionalParms|Public
NATIVE	GameUISceneClient.GetCurrentNetMode	Final|Native|Static|Public
NATIVE	GameUISceneClient.GetNextScene	Final|Native|HasOptionalParms|Public
NATIVE	GameUISceneClient.GetNextSceneFromIndex	Final|Native|HasOptionalParms|Public
NATIVE	GameUISceneClient.GetPreviousInputProcessingScene	Final|Native|HasOptionalParms|Public
NATIVE	GameUISceneClient.GetPreviousScene	Final|Native|HasOptionalParms|Public
NATIVE	GameUISceneClient.GetPreviousSceneFromIndex	Final|Native|HasOptionalParms|Public
NATIVE	GameUISceneClient.GetSceneAtIndex	Final|Native|Public
NATIVE	GameUISceneClient.GetTransientScene	Final|Native|Public
NATIVE	GameUISceneClient.RequestCursorRenderUpdate	Final|Native|Public
NATIVE	GameUISceneClient.RequestInputProcessingUpdate	Final|Native|Public
NATIVE	GameUISceneClient.SetActiveControl	Native|Public
NATIVE	GameViewportClient.ConsoleCommand	Native|Public
NATIVE	GameViewportClient.GetViewportSize	Final|Native|Public|HasOutParms
NATIVE	GameViewportClient.IsFullScreenViewport	Final|Native|Public
NATIVE	GameViewportClient.ShouldForceFullscreenViewport	Final|Native|Public
NATIVE	GenericParamListStatEntry.AddFloat	Native|Public
NATIVE	GenericParamListStatEntry.AddInt	Native|Public
NATIVE	GenericParamListStatEntry.AddString	Native|Public
NATIVE	GenericParamListStatEntry.AddVector	Native|Public
NATIVE	GenericParamListStatEntry.CommitToDisk	Native|Public
NATIVE	GenericParamListStatEntry.GetFloat	Native|Public|HasOutParms
NATIVE	GenericParamListStatEntry.GetInt	Native|Public|HasOutParms
NATIVE	GenericParamListStatEntry.GetString	Native|Public|HasOutParms
NATIVE	GenericParamListStatEntry.GetVector	Native|Public|HasOutParms
NATIVE	GFxDataStoreSubscriber.ClearBoundDataStores	Final|Native|Public
NATIVE	GFxDataStoreSubscriber.GetBoundDataStores	Final|Native|Public|HasOutParms
NATIVE	GFxDataStoreSubscriber.GetDataStoreBinding	Final|Native|HasOptionalParms|Public
NATIVE	GFxDataStoreSubscriber.NotifyDataStoreValueUpdated	Final|Native|Public
NATIVE	GFxDataStoreSubscriber.PublishValues	Final|Native|Public
NATIVE	GFxDataStoreSubscriber.RefreshSubscriberValue	Final|Native|HasOptionalParms|Public
NATIVE	GFxDataStoreSubscriber.SaveSubscriberValue	Native|HasOptionalParms|Public|HasOutParms
NATIVE	GFxDataStoreSubscriber.SetDataStoreBinding	Final|Native|HasOptionalParms|Public
NATIVE	GFxFSCmdHandler_Kismet.FSCommand	Native|Event|Public
NATIVE	GFxInteraction.GetFocusMovie	Native|Public
NATIVE	GFxInteraction.NotifyGameSessionEnded	Native|Public
NATIVE	GFxInteraction.SetFocusMovie	Native|Public
NATIVE	GFxMovie.ActionScriptFloat	Final|Native|Protected
NATIVE	GFxMovie.ActionScriptInt	Final|Native|Protected
NATIVE	GFxMovie.ActionScriptObject	Final|Native|Protected
NATIVE	GFxMovie.ActionScriptSetFunction	Final|Native|Protected
NATIVE	GFxMovie.ActionScriptString	Final|Native|Protected
NATIVE	GFxMovie.ActionScriptVoid	Final|Native|Protected
NATIVE	GFxMovie.AddCaptureKey	Final|Native|Public
NATIVE	GFxMovie.AddFocusIgnoreKey	Final|Native|Public
NATIVE	GFxMovie.Advance	Final|Native|Public
NATIVE	GFxMovie.ClearCaptureKeys	Final|Native|Public
NATIVE	GFxMovie.ClearFocusIgnoreKeys	Final|Native|Public
NATIVE	GFxMovie.Close	Final|Native|HasOptionalParms|Public
NATIVE	GFxMovie.CreateArray	Native|Public
NATIVE	GFxMovie.CreateObject	Native|HasOptionalParms|Public
NATIVE	GFxMovie.FlushPlayerInput	Final|Native|Public
NATIVE	GFxMovie.GetGameViewportClient	Final|Native|Public
NATIVE	GFxMovie.GetVariable	Native|Public
NATIVE	GFxMovie.GetVariableArray	Native|Public|HasOutParms
NATIVE	GFxMovie.GetVariableBool	Native|Public
NATIVE	GFxMovie.GetVariableFloatArray	Native|Public|HasOutParms
NATIVE	GFxMovie.GetVariableIntArray	Native|Public|HasOutParms
NATIVE	GFxMovie.GetVariableNumber	Native|Public
NATIVE	GFxMovie.GetVariableObject	Native|HasOptionalParms|Public
NATIVE	GFxMovie.GetVariableString	Native|Public
NATIVE	GFxMovie.GetVariableStringArray	Native|Public|HasOutParms
NATIVE	GFxMovie.GetVisibleFrameRect	Final|Native|Public|HasOutParms
NATIVE	GFxMovie.Invoke	Native|Public
NATIVE	GFxMovie.Pause	Native|HasOptionalParms|Public
NATIVE	GFxMovie.PublishDataStoreValues	Native|Public
NATIVE	GFxMovie.RefreshDataStoreBindings	Native|Public
NATIVE	GFxMovie.SetAlignment	Final|Native|Public
NATIVE	GFxMovie.SetExternalTexture	Native|Public
NATIVE	GFxMovie.SetFocus	Final|Native|HasOptionalParms|Public
NATIVE	GFxMovie.SetPerspective3D	Final|Native|Public|HasOutParms
NATIVE	GFxMovie.SetSceneDPG	Final|Native|Public
NATIVE	GFxMovie.SetTimingMode	Native|Public
NATIVE	GFxMovie.SetVariable	Native|Public
NATIVE	GFxMovie.SetVariableArray	Native|Public
NATIVE	GFxMovie.SetVariableBool	Native|Public
NATIVE	GFxMovie.SetVariableFloatArray	Native|Public
NATIVE	GFxMovie.SetVariableIntArray	Native|Public
NATIVE	GFxMovie.SetVariableNumber	Native|Public
NATIVE	GFxMovie.SetVariableObject	Native|Public
NATIVE	GFxMovie.SetVariableString	Native|Public
NATIVE	GFxMovie.SetVariableStringArray	Native|Public
NATIVE	GFxMovie.SetView3D	Final|Native|Public|HasOutParms
NATIVE	GFxMovie.SetViewport	Final|Native|Public
NATIVE	GFxMovie.SetViewScaleMode	Final|Native|Public
NATIVE	GFxMovie.Start	Native|Event|HasOptionalParms|Public
NATIVE	GFxValue.ActionScriptArray	Final|Native|Protected
NATIVE	GFxValue.ActionScriptFloat	Final|Native|Protected
NATIVE	GFxValue.ActionScriptInt	Final|Native|Protected
NATIVE	GFxValue.ActionScriptObject	Final|Native|Protected
NATIVE	GFxValue.ActionScriptSetFunction	Final|Native|Protected
NATIVE	GFxValue.ActionScriptSetFunctionOn	Final|Native|Protected
NATIVE	GFxValue.ActionScriptString	Final|Native|Protected
NATIVE	GFxValue.ActionScriptVoid	Final|Native|Protected
NATIVE	GFxValue.AttachMovie	Final|Native|HasOptionalParms|Public
NATIVE	GFxValue.CreateEmptyMovieClip	Final|Native|HasOptionalParms|Public
NATIVE	GFxValue.Get	Final|Native|Public
NATIVE	GFxValue.GetBool	Final|Native|Public
NATIVE	GFxValue.GetColorTransform	Final|Native|Public
NATIVE	GFxValue.GetDisplayInfo	Final|Native|Public
NATIVE	GFxValue.GetDisplayMatrix	Final|Native|Public
NATIVE	GFxValue.GetElement	Final|Native|Public
NATIVE	GFxValue.GetElementBool	Final|Native|Public
NATIVE	GFxValue.GetElementDisplayInfo	Final|Native|Public
NATIVE	GFxValue.GetElementDisplayMatrix	Final|Native|Public
NATIVE	GFxValue.GetElementMember	Final|Native|Public
NATIVE	GFxValue.GetElementMemberBool	Final|Native|Public
NATIVE	GFxValue.GetElementMemberNumber	Final|Native|Public
NATIVE	GFxValue.GetElementMemberObject	Final|Native|HasOptionalParms|Public
NATIVE	GFxValue.GetElementMemberString	Final|Native|Public
NATIVE	GFxValue.GetElementNumber	Final|Native|Public
NATIVE	GFxValue.GetElementObject	Final|Native|HasOptionalParms|Public
NATIVE	GFxValue.GetElementString	Final|Native|Public
NATIVE	GFxValue.GetNumber	Final|Native|Public
NATIVE	GFxValue.GetObject	Final|Native|HasOptionalParms|Public
NATIVE	GFxValue.GetPosition	Final|Native|Public|HasOutParms
NATIVE	GFxValue.GetString	Final|Native|Public
NATIVE	GFxValue.GetText	Final|Native|Public
NATIVE	GFxValue.GotoAndPlay	Final|Native|Public
NATIVE	GFxValue.GotoAndPlayI	Final|Native|Public
NATIVE	GFxValue.GotoAndStop	Final|Native|Public
NATIVE	GFxValue.GotoAndStopI	Final|Native|Public
NATIVE	GFxValue.Invoke	Final|Native|Public
NATIVE	GFxValue.Set	Final|Native|Public
NATIVE	GFxValue.SetBool	Final|Native|Public
NATIVE	GFxValue.SetColorTransform	Final|Native|Public
NATIVE	GFxValue.SetDisplayInfo	Final|Native|Public
NATIVE	GFxValue.SetDisplayMatrix	Final|Native|Public
NATIVE	GFxValue.SetDisplayMatrix3D	Final|Native|Public
NATIVE	GFxValue.SetElement	Final|Native|Public
NATIVE	GFxValue.SetElementBool	Final|Native|Public
NATIVE	GFxValue.SetElementColorTransform	Final|Native|Public
NATIVE	GFxValue.SetElementDisplayInfo	Final|Native|Public
NATIVE	GFxValue.SetElementDisplayMatrix	Final|Native|Public
NATIVE	GFxValue.SetElementMember	Final|Native|Public
NATIVE	GFxValue.SetElementMemberBool	Final|Native|Public
NATIVE	GFxValue.SetElementMemberNumber	Final|Native|Public
NATIVE	GFxValue.SetElementMemberObject	Final|Native|Public
NATIVE	GFxValue.SetElementMemberString	Final|Native|Public
NATIVE	GFxValue.SetElementNumber	Final|Native|Public
NATIVE	GFxValue.SetElementObject	Final|Native|Public
NATIVE	GFxValue.SetElementPosition	Final|Native|Public
NATIVE	GFxValue.SetElementString	Final|Native|Public
NATIVE	GFxValue.SetElementVisible	Final|Native|Public
NATIVE	GFxValue.SetFunction	Final|Native|Public
NATIVE	GFxValue.SetNumber	Final|Native|Public
NATIVE	GFxValue.SetObject	Final|Native|Public
NATIVE	GFxValue.SetPosition	Final|Native|Public
NATIVE	GFxValue.SetString	Final|Native|Public
NATIVE	GFxValue.SetText	Final|Native|Public
NATIVE	GFxValue.SetVisible	Final|Native|Public
NATIVE	Hair.UpdateStrands	Native|Public
NATIVE	HairComponent.Reset	Native|Public
NATIVE	HeightFogComponent.SetEnabled	Final|Native|Public
NATIVE	HelpCommandlet.Main	Native|Event|Public
NATIVE	HobbyHorse.RegistGhostDestroy	Final|Native|Public
NATIVE	HUD.Draw2DLine	Final|Native|Public
NATIVE	HUD.Draw3DLine	Final|Native|Public
NATIVE	HUD.DrawActorOverlays	Native|Public
NATIVE	HUD.DrawSafeFrame	Final|Native|Public
NATIVE	HUD.GetConfigSettings	Final|Native|Public
NATIVE	IniLocPatcher.ProcessIniLocFile	Native|Public|HasOutParms
NATIVE	Input.EnableInputCommands	Native|Public
NATIVE	Input.GetBind	Native|Public|HasOutParms
NATIVE	Input.ResetInput	Native|Public
NATIVE	Interaction.Init	Final|Native|Public
NATIVE	InteractiveFoliageActor.TakeDamage	Simulated|Native|Event|HasOptionalParms|Public
NATIVE	InteractiveFoliageActor.Touch	Simulated|Native|Event|Public
NATIVE	InternetLink.GetLastError	Native|Public
NATIVE	InternetLink.GetLocalIP	Native|Public|HasOutParms
NATIVE	InternetLink.IpAddrToString	Native|Public
NATIVE	InternetLink.IsDataPending	Native|Public
NATIVE	InternetLink.ParseURL	Native|Public|HasOutParms
NATIVE	InternetLink.Resolve	Native|Public
NATIVE	InternetLink.StringToIpAddr	Native|Public|HasOutParms
NATIVE	InterpActor.SetShadowParentOnAllAttachedComponents	Simulated|Native|Public
NATIVE	InventoryManager.InventoryActors	Final|Iterator|Native|Public|HasOutParms
NATIVE	KActor.GetKActorPhysMaterial	Final|Native|Public
NATIVE	KActor.ResolveRBState	Final|Native|Public
NATIVE	KActorFromStatic.MakeDynamic	Native|Static|Public
NATIVE	KActorFromStatic.MakeStatic	Native|Static|Public
NATIVE	KActorSpawnable.ResetComponents	Final|Native|Public
NATIVE	KynapseAIController.ActivateKynapseBrain	Final|Native|Public
NATIVE	KynapseAIController.GetBrainState	Final|Native|Public
NATIVE	KynapseAIController.KynapseFlee	Latent|Native|Public
NATIVE	KynapseAIController.KynapseFollow	Latent|Native|Public
NATIVE	KynapseAIController.KynapseGoTo	Latent|Native|Public
NATIVE	KynapseAIController.KynapseHasArrived	Final|Native|Public
NATIVE	KynapseAIController.KynapseHide	Latent|Native|Public
NATIVE	KynapseAIController.KynapseShoot	Latent|Native|Public
NATIVE	KynapseAIController.KynapseWander	Latent|Native|Public
NATIVE	KynapseAIController.SetBrainState	Final|Native|Public
NATIVE	KynapseHandle.AddKynapseEntity	Final|Native|Public
NATIVE	KynapseHandle.InitKynapseEntity	Final|Native|Public
NATIVE	KynapseHandle.RegisterToProfile	Final|Native|Public
NATIVE	KynapsePawn.SphinxAnimEnd	Final|Native|Public
NATIVE	KynapseTeamCreationData.CreateKynapseTeam	Native|Public
NATIVE	KynapseTeamCreationData.PostInitializeTeam	Native|Public
NATIVE	LedgeVolume.GetClosestEnd	Native|Public|HasOutParms
NATIVE	LensFlareComponent.SetIsActive	Native|Public
NATIVE	LensFlareComponent.SetSourceColor	Native|Public
NATIVE	LensFlareComponent.SetTemplate	Final|Native|Public
NATIVE	LensFlareSource.SetTemplate	Final|Native|Public
NATIVE	LightComponent.GetDirection	Final|Native|Public
NATIVE	LightComponent.GetOrigin	Final|Native|Public
NATIVE	LightComponent.SetEnabled	Final|Native|Public
NATIVE	LightComponent.SetLightProperties	Final|Native|HasOptionalParms|Public
NATIVE	LightComponent.UpdateColorAndBrightness	Final|Native|Public
NATIVE	LightEnvironmentComponent.IsEnabled	Final|Native|Public
NATIVE	LightEnvironmentComponent.SetEnabled	Final|Native|Public
NATIVE	LocalPlayer.DeProject	Final|Native|Public|HasOutParms
NATIVE	LocalPlayer.GetActorVisibility	Final|Native|Public
NATIVE	LocalPlayer.GetPostProcessChain	Native|Public
NATIVE	LocalPlayer.InsertPostProcessingChain	Native|Public
NATIVE	LocalPlayer.RemoveAllPostProcessingChains	Native|Public
NATIVE	LocalPlayer.RemovePostProcessingChain	Native|Public
NATIVE	LocalPlayer.SendSplitJoin	Final|Native|Public
NATIVE	LocalPlayer.SpawnPlayActor	Final|Native|Public|HasOutParms
NATIVE	LocalPlayer.TouchPlayerPostProcessChain	Native|Public
NATIVE	LocalPlayer.ZeroOverridePPDeltaSettings	Final|Native|Public
NATIVE	MaterialInstance.ClearParameterValues	Native|Public
NATIVE	MaterialInstance.DuplicateInstance	Native|Public
NATIVE	MaterialInstance.IsInMapOrTransientPackage	Native|Public
NATIVE	MaterialInstance.SetFontParameterValue	Native|Public
NATIVE	MaterialInstance.SetParent	Native|Public
NATIVE	MaterialInstance.SetScalarCurveParameterValue	Native|Public|HasOutParms
NATIVE	MaterialInstance.SetScalarParameterValue	Native|Public
NATIVE	MaterialInstance.SetTextureParameterValue	Native|Public
NATIVE	MaterialInstance.SetVectorParameterValue	Native|Public|HasOutParms
NATIVE	MaterialInstanceConstant.ClearParameterValues	Native|Public
NATIVE	MaterialInstanceConstant.SetFontParameterValue	Native|Public
NATIVE	MaterialInstanceConstant.SetParent	Native|Public
NATIVE	MaterialInstanceConstant.SetScalarParameterValue	Native|Public
NATIVE	MaterialInstanceConstant.SetTextureParameterValue	Native|Public
NATIVE	MaterialInstanceConstant.SetVectorParameterValue	Native|Public|HasOutParms
NATIVE	MaterialInstanceTimeVarying.ClearParameterValues	Native|Public
NATIVE	MaterialInstanceTimeVarying.ClearRenderingThreadParameterMaps	Native|Public
NATIVE	MaterialInstanceTimeVarying.GetMaxDurationFromAllParameters	Native|Public
NATIVE	MaterialInstanceTimeVarying.SetDuration	Native|Public
NATIVE	MaterialInstanceTimeVarying.SetFontParameterValue	Native|Public
NATIVE	MaterialInstanceTimeVarying.SetParent	Native|Public
NATIVE	MaterialInstanceTimeVarying.SetScalarCurveParameterValue	Native|Public|HasOutParms
NATIVE	MaterialInstanceTimeVarying.SetScalarParameterValue	Native|Public
NATIVE	MaterialInstanceTimeVarying.SetScalarStartTime	Native|Public
NATIVE	MaterialInstanceTimeVarying.SetTextureParameterValue	Native|Public
NATIVE	MaterialInstanceTimeVarying.SetVectorCurveParameterValue	Native|Public|HasOutParms
NATIVE	MaterialInstanceTimeVarying.SetVectorParameterValue	Native|Public|HasOutParms
NATIVE	MaterialInstanceTimeVarying.SetVectorStartTime	Native|Public
NATIVE	MaterialInterface.GetFontParameterValue	Native|Public|HasOutParms
NATIVE	MaterialInterface.GetMaterial	Final|Native|Public
NATIVE	MaterialInterface.GetPhysicalMaterial	Final|Native|Public
NATIVE	MaterialInterface.GetScalarCurveParameterValue	Native|Public|HasOutParms
NATIVE	MaterialInterface.GetScalarParameterValue	Native|Public|HasOutParms
NATIVE	MaterialInterface.GetTextureParameterValue	Native|Public|HasOutParms
NATIVE	MaterialInterface.GetVectorCurveParameterValue	Native|Public|HasOutParms
NATIVE	MaterialInterface.GetVectorParameterValue	Native|Public|HasOutParms
NATIVE	MaterialInterface.SetForceMipLevelsToBeResident	Native|HasOptionalParms|Public
NATIVE	MatineeActor.AddAIGroupActor	Native|Public
NATIVE	MemoryFragmentNormal.HackHiddenMesh	Native|Public
NATIVE	MemoryFragmentNormal.PlayBinkFile	Native|Public
NATIVE	MeshBeacon.DestroyBeacon	Native|Event|Public
NATIVE	MeshBeaconClient.BeginBandwidthTest	Native|Public
NATIVE	MeshBeaconClient.DestroyBeacon	Native|Event|Public
NATIVE	MeshBeaconClient.RequestConnection	Native|Public|HasOutParms
NATIVE	MeshBeaconClient.SendHostNewGameSessionResponse	Native|Public|HasOutParms
NATIVE	MeshBeaconHost.AllPlayersConnected	Native|Public|HasOutParms
NATIVE	MeshBeaconHost.CancelInProgressBandwidthTests	Native|Public
NATIVE	MeshBeaconHost.CancelPendingBandwidthTests	Native|Public
NATIVE	MeshBeaconHost.DestroyBeacon	Native|Event|Public
NATIVE	MeshBeaconHost.GetConnectionIndexForPlayer	Native|Public
NATIVE	MeshBeaconHost.HasInProgressBandwidthTest	Native|Public
NATIVE	MeshBeaconHost.HasPendingBandwidthTest	Native|Public
NATIVE	MeshBeaconHost.InitHostBeacon	Native|Public
NATIVE	MeshBeaconHost.RequestClientBandwidthTest	Native|Public
NATIVE	MeshBeaconHost.RequestClientCreateNewSession	Native|Public|HasOutParms
NATIVE	MeshBeaconHost.TellClientsToTravel	Native|Public|HasOutParms
NATIVE	MeshComponent.GetMaterial	Native|Public
NATIVE	MeshComponent.GetNumElements	Native|Public
NATIVE	MeshComponent.PrestreamTextures	Final|Native|HasOptionalParms|Public
NATIVE	MeshComponent.SetMaterial	Native|Public
NATIVE	MorphNodeMultiPose.AddMorphTarget	Final|Native|HasOptionalParms|Public
NATIVE	MorphNodeMultiPose.RemoveMorphTarget	Final|Native|Public
NATIVE	MorphNodeMultiPose.UpdateMorphTarget	Final|Native|Public
NATIVE	MorphNodePose.SetMorphTarget	Final|Native|Public
NATIVE	MorphNodeWeight.ResetNodeWeight	Native|Public
NATIVE	MorphNodeWeight.SetNodeWeight	Native|Public
NATIVE	MorphSkeletalMeshActor.InitDuplicatedMaterial	Native|Public
NATIVE	MorphTargetSet.FindMorphTarget	Final|Native|Public
NATIVE	MultiFont.GetResolutionTestTableIndex	Native|Public
NATIVE	NavigationHandle.ActorReachable	Native|Public
NATIVE	NavigationHandle.AddGoalEvaluator	Native|Public
NATIVE	NavigationHandle.AddPathConstraint	Native|Public
NATIVE	NavigationHandle.CalculatePathDistance	Native|HasOptionalParms|Public
NATIVE	NavigationHandle.ClearConstraints	Native|Public
NATIVE	NavigationHandle.ComputeValidFinalDestination	Native|Public|HasOutParms
NATIVE	NavigationHandle.DrawPathCache	Native|HasOptionalParms|Public
NATIVE	NavigationHandle.FindPath	Native|HasOptionalParms|Public|HasOutParms
NATIVE	NavigationHandle.FindPylon	Native|Public
NATIVE	NavigationHandle.GetAllPolyCentersWithinBounds	Native|Public|HasOutParms
NATIVE	NavigationHandle.GetBestUnfinishedPathPoint	Native|Public
NATIVE	NavigationHandle.GetFirstMoveLocation	Native|Public
NATIVE	NavigationHandle.GetNextMoveLocation	Native|Public|HasOutParms
NATIVE	NavigationHandle.GetPylonFromPos	Native|Static|Public
NATIVE	NavigationHandle.GetValidPositionsForBox	Native|HasOptionalParms|Public|HasOutParms
NATIVE	NavigationHandle.IsAnchorInescapable	Native|Public
NATIVE	NavigationHandle.LimitPathCacheDistance	Native|Public
NATIVE	NavigationHandle.LineCheck	Native|HasOptionalParms|Public|HasOutParms
NATIVE	NavigationHandle.MoveToDesiredHeightAboveMesh	Native|Static|Public
NATIVE	NavigationHandle.ObstacleLineCheck	Final|Native|Static|HasOptionalParms|Public|HasOutParms
NATIVE	NavigationHandle.ObstaclePointCheck	Final|Native|Static|Public
NATIVE	NavigationHandle.PathCache_Empty	Native|Public
NATIVE	NavigationHandle.PathCache_GetGoalPoint	Native|Public
NATIVE	NavigationHandle.PathCache_RemoveIndex	Native|HasOptionalParms|Public
NATIVE	NavigationHandle.PointCheck	Native|Public
NATIVE	NavigationHandle.PointReachable	Native|HasOptionalParms|Public
NATIVE	NavigationHandle.SetFinalDestination	Native|Public
NATIVE	NavigationHandle.SuggestMovePreparation	Native|Public
NATIVE	NavigationPoint.CanTeleport	Native|Public
NATIVE	NavigationPoint.GetAllNavInRadius	Final|Native|Static|HasOptionalParms|Public|HasOutParms
NATIVE	NavigationPoint.GetBoundingCylinder	Native|Public|HasOutParms
NATIVE	NavigationPoint.GetReachSpecTo	Final|Native|HasOptionalParms|Public
NATIVE	NavigationPoint.IsOnDifferentNetwork	Final|Native|Public
NATIVE	NavigationPoint.IsUsableAnchorFor	Native|Public
NATIVE	NavMeshGoal_At.RecycleNative	Native|Public
NATIVE	NavMeshGoal_ClosestActorInList.RecycleInternal	Native|Public
NATIVE	NavMeshGoal_Null.RecycleNative	Native|Public
NATIVE	NavMeshGoal_OutOfViewFrom.RecycleNative	Native|Public
NATIVE	NavMeshObstacle.RegisterObstacle	Native|Public
NATIVE	NavMeshObstacle.UnRegisterObstacle	Native|Public
NATIVE	NpcProjectile.CanShieldBlockRadiusDamage	Native|Public|HasOutParms
NATIVE	NpcProjectile.GetRadiusShieldDamageEffect	Native|Public|HasOutParms
NATIVE	NxCylindricalForceFieldCapsule.DoInitRBPhys	Native|Public
NATIVE	NxForceField.DoInitRBPhys	Native|Public
NATIVE	NxForceFieldComponent.DoInitRBPhys	Native|Public
NATIVE	NxForceFieldGeneric.DoInitRBPhys	Native|Public
NATIVE	NxForceFieldRadial.DoInitRBPhys	Native|Public
NATIVE	NxForceFieldTornado.DoInitRBPhys	Native|Public
NATIVE	NxGenericForceFieldBox.DoInitRBPhys	Native|Public
NATIVE	Object.Abs	Final|Native|Static|Public
NATIVE	Object.Acos	Final|Native|Static|Public
NATIVE	Object.Add_FloatFloat	Final|Native|Operator|Static|Public
NATIVE	Object.Add_IntInt	Final|Native|Operator|Static|Public
NATIVE	Object.Add_QuatQuat	Final|Native|Operator|Static|Public
NATIVE	Object.Add_RotatorRotator	Final|Native|Operator|Static|Public
NATIVE	Object.Add_Vector2DVector2D	Final|Native|Operator|Static|Public
NATIVE	Object.Add_VectorVector	Final|Native|Operator|Static|Public
NATIVE	Object.AddAdd_Byte	Final|Native|Operator|Static|Public|HasOutParms
NATIVE	Object.AddAdd_Int	Final|Native|Operator|Static|Public|HasOutParms
NATIVE	Object.AddAdd_PreByte	Final|PreOperator|Native|Operator|Static|Public|HasOutParms
NATIVE	Object.AddAdd_PreInt	Final|PreOperator|Native|Operator|Static|Public|HasOutParms
NATIVE	Object.AddEqual_ByteByte	Final|Native|Operator|Static|Public|HasOutParms
NATIVE	Object.AddEqual_FloatFloat	Final|Native|Operator|Static|Public|HasOutParms
NATIVE	Object.AddEqual_IntInt	Final|Native|Operator|Static|Public|HasOutParms
NATIVE	Object.AddEqual_RotatorRotator	Final|Native|Operator|Static|Public|HasOutParms
NATIVE	Object.AddEqual_VectorVector	Final|Native|Operator|Static|Public|HasOutParms
NATIVE	Object.And_IntInt	Final|Native|Operator|Static|Public
NATIVE	Object.AndAnd_BoolBool	Final|Native|Operator|Static|Public
NATIVE	Object.Asc	Final|Native|Static|Public
NATIVE	Object.Asin	Final|Native|Static|Public
NATIVE	Object.At_StrStr	Final|Native|Operator|Static|Public
NATIVE	Object.Atan	Final|Native|Static|Public
NATIVE	Object.Atan2	Final|Native|Static|Public
NATIVE	Object.AtEqual_StrStr	Final|Native|Operator|Static|Public|HasOutParms
NATIVE	Object.Caps	Final|Native|Static|Public
NATIVE	Object.Chr	Final|Native|Static|Public
NATIVE	Object.Clamp	Final|Native|Static|Public
NATIVE	Object.ClampLength	Final|Native|Static|Public
NATIVE	Object.ClassIsChildOf	Final|Native|Static|Public
NATIVE	Object.ClockwiseFrom_IntInt	Final|Native|Operator|Static|Public
NATIVE	Object.Complement_PreInt	Final|PreOperator|Native|Operator|Static|Public
NATIVE	Object.ComplementEqual_FloatFloat	Final|Native|Operator|Static|Public
NATIVE	Object.ComplementEqual_StrStr	Final|Native|Operator|Static|Public
NATIVE	Object.Concat_StrStr	Final|Native|Operator|Static|Public
NATIVE	Object.ConcatEqual_StrStr	Final|Native|Operator|Static|Public|HasOutParms
NATIVE	Object.Cos	Final|Native|Static|Public
NATIVE	Object.Cross_VectorVector	Final|Native|Operator|Static|Public
NATIVE	Object.DebugBreak	Final|Native|Static|HasOptionalParms|Public
NATIVE	Object.Disable	Final|Native|Public
NATIVE	Object.Divide_FloatFloat	Final|Native|Operator|Static|Public
NATIVE	Object.Divide_IntInt	Final|Native|Operator|Static|Public
NATIVE	Object.Divide_RotatorFloat	Final|Native|Operator|Static|Public
NATIVE	Object.Divide_VectorFloat	Final|Native|Operator|Static|Public
NATIVE	Object.DivideEqual_ByteByte	Final|Native|Operator|Static|Public|HasOutParms
NATIVE	Object.DivideEqual_FloatFloat	Final|Native|Operator|Static|Public|HasOutParms
NATIVE	Object.DivideEqual_IntFloat	Final|Native|Operator|Static|Public|HasOutParms
NATIVE	Object.DivideEqual_RotatorFloat	Final|Native|Operator|Static|Public|HasOutParms
NATIVE	Object.DivideEqual_VectorFloat	Final|Native|Operator|Static|Public|HasOutParms
NATIVE	Object.Dot_VectorVector	Final|Native|Operator|Static|Public
NATIVE	Object.DumpStateStack	Final|Native|Public
NATIVE	Object.DynamicLoadObject	Final|Native|Static|HasOptionalParms|Public
NATIVE	Object.Enable	Final|Native|Public
NATIVE	Object.EqualEqual_BoolBool	Final|Native|Operator|Static|Public
NATIVE	Object.EqualEqual_FloatFloat	Final|Native|Operator|Static|Public
NATIVE	Object.EqualEqual_InterfaceInterface	Final|Native|Operator|Static|Public
NATIVE	Object.EqualEqual_IntInt	Final|Native|Operator|Static|Public
NATIVE	Object.EqualEqual_NameName	Final|Native|Operator|Static|Public
NATIVE	Object.EqualEqual_ObjectObject	Final|Native|Operator|Static|Public
NATIVE	Object.EqualEqual_RotatorRotator	Final|Native|Operator|Static|Public
NATIVE	Object.EqualEqual_StrStr	Final|Native|Operator|Static|Public
NATIVE	Object.EqualEqual_VectorVector	Final|Native|Operator|Static|Public
NATIVE	Object.EvalInterpCurveFloat	Final|Native|Public
NATIVE	Object.EvalInterpCurveVector	Final|Native|Public
NATIVE	Object.EvalInterpCurveVector2D	Final|Native|Public
NATIVE	Object.Exp	Final|Native|Static|Public
NATIVE	Object.FCeil	Final|Native|Static|Public
NATIVE	Object.FClamp	Final|Native|Static|Public
NATIVE	Object.FCubicInterp	Final|Native|Static|Public
NATIVE	Object.FFloor	Final|Native|Static|Public
NATIVE	Object.FindObject	Final|Native|Static|Public
NATIVE	Object.FInterpConstantTo	Final|Native|Static|Public
NATIVE	Object.FInterpEaseInOut	Final|Native|Static|Public
NATIVE	Object.FInterpTo	Final|Native|Static|Public
NATIVE	Object.FMax	Final|Native|Static|Public
NATIVE	Object.FMin	Final|Native|Static|Public
NATIVE	Object.FRand	Final|Native|Static|Public
NATIVE	Object.GetAngularDistance	Final|Native|Static|Public|HasOutParms
NATIVE	Object.GetAngularFromDotDist	Final|Native|Static|Public|HasOutParms
NATIVE	Object.GetAxes	Final|Native|Static|Public|HasOutParms
NATIVE	Object.GetBuildChangelistNumber	Final|Native|Public
NATIVE	Object.GetDotDistance	Final|Native|Static|Public|HasOutParms
NATIVE	Object.GetEngineVersion	Final|Native|Public
NATIVE	Object.GetEnum	Final|Native|Static|Public
NATIVE	Object.GetFuncName	Final|Native|Static|Public
NATIVE	Object.GetMappedRangeValue	Final|Simulated|Native|Static|Public
NATIVE	Object.GetPerObjectConfigSections	Final|Native|Static|HasOptionalParms|Public|HasOutParms
NATIVE	Object.GetStateName	Final|Native|Public
NATIVE	Object.GetSystemTime	Final|Native|Public|HasOutParms
NATIVE	Object.GetUnAxes	Final|Native|Static|Public|HasOutParms
NATIVE	Object.GotoState	Final|Native|HasOptionalParms|Public
NATIVE	Object.Greater_FloatFloat	Final|Native|Operator|Static|Public
NATIVE	Object.Greater_IntInt	Final|Native|Operator|Static|Public
NATIVE	Object.Greater_StrStr	Final|Native|Operator|Static|Public
NATIVE	Object.GreaterEqual_FloatFloat	Final|Native|Operator|Static|Public
NATIVE	Object.GreaterEqual_IntInt	Final|Native|Operator|Static|Public
NATIVE	Object.GreaterEqual_StrStr	Final|Native|Operator|Static|Public
NATIVE	Object.GreaterGreater_IntInt	Final|Native|Operator|Static|Public
NATIVE	Object.GreaterGreater_VectorRotator	Final|Native|Operator|Static|Public
NATIVE	Object.GreaterGreaterGreater_IntInt	Final|Native|Operator|Static|Public
NATIVE	Object.InStr	Final|Native|Static|HasOptionalParms|Public
NATIVE	Object.InverseTransformNormal	Final|Native|Static|Public
NATIVE	Object.InverseTransformVector	Final|Native|Static|Public
NATIVE	Object.IsA	Final|Native|Public
NATIVE	Object.IsChildState	Final|Native|Public
NATIVE	Object.IsInState	Final|Native|HasOptionalParms|Public
NATIVE	Object.IsPendingKill	Final|Native|Public
NATIVE	Object.IsUTracing	Final|Native|Static|Public
NATIVE	Object.IsZero	Final|Native|Static|Public
NATIVE	Object.Left	Final|Native|Static|Public
NATIVE	Object.Len	Final|Native|Static|Public
NATIVE	Object.Lerp	Final|Native|Static|Public
NATIVE	Object.Less_FloatFloat	Final|Native|Operator|Static|Public
NATIVE	Object.Less_IntInt	Final|Native|Operator|Static|Public
NATIVE	Object.Less_StrStr	Final|Native|Operator|Static|Public
NATIVE	Object.LessEqual_FloatFloat	Final|Native|Operator|Static|Public
NATIVE	Object.LessEqual_IntInt	Final|Native|Operator|Static|Public
NATIVE	Object.LessEqual_StrStr	Final|Native|Operator|Static|Public
NATIVE	Object.LessLess_IntInt	Final|Native|Operator|Static|Public
NATIVE	Object.LessLess_VectorRotator	Final|Native|Operator|Static|Public
NATIVE	Object.Localize	Native|Static|Public
NATIVE	Object.Locs	Final|Native|Static|Public
NATIVE	Object.Loge	Final|Native|Static|Public
NATIVE	Object.LogInternal	Final|Native|Static|HasOptionalParms|Public
NATIVE	Object.MakeRotationMatrix	Final|Native|Static|Public
NATIVE	Object.MakeRotationTranslationMatrix	Final|Native|Static|Public
NATIVE	Object.MatrixGetAxis	Final|Native|Static|Public
NATIVE	Object.MatrixGetOrigin	Final|Native|Static|Public
NATIVE	Object.MatrixGetRotator	Final|Native|Static|Public
NATIVE	Object.Max	Final|Native|Static|Public
NATIVE	Object.Mid	Final|Native|Static|HasOptionalParms|Public
NATIVE	Object.Min	Final|Native|Static|Public
NATIVE	Object.MirrorVectorByNormal	Final|Native|Static|Public
NATIVE	Object.Multiply_FloatFloat	Final|Native|Operator|Static|Public
NATIVE	Object.Multiply_FloatRotator	Final|Native|Operator|Static|Public
NATIVE	Object.Multiply_FloatVector	Final|Native|Operator|Static|Public
NATIVE	Object.Multiply_IntInt	Final|Native|Operator|Static|Public
NATIVE	Object.Multiply_MatrixMatrix	Final|Native|Operator|Static|Public
NATIVE	Object.Multiply_RotatorFloat	Final|Native|Operator|Static|Public
NATIVE	Object.Multiply_VectorFloat	Final|Native|Operator|Static|Public
NATIVE	Object.Multiply_VectorVector	Final|Native|Operator|Static|Public
NATIVE	Object.MultiplyEqual_ByteByte	Final|Native|Operator|Static|Public|HasOutParms
NATIVE	Object.MultiplyEqual_ByteFloat	Final|Native|Operator|Static|Public|HasOutParms
NATIVE	Object.MultiplyEqual_FloatFloat	Final|Native|Operator|Static|Public|HasOutParms
NATIVE	Object.MultiplyEqual_IntFloat	Final|Native|Operator|Static|Public|HasOutParms
NATIVE	Object.MultiplyEqual_RotatorFloat	Final|Native|Operator|Static|Public|HasOutParms
NATIVE	Object.MultiplyEqual_VectorFloat	Final|Native|Operator|Static|Public|HasOutParms
NATIVE	Object.MultiplyEqual_VectorVector	Final|Native|Operator|Static|Public|HasOutParms
NATIVE	Object.MultiplyMultiply_FloatFloat	Final|Native|Operator|Static|Public
NATIVE	Object.Normal	Final|Native|Static|Public
NATIVE	Object.Normalize	Final|Native|Static|Public
NATIVE	Object.NormalizeRotAxis	Final|Native|Static|Public
NATIVE	Object.Not_PreBool	Final|PreOperator|Native|Operator|Static|Public
NATIVE	Object.NotEqual_BoolBool	Final|Native|Operator|Static|Public
NATIVE	Object.NotEqual_FloatFloat	Final|Native|Operator|Static|Public
NATIVE	Object.NotEqual_InterfaceInterface	Final|Native|Operator|Static|Public
NATIVE	Object.NotEqual_IntInt	Final|Native|Operator|Static|Public
NATIVE	Object.NotEqual_NameName	Final|Native|Operator|Static|Public
NATIVE	Object.NotEqual_ObjectObject	Final|Native|Operator|Static|Public
NATIVE	Object.NotEqual_RotatorRotator	Final|Native|Operator|Static|Public
NATIVE	Object.NotEqual_StrStr	Final|Native|Operator|Static|Public
NATIVE	Object.NotEqual_VectorVector	Final|Native|Operator|Static|Public
NATIVE	Object.Or_IntInt	Final|Native|Operator|Static|Public
NATIVE	Object.OrOr_BoolBool	Final|Native|Operator|Static|Public
NATIVE	Object.OrthoRotation	Final|Native|Static|Public
NATIVE	Object.ParseStringIntoArray	Final|Native|Static|Public|HasOutParms
NATIVE	Object.PathName	Final|Native|Static|Public
NATIVE	Object.Percent_FloatFloat	Final|Native|Operator|Static|Public
NATIVE	Object.Percent_IntInt	Final|Native|Operator|Static|Public
NATIVE	Object.PointDistToLine	Final|Native|HasOptionalParms|Public|HasOutParms
NATIVE	Object.PointDistToSegment	Final|Native|HasOptionalParms|Public|HasOutParms
NATIVE	Object.PointProjectToPlane	Final|Native|Static|Public
NATIVE	Object.PopState	Final|Native|HasOptionalParms|Public
NATIVE	Object.ProjectOnTo	Final|Native|Static|Public
NATIVE	Object.PushState	Final|Native|HasOptionalParms|Public
NATIVE	Object.QuatDot	Final|Native|Static|Public
NATIVE	Object.QuatFindBetween	Final|Native|Static|Public
NATIVE	Object.QuatFromAxisAndAngle	Final|Native|Static|Public
NATIVE	Object.QuatFromRotator	Final|Native|Static|Public
NATIVE	Object.QuatInvert	Final|Native|Static|Public
NATIVE	Object.QuatProduct	Final|Native|Static|Public
NATIVE	Object.QuatRotateVector	Final|Native|Static|Public
NATIVE	Object.QuatSlerp	Final|Native|Static|HasOptionalParms|Public
NATIVE	Object.QuatToRotator	Final|Native|Static|Public
NATIVE	Object.Rand	Final|Native|Static|Public
NATIVE	Object.RDiff	Final|Native|Static|Public
NATIVE	Object.Repl	Final|Native|Static|HasOptionalParms|Public
NATIVE	Object.Right	Final|Native|Static|Public
NATIVE	Object.RInterpTo	Final|Native|Static|HasOptionalParms|Public
NATIVE	Object.RLerp	Final|Native|Static|HasOptionalParms|Public
NATIVE	Object.RotRand	Final|Native|Static|HasOptionalParms|Public
NATIVE	Object.Round	Final|Native|Static|Public
NATIVE	Object.RSmerp	Final|Native|Static|HasOptionalParms|Public
NATIVE	Object.RTransform	Final|Native|Static|Public
NATIVE	Object.SaveConfig	Final|Native|Public
NATIVE	Object.ScriptTrace	Final|Native|Static|Public
NATIVE	Object.SetUTracing	Final|Native|Static|Public
NATIVE	Object.Sin	Final|Native|Static|Public
NATIVE	Object.Sqrt	Final|Native|Static|Public
NATIVE	Object.Square	Final|Native|Static|Public
NATIVE	Object.StaticSaveConfig	Final|Native|Static|Public
NATIVE	Object.Subtract_FloatFloat	Final|Native|Operator|Static|Public
NATIVE	Object.Subtract_IntInt	Final|Native|Operator|Static|Public
NATIVE	Object.Subtract_PreFloat	Final|PreOperator|Native|Operator|Static|Public
NATIVE	Object.Subtract_PreInt	Final|PreOperator|Native|Operator|Static|Public
NATIVE	Object.Subtract_PreVector	Final|PreOperator|Native|Operator|Static|Public
NATIVE	Object.Subtract_QuatQuat	Final|Native|Operator|Static|Public
NATIVE	Object.Subtract_RotatorRotator	Final|Native|Operator|Static|Public
NATIVE	Object.Subtract_Vector2DVector2D	Final|Native|Operator|Static|Public
NATIVE	Object.Subtract_VectorVector	Final|Native|Operator|Static|Public
NATIVE	Object.SubtractEqual_ByteByte	Final|Native|Operator|Static|Public|HasOutParms
NATIVE	Object.SubtractEqual_FloatFloat	Final|Native|Operator|Static|Public|HasOutParms
NATIVE	Object.SubtractEqual_IntInt	Final|Native|Operator|Static|Public|HasOutParms
NATIVE	Object.SubtractEqual_RotatorRotator	Final|Native|Operator|Static|Public|HasOutParms
NATIVE	Object.SubtractEqual_StrStr	Final|Native|Operator|Static|Public|HasOutParms
NATIVE	Object.SubtractEqual_VectorVector	Final|Native|Operator|Static|Public|HasOutParms
NATIVE	Object.SubtractSubtract_Byte	Final|Native|Operator|Static|Public|HasOutParms
NATIVE	Object.SubtractSubtract_Int	Final|Native|Operator|Static|Public|HasOutParms
NATIVE	Object.SubtractSubtract_PreByte	Final|PreOperator|Native|Operator|Static|Public|HasOutParms
NATIVE	Object.SubtractSubtract_PreInt	Final|PreOperator|Native|Operator|Static|Public|HasOutParms
NATIVE	Object.Tan	Final|Native|Static|Public
NATIVE	Object.TimeStamp	Final|Native|Public
NATIVE	Object.ToHex	Final|Native|Static|Public
NATIVE	Object.TransformNormal	Final|Native|Static|Public
NATIVE	Object.TransformVector	Final|Native|Static|Public
NATIVE	Object.TransformVectorByRotation	Final|Native|HasOptionalParms|Public
NATIVE	Object.VInterpTo	Final|Native|Static|Public
NATIVE	Object.VLerp	Final|Native|Static|Public
NATIVE	Object.VRand	Final|Native|Static|Public
NATIVE	Object.VRandCone	Final|Native|Static|Public
NATIVE	Object.VRandCone2	Final|Native|Static|Public
NATIVE	Object.VSize	Final|Native|Static|Public
NATIVE	Object.VSize2D	Final|Native|Static|Public
NATIVE	Object.VSizeSq	Final|Native|Static|Public
NATIVE	Object.VSizeSq2D	Final|Native|Static|Public
NATIVE	Object.VSmerp	Final|Native|Static|Public
NATIVE	Object.WarnInternal	Final|Native|Static|Public
NATIVE	Object.Xor_IntInt	Final|Native|Operator|Static|Public
NATIVE	Object.XorXor_BoolBool	Final|Native|Operator|Static|Public
NATIVE	OnlineEventsInterfaceMcp.UploadGameplayEventsData	Native|Public
NATIVE	OnlineEventsInterfaceMcp.UploadProfileData	Native|Public
NATIVE	OnlineGameInterfaceImpl.BindPlatformSpecificSessionToSearch	Native|Public
NATIVE	OnlineGameInterfaceImpl.CancelFindOnlineGames	Native|Public
NATIVE	OnlineGameInterfaceImpl.CreateOnlineGame	Native|Public
NATIVE	OnlineGameInterfaceImpl.DestroyOnlineGame	Native|Public
NATIVE	OnlineGameInterfaceImpl.EndOnlineGame	Native|Public
NATIVE	OnlineGameInterfaceImpl.FindOnlineGames	Native|Public
NATIVE	OnlineGameInterfaceImpl.FreeSearchResults	Native|Public
NATIVE	OnlineGameInterfaceImpl.GetResolvedConnectString	Native|Public|HasOutParms
NATIVE	OnlineGameInterfaceImpl.JoinOnlineGame	Native|Public|HasOutParms
NATIVE	OnlineGameInterfaceImpl.ReadPlatformSpecificSessionInfo	Native|Public|HasOutParms
NATIVE	OnlineGameInterfaceImpl.StartOnlineGame	Native|Public
NATIVE	OnlineGameSearch.SortSearchResults	Native|Event|Public
NATIVE	OnlineNewsInterfaceMcp.ReadNews	Native|Public
NATIVE	OnlinePlayerStorage.AddSettingFloat	Native|Public
NATIVE	OnlinePlayerStorage.AddSettingInt	Native|Public
NATIVE	OnlinePlayerStorage.FindDefaultProfileMappingIndexByName	Final|Native|Static|Public
NATIVE	OnlinePlayerStorage.FindProfileMappingIndex	Final|Native|Public
NATIVE	OnlinePlayerStorage.FindProfileMappingIndexByName	Final|Native|Public
NATIVE	OnlinePlayerStorage.FindProfileSettingIndex	Final|Native|Public
NATIVE	OnlinePlayerStorage.GetProfileSettingColumnHeader	Native|Public
NATIVE	OnlinePlayerStorage.GetProfileSettingId	Native|Public|HasOutParms
NATIVE	OnlinePlayerStorage.GetProfileSettingMappingIds	Native|Static|Public|HasOutParms
NATIVE	OnlinePlayerStorage.GetProfileSettingMappingType	Native|Public|HasOutParms
NATIVE	OnlinePlayerStorage.GetProfileSettingName	Native|Public
NATIVE	OnlinePlayerStorage.GetProfileSettingRange	Native|Public|HasOutParms
NATIVE	OnlinePlayerStorage.GetProfileSettingValue	Native|HasOptionalParms|Public|HasOutParms
NATIVE	OnlinePlayerStorage.GetProfileSettingValueByName	Native|Public|HasOutParms
NATIVE	OnlinePlayerStorage.GetProfileSettingValueFloat	Native|Public|HasOutParms
NATIVE	OnlinePlayerStorage.GetProfileSettingValueId	Native|HasOptionalParms|Public|HasOutParms
NATIVE	OnlinePlayerStorage.GetProfileSettingValueInt	Native|Public|HasOutParms
NATIVE	OnlinePlayerStorage.GetProfileSettingValueName	Native|Public
NATIVE	OnlinePlayerStorage.GetProfileSettingValues	Native|Public|HasOutParms
NATIVE	OnlinePlayerStorage.GetRangedProfileSettingValue	Native|Public|HasOutParms
NATIVE	OnlinePlayerStorage.IsProfileSettingIdMapped	Native|Public
NATIVE	OnlinePlayerStorage.SetProfileSettingValue	Native|Public|HasOutParms
NATIVE	OnlinePlayerStorage.SetProfileSettingValueByName	Native|Public|HasOutParms
NATIVE	OnlinePlayerStorage.SetProfileSettingValueFloat	Native|Public
NATIVE	OnlinePlayerStorage.SetProfileSettingValueId	Native|Public
NATIVE	OnlinePlayerStorage.SetProfileSettingValueInt	Native|Public
NATIVE	OnlinePlayerStorage.SetRangedProfileSettingValue	Native|Public
NATIVE	OnlinePlaylistManager.DetermineFilesToDownload	Native|Public
NATIVE	OnlinePlaylistManager.FinalizePlaylistObjects	Native|Public
NATIVE	OnlineProfileSettings.AppendVersionToReadIds	Native|Public
NATIVE	OnlineProfileSettings.AppendVersionToSettings	Native|Public
NATIVE	OnlineProfileSettings.GetProfileSettingDefaultFloat	Native|Public|HasOutParms
NATIVE	OnlineProfileSettings.GetProfileSettingDefaultId	Native|Public|HasOutParms
NATIVE	OnlineProfileSettings.GetProfileSettingDefaultInt	Native|Public|HasOutParms
NATIVE	OnlineProfileSettings.GetVersionNumber	Native|Public
NATIVE	OnlineProfileSettings.SetDefaultVersionNumber	Native|Public
NATIVE	OnlineProfileSettings.SetToDefaults	Native|Event|Public
NATIVE	OnlineStats.GetViewId	Native|Public|HasOutParms
NATIVE	OnlineStats.GetViewName	Native|Public
NATIVE	OnlineStatsRead.AddPlayer	Native|Public
NATIVE	OnlineStatsRead.GetFloatStatValueForPlayer	Native|Public|HasOutParms
NATIVE	OnlineStatsRead.GetIntStatValueForPlayer	Native|Public|HasOutParms
NATIVE	OnlineStatsRead.GetRankForPlayer	Native|Public
NATIVE	OnlineStatsRead.SetFloatStatValueForPlayer	Native|Public
NATIVE	OnlineStatsRead.SetIntStatValueForPlayer	Native|Public
NATIVE	OnlineStatsWrite.DecrementFloatStat	Native|HasOptionalParms|Public
NATIVE	OnlineStatsWrite.DecrementIntStat	Native|HasOptionalParms|Public
NATIVE	OnlineStatsWrite.GetStatId	Native|Public|HasOutParms
NATIVE	OnlineStatsWrite.GetStatName	Native|Public
NATIVE	OnlineStatsWrite.IncrementFloatStat	Native|HasOptionalParms|Public
NATIVE	OnlineStatsWrite.IncrementIntStat	Native|HasOptionalParms|Public
NATIVE	OnlineStatsWrite.SetFloatStat	Native|Public
NATIVE	OnlineStatsWrite.SetIntStat	Native|Public
NATIVE	OnlineSubsystem.AreUniqueNetIdsEqual	Final|Native|Static|Public|HasOutParms
NATIVE	OnlineSubsystem.GetBuildUniqueId	Native|Public
NATIVE	OnlineSubsystem.GetNumSupportedLogins	Final|Native|Static|Public
NATIVE	OnlineSubsystem.Init	Native|Event|Public
NATIVE	OnlineSubsystem.StringToUniqueNetId	Final|Native|Static|Public|HasOutParms
NATIVE	OnlineSubsystem.UniqueNetIdToString	Final|Native|Static|Public|HasOutParms
NATIVE	OnlineSubsystemCommonImpl.IsPlayerInSession	Native|Public
NATIVE	OnlineSubsystemPC.Init	Native|Event|Public
NATIVE	OnlineSubsystemPC.ReadProfileSettings	Native|Public
NATIVE	OnlineSubsystemPC.WriteProfileSettings	Native|Public
NATIVE	OnlineTitleFileDownloadMcp.ClearDownloadedFiles	Native|Public
NATIVE	OnlineTitleFileDownloadMcp.GetTitleFileContents	Native|Public|HasOutParms
NATIVE	OnlineTitleFileDownloadMcp.ReadTitleFile	Native|Public
NATIVE	ParticleSystem.GetCurrentLODMethod	Native|Public
NATIVE	ParticleSystem.GetLODDistance	Native|Public
NATIVE	ParticleSystem.GetLODLevelCount	Native|Public
NATIVE	ParticleSystem.SetCurrentLODMethod	Native|Public
NATIVE	ParticleSystem.SetLODDistance	Native|Public
NATIVE	ParticleSystemComponent.ActivateSystem	Final|Native|HasOptionalParms|Public
NATIVE	ParticleSystemComponent.ClearParameter	Final|Native|HasOptionalParms|Public
NATIVE	ParticleSystemComponent.DeactivateSystem	Final|Native|Public
NATIVE	ParticleSystemComponent.DetermineLODLevelForLocation	Native|Public
NATIVE	ParticleSystemComponent.GetActorParameter	Native|Public|HasOutParms
NATIVE	ParticleSystemComponent.GetColorParameter	Native|Public|HasOutParms
NATIVE	ParticleSystemComponent.GetEditorLODLevel	Final|Native|Public
NATIVE	ParticleSystemComponent.GetFloatParameter	Native|Public|HasOutParms
NATIVE	ParticleSystemComponent.GetLODLevel	Final|Native|Public
NATIVE	ParticleSystemComponent.GetMaterialParameter	Native|Public|HasOutParms
NATIVE	ParticleSystemComponent.GetSkipUpdateDynamicDataDuringTick	Final|Native|Public
NATIVE	ParticleSystemComponent.GetVectorParameter	Native|Public|HasOutParms
NATIVE	ParticleSystemComponent.KillParticlesForced	Final|Native|Public
NATIVE	ParticleSystemComponent.ResetToDefaults	Final|Native|Public
NATIVE	ParticleSystemComponent.RewindEmitterInstance	Native|Public
NATIVE	ParticleSystemComponent.RewindEmitterInstances	Native|Public
NATIVE	ParticleSystemComponent.SetActive	Final|Native|Public
NATIVE	ParticleSystemComponent.SetActorParameter	Final|Native|Public
NATIVE	ParticleSystemComponent.SetBeamDistance	Native|Public
NATIVE	ParticleSystemComponent.SetBeamEndPoint	Native|Public
NATIVE	ParticleSystemComponent.SetBeamSourcePoint	Native|Public
NATIVE	ParticleSystemComponent.SetBeamSourceStrength	Native|Public
NATIVE	ParticleSystemComponent.SetBeamSourceTangent	Native|Public
NATIVE	ParticleSystemComponent.SetBeamTargetPoint	Native|Public
NATIVE	ParticleSystemComponent.SetBeamTargetStrength	Native|Public
NATIVE	ParticleSystemComponent.SetBeamTargetTangent	Native|Public
NATIVE	ParticleSystemComponent.SetBeamTessellationFactor	Native|Public
NATIVE	ParticleSystemComponent.SetBeamType	Native|Public
NATIVE	ParticleSystemComponent.SetColorParameter	Final|Native|Public
NATIVE	ParticleSystemComponent.SetEditorLODLevel	Final|Native|Public
NATIVE	ParticleSystemComponent.SetFloatParameter	Final|Native|Public
NATIVE	ParticleSystemComponent.SetKillOnCompleted	Native|Public
NATIVE	ParticleSystemComponent.SetKillOnDeactivate	Native|Public
NATIVE	ParticleSystemComponent.SetLODLevel	Final|Native|Public
NATIVE	ParticleSystemComponent.SetMaterialParameter	Final|Native|Public
NATIVE	ParticleSystemComponent.SetSkipUpdateDynamicDataDuringTick	Final|Native|Public
NATIVE	ParticleSystemComponent.SetStopSpawning	Final|Native|Public
NATIVE	ParticleSystemComponent.SetTemplate	Final|Native|Public
NATIVE	ParticleSystemComponent.SetVectorParameter	Final|Native|Public
NATIVE	PartyBeacon.DestroyBeacon	Native|Event|Public
NATIVE	PartyBeaconClient.CancelReservation	Native|Public
NATIVE	PartyBeaconClient.DestroyBeacon	Native|Event|Public
NATIVE	PartyBeaconClient.RequestReservation	Native|Public|HasOutParms
NATIVE	PartyBeaconClient.RequestReservationUpdate	Native|Public|HasOutParms
NATIVE	PartyBeaconHost.AddPartyReservationEntry	Native|Public|HasOutParms
NATIVE	PartyBeaconHost.AppendReservationSkillsToSearch	Native|Public
NATIVE	PartyBeaconHost.DestroyBeacon	Native|Event|Public
NATIVE	PartyBeaconHost.GetMaxAvailableTeamSize	Native|Public
NATIVE	PartyBeaconHost.HandlePlayerLogout	Native|Public
NATIVE	PartyBeaconHost.InitHostBeacon	Native|Public
NATIVE	PartyBeaconHost.TellClientsHostHasCancelled	Native|Public
NATIVE	PartyBeaconHost.TellClientsHostIsReady	Native|Public
NATIVE	PartyBeaconHost.TellClientsToTravel	Native|Public
NATIVE	PartyBeaconHost.UpdatePartyReservationEntry	Native|Public|HasOutParms
NATIVE	Path_AvoidInEscapableNodes.CachePawnReacFlags	Final|Native|Private
NATIVE	Pawn.AddAnimSets	Final|Simulated|Native|Public|HasOutParms
NATIVE	Pawn.AddGoalEvaluator	Native|Public
NATIVE	Pawn.AddPathConstraint	Native|Public
NATIVE	Pawn.AdjustDestination	Final|Native|HasOptionalParms|Public
NATIVE	Pawn.CheckDesiredRotation	Final|Native|Public
NATIVE	Pawn.ClearConstraints	Native|Public
NATIVE	Pawn.ClearPathStep	Native|Public
NATIVE	Pawn.DrawPathStep	Native|Public
NATIVE	Pawn.ForceCrouch	Native|Public
NATIVE	Pawn.GetBestAnchor	Native|Public|HasOutParms
NATIVE	Pawn.GetBoundingCylinder	Native|Public|HasOutParms
NATIVE	Pawn.GetCurrentAttackTargetActor	Native|Public
NATIVE	Pawn.GetDefaultMeshTranslation	Native|Public
NATIVE	Pawn.GetFallDuration	Native|Public
NATIVE	Pawn.GetPawnViewLocation	Simulated|Native|Event|Public
NATIVE	Pawn.GetShieldKnockBackDistScale	Native|Public
NATIVE	Pawn.GetShieldKnockBackTimeScale	Native|Public
NATIVE	Pawn.GetTeamNum	Simulated|Native|Public
NATIVE	Pawn.GetVehicleBase	Native|Public
NATIVE	Pawn.GetViewRotation	Simulated|Native|Event|Public
NATIVE	Pawn.IncrementPathChild	Native|Public
NATIVE	Pawn.IncrementPathStep	Native|Public
NATIVE	Pawn.InitRagdoll	Native|Public
NATIVE	Pawn.IsAliveAndWell	Final|Simulated|Native|Public
NATIVE	Pawn.IsDesiredRotationInUse	Final|Native|Public
NATIVE	Pawn.IsDesiredRotationLocked	Final|Native|Public
NATIVE	Pawn.IsDoingASpecialMove	Simulated|Native|Public
NATIVE	Pawn.IsHumanControlled	Final|Simulated|Native|HasOptionalParms|Public
NATIVE	Pawn.IsInvisible	Native|Public
NATIVE	Pawn.IsLineCheckPhysMatResult	Native|Public
NATIVE	Pawn.IsLocallyControlled	Final|Simulated|Native|HasOptionalParms|Public
NATIVE	Pawn.IsPlayerPawn	Simulated|Native|Public
NATIVE	Pawn.IsValidEnemyTargetFor	Native|Public
NATIVE	Pawn.IsValidTargetFor	Native|Public
NATIVE	Pawn.LockDesiredRotation	Final|Native|HasOptionalParms|Public
NATIVE	Pawn.MAT_AutoReduceSlotAnimWeight	Native|Public
NATIVE	Pawn.MAT_BeginAnimControl	Native|Public
NATIVE	Pawn.MAT_FinishAnimControl	Native|Public
NATIVE	Pawn.MAT_SetAnimPosition	Native|Public
NATIVE	Pawn.MAT_SetAnimWeights	Native|Public
NATIVE	Pawn.MAT_SetMorphWeight	Native|Public
NATIVE	Pawn.MAT_SetSkelControlScale	Native|Public
NATIVE	Pawn.PickWallAdjust	Final|Native|Public
NATIVE	Pawn.PlayDeathRagdoll	Native|Public
NATIVE	Pawn.ReachedDesiredRotation	Final|Native|Public
NATIVE	Pawn.ReachedDestination	Native|Public
NATIVE	Pawn.ReachedPoint	Native|Public
NATIVE	Pawn.ResetDesiredRotation	Final|Native|Public
NATIVE	Pawn.SetAnchor	Native|Public
NATIVE	Pawn.SetDesiredRotation	Final|Native|HasOptionalParms|Public
NATIVE	Pawn.SetMeshTranslationOffset	Simulated|Native|HasOptionalParms|Public
NATIVE	Pawn.SetPushesRigidBodies	Native|Public
NATIVE	Pawn.SetRemoteViewPitch	Final|Native|Public
NATIVE	Pawn.SetRootMotionInterpCurrentTime	Native|HasOptionalParms|Public
NATIVE	Pawn.SetScalarParameterInterp	Final|Simulated|Native|Public|HasOutParms
NATIVE	Pawn.SuggestJumpVelocity	Native|Public|HasOutParms
NATIVE	Pawn.TermRagdoll	Native|Public
NATIVE	Pawn.UpdateAnimSetList	Final|Simulated|Native|Public
NATIVE	Pawn.ValidAnchor	Final|Native|Public
NATIVE	Pawn.VerifyTranslatedRootMotion	Simulated|Native|Public
NATIVE	PBRuleNodeMesh.PickRandomBuildingMesh	Native|Public
NATIVE	PhysicalMaterial.FindPhysEffectInfo	Native|Public
NATIVE	PhysicsAsset.DetectAABBHitGround	Native|HasOptionalParms|Public|HasOutParms
NATIVE	PhysicsAsset.DetectRBHitGround	Native|Public
NATIVE	PhysicsAsset.FindBodyIndex	Final|Native|Public
NATIVE	PhysicsAssetInstance.FindBodyInstance	Final|Native|Public
NATIVE	PhysicsAssetInstance.FindConstraintInstance	Final|Native|Public
NATIVE	PhysicsAssetInstance.ForceAllBodiesBelowUnfixed	Final|Native|Public|HasOutParms
NATIVE	PhysicsAssetInstance.GetTotalMassBelowBone	Final|Native|Public
NATIVE	PhysicsAssetInstance.SetAllBodiesFixed	Final|Native|Public
NATIVE	PhysicsAssetInstance.SetAllMotorsAngularDriveParams	Final|Native|HasOptionalParms|Public
NATIVE	PhysicsAssetInstance.SetAllMotorsAngularPositionDrive	Final|Native|HasOptionalParms|Public
NATIVE	PhysicsAssetInstance.SetAllMotorsAngularVelocityDrive	Final|Native|HasOptionalParms|Public
NATIVE	PhysicsAssetInstance.SetAngularDriveScale	Final|Native|Public
NATIVE	PhysicsAssetInstance.SetFullAnimWeightBlockRigidBody	Final|Native|Public
NATIVE	PhysicsAssetInstance.SetFullAnimWeightBonesFixed	Final|Native|Public
NATIVE	PhysicsAssetInstance.SetLinearDriveScale	Final|Native|Public
NATIVE	PhysicsAssetInstance.SetNamedBodiesBlockRigidBody	Final|Native|Public
NATIVE	PhysicsAssetInstance.SetNamedBodiesFixed	Final|Native|HasOptionalParms|Public
NATIVE	PhysicsAssetInstance.SetNamedMotorsAngularPositionDrive	Final|Native|HasOptionalParms|Public
NATIVE	PhysicsAssetInstance.SetNamedMotorsAngularVelocityDrive	Final|Native|HasOptionalParms|Public
NATIVE	PhysicsAssetInstance.SetNamedRBBoneSprings	Final|Native|Public
NATIVE	PhysicsVolume.GetGravityZ	Native|Public
NATIVE	PhysicsVolume.GetZoneVelocityForActor	Native|Public
NATIVE	PhysXDestructibleActor.Init	Native|Public
NATIVE	PhysXDestructibleActor.NativeSpawnEffects	Native|Public
NATIVE	PhysXDestructibleActor.NativeTakeDamage	Native|HasOptionalParms|Public
NATIVE	PhysXDestructibleActor.TakeRadiusDamage	Simulated|Native|HasOptionalParms|Public
NATIVE	PhysXDestructibleActor.Term	Native|Public
NATIVE	PhysXDestructiblePart.TakeDamage	Native|Event|HasOptionalParms|Public
NATIVE	PhysXDestructiblePart.TakeRadiusDamage	Simulated|Native|HasOptionalParms|Public
NATIVE	PhysXDestructibleStructure.CrumbleChunk	Native|Public
NATIVE	PhysXDestructibleStructure.DamageChunk	Native|Public|HasOutParms
NATIVE	PhysXDestructibleStructure.FractureChunk	Native|Public
NATIVE	PhysXDestructibleStructure.GetChunkCentroid	Native|Public
NATIVE	PhysXDestructibleStructure.GetChunkMatrix	Native|Public
NATIVE	PhysXEmitterSpawnable.Term	Native|Public
NATIVE	Player.SwitchController	Native|Public
NATIVE	PlayerController.CheckSpeedHack	Final|Native|Public
NATIVE	PlayerController.CheckViewTargetsBlendingConditions	Native|Public
NATIVE	PlayerController.CleanUpAudioComponents	Native|Public
NATIVE	PlayerController.ClientConvolve	Final|Net|NetReliable|Simulated|Native|Event|Private|NetClient
NATIVE	PlayerController.ClientFlushLevelStreaming	Final|Net|NetReliable|Simulated|Native|Event|Public|NetClient
NATIVE	PlayerController.ClientTravel	Net|NetReliable|Simulated|Native|Event|HasOptionalParms|Public|NetClient
NATIVE	PlayerController.ClientUpdateLevelStreamingStatus	Net|NetReliable|Simulated|Native|Public|NetClient
NATIVE	PlayerController.ConsoleCommand	Native|HasOptionalParms|Public
NATIVE	PlayerController.CopyToClipboard	Native|Public
NATIVE	PlayerController.CreateTTSSoundCue	Final|Simulated|Native|Private
NATIVE	PlayerController.FindStairRotation	Final|Native|Public
NATIVE	PlayerController.ForceSingleNetUpdateFor	Final|Native|Public
NATIVE	PlayerController.GetDefaultURL	Final|Native|Public
NATIVE	PlayerController.GetPlayerControllerFromNetId	Native|Static|Public
NATIVE	PlayerController.GetPlayerNetworkAddress	Final|Native|Public
NATIVE	PlayerController.GetPooledAudioComponent	Native|HasOptionalParms|Public
NATIVE	PlayerController.GetServerNetworkAddress	Final|Native|Public
NATIVE	PlayerController.GetViewTarget	Native|Public
NATIVE	PlayerController.HasClientLoadedCurrentWorld	Final|Native|Public
NATIVE	PlayerController.IsControllerTiltActive	Simulated|Native|Public
NATIVE	PlayerController.IsKeyboardAvailable	Simulated|Native|Public
NATIVE	PlayerController.IsLocalPlayerController	Native|Public
NATIVE	PlayerController.IsMouseAvailable	Simulated|Native|Public
NATIVE	PlayerController.IsPlayerMuted	Final|Native|Public|HasOutParms
NATIVE	PlayerController.IsShowingSubtitles	Simulated|Native|Public
NATIVE	PlayerController.LogOutBugItAIGoToLogFile	Final|Native|Private
NATIVE	PlayerController.LogOutBugItGoToLogFile	Final|Native|Private
NATIVE	PlayerController.PasteFromClipboard	Native|Public
NATIVE	PlayerController.ServerNotifyLoadedWorld	Final|Net|NetReliable|Native|Event|Public|NetServer
NATIVE	PlayerController.ServerProcessConvolve	Final|Net|NetReliable|Native|Event|Private|NetServer
NATIVE	PlayerController.ServerUpdateLevelVisibility	Final|Net|NetReliable|Native|Event|Public|NetServer
NATIVE	PlayerController.SetAllowMatureLanguage	Native|Public
NATIVE	PlayerController.SetAudioGroupVolume	Exec|Native|Public
NATIVE	PlayerController.SetControllerTiltActive	Simulated|Native|Public
NATIVE	PlayerController.SetControllerTiltDesiredIfAvailable	Simulated|Native|Public
NATIVE	PlayerController.SetNetSpeed	Final|Native|Public
NATIVE	PlayerController.SetOnlyUseControllerTiltInput	Simulated|Native|Public
NATIVE	PlayerController.SetRenderSubtitles	Simulated|Exec|Native|Public
NATIVE	PlayerController.SetShowSubtitles	Simulated|Exec|Native|Public
NATIVE	PlayerController.SetUseTiltForwardAndBack	Simulated|Native|Public
NATIVE	PlayerController.SetViewTarget	Native|HasOptionalParms|Public
NATIVE	PlayerController.UpdateURL	Final|Native|Public
NATIVE	PlayerInput.DisablePlayerInput	Native|Public
NATIVE	PlayerReplicationInfo.GetPlayerAlias	Native|Public
NATIVE	PlayerReplicationInfo.GetTeamNum	Simulated|Native|Public
NATIVE	PlayerReplicationInfo.UpdatePing	Final|Native|Public
NATIVE	PointLightComponent.SetTranslation	Final|Native|Public
NATIVE	PortalMarker.CanTeleport	Native|Public
NATIVE	PortalTeleporter.CreatePortalTexture	Final|Native|Public
NATIVE	PortalTeleporter.TransformActor	Final|Native|Public
NATIVE	PortalTeleporter.TransformHitLocation	Final|Native|Public
NATIVE	PortalTeleporter.TransformVectorDir	Final|Native|Public
NATIVE	PrefabSequence.GetOwnerPrefab	Final|Native|Public
NATIVE	PrefabSequence.SetOwnerPrefab	Final|Native|Public
NATIVE	PrimitiveComponent.AddForce	Final|Native|HasOptionalParms|Public
NATIVE	PrimitiveComponent.AddImpulse	Final|Native|HasOptionalParms|Public
NATIVE	PrimitiveComponent.AddRadialForce	Final|Native|Public
NATIVE	PrimitiveComponent.AddRadialImpulse	Final|Native|HasOptionalParms|Public
NATIVE	PrimitiveComponent.AddTorque	Final|Native|HasOptionalParms|Public
NATIVE	PrimitiveComponent.AddTorqueImpulse	Final|Native|HasOptionalParms|Public
NATIVE	PrimitiveComponent.ClosestPointOnComponentToComponent	Native|Public|HasOutParms
NATIVE	PrimitiveComponent.ClosestPointOnComponentToPoint	Final|Native|Public|HasOutParms
NATIVE	PrimitiveComponent.EnableForceTranslucency	Native|HasOptionalParms|Public
NATIVE	PrimitiveComponent.GetRootBodyInstance	Final|Native|Public
NATIVE	PrimitiveComponent.GetRotation	Final|Native|Public
NATIVE	PrimitiveComponent.InitRBPhys	Final|Native|Public
NATIVE	PrimitiveComponent.PutRigidBodyToSleep	Final|Native|HasOptionalParms|Public
NATIVE	PrimitiveComponent.RetardRBLinearVelocity	Final|Native|Public
NATIVE	PrimitiveComponent.RigidBodyIsAwake	Final|Native|HasOptionalParms|Public
NATIVE	PrimitiveComponent.SetAbsolute	Native|HasOptionalParms|Public
NATIVE	PrimitiveComponent.SetActorCollision	Final|Native|HasOptionalParms|Public
NATIVE	PrimitiveComponent.SetBlockRigidBody	Final|Native|Public
NATIVE	PrimitiveComponent.SetCullDistance	Final|Native|Public
NATIVE	PrimitiveComponent.SetDepthPriorityGroup	Final|Native|Public
NATIVE	PrimitiveComponent.SetHidden	Final|Native|Public
NATIVE	PrimitiveComponent.SetIgnoreOwnerHidden	Final|Native|Public
NATIVE	PrimitiveComponent.SetLightEnvironment	Final|Native|Public
NATIVE	PrimitiveComponent.SetLightingChannels	Final|Native|Public
NATIVE	PrimitiveComponent.SetNotifyRigidBodyCollision	Final|Native|Public
NATIVE	PrimitiveComponent.SetOnlyOwnerSee	Final|Native|Public
NATIVE	PrimitiveComponent.SetOwnerNoSee	Final|Native|Public
NATIVE	PrimitiveComponent.SetPhysMaterialOverride	Final|Native|Public
NATIVE	PrimitiveComponent.SetRBAngularVelocity	Final|Native|HasOptionalParms|Public
NATIVE	PrimitiveComponent.SetRBChannel	Final|Native|Public
NATIVE	PrimitiveComponent.SetRBCollidesWithChannel	Final|Native|Public
NATIVE	PrimitiveComponent.SetRBCollisionChannels	Final|Native|Public
NATIVE	PrimitiveComponent.SetRBDominanceGroup	Final|Native|Public
NATIVE	PrimitiveComponent.SetRBLinearVelocity	Final|Native|HasOptionalParms|Public
NATIVE	PrimitiveComponent.SetRBMaxAngularVelocity	Final|Native|Public
NATIVE	PrimitiveComponent.SetRBPosition	Final|Native|HasOptionalParms|Public
NATIVE	PrimitiveComponent.SetRBRotation	Final|Native|HasOptionalParms|Public
NATIVE	PrimitiveComponent.SetRotation	Native|Public
NATIVE	PrimitiveComponent.SetScale	Native|Public
NATIVE	PrimitiveComponent.SetScale3D	Native|Public
NATIVE	PrimitiveComponent.SetShadowParent	Final|Native|Public
NATIVE	PrimitiveComponent.SetTraceBlocking	Final|Native|Public
NATIVE	PrimitiveComponent.SetTranslation	Native|Public
NATIVE	PrimitiveComponent.SetViewOwnerDepthPriorityGroup	Final|Native|Public
NATIVE	PrimitiveComponent.WakeRigidBody	Final|Native|HasOptionalParms|Public
NATIVE	ProcBuilding.BreakFractureComponent	Native|Public
NATIVE	ProcBuilding.ClearBuildingMeshes	Native|Public
NATIVE	ProcBuilding.FindComponentsForTopLevelScope	Native|Public
NATIVE	ProcBuilding.FindEdgeForTopLevelScope	Native|Public
NATIVE	ProcBuilding.GetAllGroupedProcBuildings	Native|Public|HasOutParms
NATIVE	ProcBuilding.GetBaseMostBuilding	Native|Public
NATIVE	Projectile.GetTeamNum	Simulated|Native|Public
NATIVE	Pylon.CanReachPylon	Native|Public
NATIVE	RadialBlurComponent.SetBlurFalloffExponent	Native|Public
NATIVE	RadialBlurComponent.SetBlurOpacity	Native|Public
NATIVE	RadialBlurComponent.SetBlurScale	Native|Public
NATIVE	RadialBlurComponent.SetEnabled	Native|Public
NATIVE	RadialBlurComponent.SetMaterial	Native|Public
NATIVE	RB_BodyInstance.EnableBoneSpring	Final|Native|Public|HasOutParms
NATIVE	RB_BodyInstance.EnableCollisionResponse	Final|Native|Public
NATIVE	RB_BodyInstance.GetBodyMass	Final|Native|Public
NATIVE	RB_BodyInstance.GetPhysicsAssetInstance	Final|Native|Public
NATIVE	RB_BodyInstance.GetUnrealWorldAngularVelocity	Final|Native|Public
NATIVE	RB_BodyInstance.GetUnrealWorldTM	Final|Native|Public
NATIVE	RB_BodyInstance.GetUnrealWorldVelocity	Final|Native|Public
NATIVE	RB_BodyInstance.GetUnrealWorldVelocityAtPoint	Final|Native|Public
NATIVE	RB_BodyInstance.IsFixed	Final|Native|Public
NATIVE	RB_BodyInstance.IsValidBodyInstance	Final|Native|Public
NATIVE	RB_BodyInstance.SetBlockRigidBody	Final|Native|Public
NATIVE	RB_BodyInstance.SetBoneSpringParams	Final|Native|Public
NATIVE	RB_BodyInstance.SetBoneSpringTarget	Final|Native|Public|HasOutParms
NATIVE	RB_BodyInstance.SetContactReportForceThreshold	Final|Native|Public
NATIVE	RB_BodyInstance.SetFixed	Final|Native|Public
NATIVE	RB_BodyInstance.SetPhysMaterialOverride	Final|Native|Public
NATIVE	RB_BodyInstance.UpdateDampingProperties	Final|Native|Public
NATIVE	RB_BodyInstance.UpdateMassProperties	Final|Native|Public
NATIVE	RB_ConstraintActor.InitConstraint	Final|Native|HasOptionalParms|Public
NATIVE	RB_ConstraintActor.SetDisableCollision	Final|Native|Public
NATIVE	RB_ConstraintActor.TermConstraint	Final|Native|Public
NATIVE	RB_ConstraintInstance.GetConstraintLocation	Final|Native|Public
NATIVE	RB_ConstraintInstance.GetPhysicsAssetInstance	Final|Native|Public
NATIVE	RB_ConstraintInstance.InitConstraint	Final|Native|Public
NATIVE	RB_ConstraintInstance.MoveKinActorTransform	Final|Native|Public|HasOutParms
NATIVE	RB_ConstraintInstance.SetAngularDOFLimitScale	Final|Native|Public
NATIVE	RB_ConstraintInstance.SetAngularDriveParams	Final|Native|Public
NATIVE	RB_ConstraintInstance.SetAngularPositionDrive	Final|Native|Public
NATIVE	RB_ConstraintInstance.SetAngularPositionTarget	Final|Native|Public|HasOutParms
NATIVE	RB_ConstraintInstance.SetAngularVelocityDrive	Final|Native|Public
NATIVE	RB_ConstraintInstance.SetAngularVelocityTarget	Final|Native|Public
NATIVE	RB_ConstraintInstance.SetLinearDriveParams	Final|Native|Public
NATIVE	RB_ConstraintInstance.SetLinearLimitSize	Final|Native|Public
NATIVE	RB_ConstraintInstance.SetLinearPositionDrive	Final|Native|Public
NATIVE	RB_ConstraintInstance.SetLinearPositionTarget	Final|Native|Public
NATIVE	RB_ConstraintInstance.SetLinearVelocityDrive	Final|Native|Public
NATIVE	RB_ConstraintInstance.SetLinearVelocityTarget	Final|Native|Public
NATIVE	RB_ConstraintInstance.TermConstraint	Final|Native|Public
NATIVE	RB_Handle.GetOrientation	Native|Public
NATIVE	RB_Handle.GrabComponent	Native|Public
NATIVE	RB_Handle.ReleaseComponent	Native|Public
NATIVE	RB_Handle.SetLocation	Native|Public
NATIVE	RB_Handle.SetOrientation	Native|Public|HasOutParms
NATIVE	RB_Handle.SetSmoothLocation	Native|Public
NATIVE	RB_Handle.UpdateSmoothLocation	Native|Public|HasOutParms
NATIVE	RB_LineImpulseActor.FireLineImpulse	Final|Native|Public
NATIVE	RB_RadialImpulseComponent.FireImpulse	Native|Public
NATIVE	RB_Spring.Clear	Native|Public
NATIVE	RB_Spring.SetComponents	Native|Public
NATIVE	ReachSpec.CostFor	Final|Native|Public
NATIVE	ReachSpec.GetDirection	Final|Native|Public
NATIVE	ReachSpec.GetEnd	Final|Native|Public
NATIVE	Route.MoveOntoRoutePath	Final|Native|HasOptionalParms|Public
NATIVE	Route.ResolveRouteIndex	Final|Native|Public|HasOutParms
NATIVE	SceneCapture2DComponent.SetCaptureParameters	Final|Native|HasOptionalParms|Public
NATIVE	SceneCapture2DComponent.SetView	Final|Native|Public
NATIVE	SceneCapture2DHitMaskComponent.SetCaptureParameters	Final|Native|Public
NATIVE	SceneCapture2DHitMaskComponent.SetCaptureTargetTexture	Final|Native|Public
NATIVE	SceneCaptureComponent.SetEnabled	Final|Simulated|Native|Public
NATIVE	SceneCaptureComponent.SetFrameRate	Final|Native|Public
NATIVE	SceneCapturePortalComponent.SetCaptureParameters	Final|Native|HasOptionalParms|Public
NATIVE	SeqAct_Delay.ResetDelayActive	Native|Public
NATIVE	SeqAct_GameCrowdSpawner.CacheSpawnerVars	Simulated|Native|Public
NATIVE	SeqAct_GameCrowdSpawner.KillAgents	Simulated|Native|Public
NATIVE	SeqAct_GameCrowdSpawner.SpawnedAgent	Native|Public
NATIVE	SeqAct_GameCrowdSpawner.UpdateSpawning	Simulated|Native|Public
NATIVE	SeqAct_Interp.AddPlayerToDirectorTracks	Final|Native|Public
NATIVE	SeqAct_Interp.SetPosition	Final|Native|HasOptionalParms|Public
NATIVE	SeqAct_Interp.Stop	Final|Native|Public
NATIVE	SeqAct_Latent.AbortFor	Native|Public
NATIVE	SeqEvent_Touch.CheckTouchActivate	Final|Native|HasOptionalParms|Public
NATIVE	SeqEvent_Touch.CheckUnTouchActivate	Final|Native|HasOptionalParms|Public
NATIVE	Sequence.FindSeqObjectsByClass	Final|Native|Public|HasOutParms
NATIVE	Sequence.FindSeqObjectsByName	Final|Native|HasOptionalParms|Public|HasOutParms
NATIVE	Sequence.SetEnabled	Final|Native|Public
NATIVE	SequenceEvent.CheckActivate	Final|Native|HasOptionalParms|Public|HasOutParms
NATIVE	SequenceObject.GetWorldInfo	Final|Native|Public
NATIVE	SequenceObject.ScriptLog	Final|Native|HasOptionalParms|Public
NATIVE	SequenceOp.ActivateNamedOutputLink	Final|Native|Public
NATIVE	SequenceOp.ActivateOutputLink	Final|Native|Public
NATIVE	SequenceOp.ForceActivateInput	Final|Native|Public
NATIVE	SequenceOp.GetBoolVars	Final|Native|HasOptionalParms|Public|HasOutParms
NATIVE	SequenceOp.GetInterpDataVars	Final|Native|HasOptionalParms|Public|HasOutParms
NATIVE	SequenceOp.GetLinkedObjects	Final|Native|HasOptionalParms|Public|HasOutParms
NATIVE	SequenceOp.GetObjectVars	Final|Native|HasOptionalParms|Public|HasOutParms
NATIVE	SequenceOp.HasLinkedOps	Final|Native|HasOptionalParms|Public
NATIVE	SequenceOp.LinkedVariables	Final|Iterator|Native|HasOptionalParms|Public|HasOutParms
NATIVE	SequenceOp.PopulateLinkedVariableValues	Final|Native|Public
NATIVE	SequenceOp.PublishLinkedVariableValues	Final|Native|Public
NATIVE	SeqVar_Player.UpdatePlayersList	Final|Native|Public
NATIVE	SeqVar_PlayerPawn.UpdatePlayersList	Final|Native|Public
NATIVE	SessionSettingsProvider.BindProviderClient	Final|Native|Public
NATIVE	SessionSettingsProvider.UnbindProviderClient	Final|Native|Public
NATIVE	Settings.AppendContextsToURL	Native|Public|HasOutParms
NATIVE	Settings.AppendDataBindingsToURL	Native|Public|HasOutParms
NATIVE	Settings.AppendPropertiesToURL	Native|Public|HasOutParms
NATIVE	Settings.BuildURL	Native|Public|HasOutParms
NATIVE	Settings.EmptySettingsData	Native|Static|Public|HasOutParms
NATIVE	Settings.GetFloatProperty	Native|Public|HasOutParms
NATIVE	Settings.GetIntProperty	Native|Public|HasOutParms
NATIVE	Settings.GetPropertyAsString	Native|Public
NATIVE	Settings.GetPropertyAsStringByName	Native|Public
NATIVE	Settings.GetPropertyColumnHeader	Native|Public
NATIVE	Settings.GetPropertyId	Native|Public|HasOutParms
NATIVE	Settings.GetPropertyMappingType	Native|Public|HasOutParms
NATIVE	Settings.GetPropertyName	Native|Public
NATIVE	Settings.GetPropertyRange	Native|Public|HasOutParms
NATIVE	Settings.GetPropertyType	Native|Public
NATIVE	Settings.GetPropertyValueId	Native|Public|HasOutParms
NATIVE	Settings.GetQoSAdvertisedProperties	Native|Public|HasOutParms
NATIVE	Settings.GetQoSAdvertisedStringSettings	Native|Public|HasOutParms
NATIVE	Settings.GetRangedPropertyValue	Native|Public|HasOutParms
NATIVE	Settings.GetSettingsDataBlob	Native|Static|Public|HasOutParms
NATIVE	Settings.GetSettingsDataDateTime	Native|Static|Public|HasOutParms
NATIVE	Settings.GetSettingsDataFloat	Native|Static|Public|HasOutParms
NATIVE	Settings.GetSettingsDataInt	Native|Static|Public|HasOutParms
NATIVE	Settings.GetSettingsDataString	Native|Static|Public|HasOutParms
NATIVE	Settings.GetStringProperty	Native|Public|HasOutParms
NATIVE	Settings.GetStringSettingColumnHeader	Native|Public
NATIVE	Settings.GetStringSettingId	Native|Public|HasOutParms
NATIVE	Settings.GetStringSettingName	Native|Public
NATIVE	Settings.GetStringSettingValue	Native|Public|HasOutParms
NATIVE	Settings.GetStringSettingValueByName	Native|Public|HasOutParms
NATIVE	Settings.GetStringSettingValueName	Native|Public
NATIVE	Settings.GetStringSettingValueNameByName	Native|Public
NATIVE	Settings.GetStringSettingValueNames	Native|Public|HasOutParms
NATIVE	Settings.HasProperty	Native|Public
NATIVE	Settings.HasStringSetting	Native|Public
NATIVE	Settings.IncrementStringSettingValue	Native|Public
NATIVE	Settings.IsWildcardStringSetting	Native|Public
NATIVE	Settings.SetFloatProperty	Native|Public
NATIVE	Settings.SetIntProperty	Native|Public
NATIVE	Settings.SetPropertyFromStringByName	Native|Public|HasOutParms
NATIVE	Settings.SetPropertyValueId	Native|Public
NATIVE	Settings.SetRangedPropertyValue	Native|Public
NATIVE	Settings.SetSettingsData	Native|Static|Public|HasOutParms
NATIVE	Settings.SetSettingsDataBlob	Native|Static|Public|HasOutParms
NATIVE	Settings.SetSettingsDataDateTime	Native|Static|Public|HasOutParms
NATIVE	Settings.SetSettingsDataFloat	Native|Static|Public|HasOutParms
NATIVE	Settings.SetSettingsDataInt	Native|Static|Public|HasOutParms
NATIVE	Settings.SetSettingsDataString	Native|Static|Public|HasOutParms
NATIVE	Settings.SetStringProperty	Native|Public
NATIVE	Settings.SetStringSettingValue	Native|HasOptionalParms|Public
NATIVE	Settings.SetStringSettingValueByName	Native|Public
NATIVE	Settings.SetStringSettingValueFromStringByName	Native|Public|HasOutParms
NATIVE	Settings.UpdateFromURL	Native|Public|HasOutParms
NATIVE	Settings.UpdateProperties	Native|HasOptionalParms|Public|HasOutParms
NATIVE	Settings.UpdateStringSettings	Native|HasOptionalParms|Public|HasOutParms
NATIVE	SkelControlBase.SetSkelControlActive	Final|Native|Public
NATIVE	SkelControlBase.SetSkelControlStrength	Final|Native|Public
NATIVE	SkelControlLookAt.CanLookAtPoint	Final|Native|HasOptionalParms|Public
NATIVE	SkelControlLookAt.InterpolateTargetLocation	Final|Native|Public
NATIVE	SkelControlLookAt.SetLookAtAlpha	Final|Native|Public
NATIVE	SkelControlLookAt.SetTargetLocation	Final|Native|Public
NATIVE	SkeletalMeshActor.GetFaceFXSkelMeshComp	Native|Public
NATIVE	SkeletalMeshActor.MAT_BeginAnimControl	Native|Public
NATIVE	SkeletalMeshActor.MAT_FinishAnimControl	Native|Public
NATIVE	SkeletalMeshActor.PlayQueuedSpeakLine	Final|Simulated|Native|Private
NATIVE	SkeletalMeshActor.ShouldFilterOutSpeech	Final|Simulated|Native|Private
NATIVE	SkeletalMeshActor.ShouldSuppressSubtitlesForQueuedSpeakLine	Final|Simulated|Native|Private
NATIVE	SkeletalMeshActor.SpeakLine	Final|Simulated|Native|HasOptionalParms|Public
NATIVE	SkeletalMeshActor.UpdateAnimSetList	Simulated|Native|Public
NATIVE	SkeletalMeshActorMAT_HeadBody.GetFaceFXSkelMeshComp	Native|Public
NATIVE	SkeletalMeshActorMAT.MAT_AutoReduceSlotAnimWeight	Native|Public
NATIVE	SkeletalMeshActorMAT.MAT_SetAnimPosition	Native|Public
NATIVE	SkeletalMeshActorMAT.MAT_SetAnimWeights	Native|Public
NATIVE	SkeletalMeshActorMAT.MAT_SetMorphWeight	Native|Public
NATIVE	SkeletalMeshActorMAT.MAT_SetSkelControlScale	Native|Public
NATIVE	SkeletalMeshComponent.ActiveFakeRootMotion	Final|Native|Public
NATIVE	SkeletalMeshComponent.AddInstanceVertexWeightBoneParented	Final|Native|HasOptionalParms|Public
NATIVE	SkeletalMeshComponent.AllAnimNodes	Final|Iterator|Native|Public|HasOutParms
NATIVE	SkeletalMeshComponent.AttachClothToCollidingShapes	Final|Simulated|Native|Public
NATIVE	SkeletalMeshComponent.AttachComponent	Final|Native|HasOptionalParms|Public
NATIVE	SkeletalMeshComponent.AttachComponentToSocket	Final|Native|Public
NATIVE	SkeletalMeshComponent.AttachedComponents	Final|Iterator|Native|Public|HasOutParms
NATIVE	SkeletalMeshComponent.AutoSetMaterialsForSkelComponent	Native|HasOptionalParms|Public
NATIVE	SkeletalMeshComponent.BoneIsChildOf	Final|Native|Public
NATIVE	SkeletalMeshComponent.DeclareFaceFXRegister	Final|Native|Public
NATIVE	SkeletalMeshComponent.DetachComponent	Final|Native|Public
NATIVE	SkeletalMeshComponent.EnableClothValidBounds	Final|Simulated|Native|Public
NATIVE	SkeletalMeshComponent.FindAnimNode	Final|Native|Public
NATIVE	SkeletalMeshComponent.FindAnimSequence	Final|Native|Public
NATIVE	SkeletalMeshComponent.FindBodyInstanceNamed	Final|Native|Public
NATIVE	SkeletalMeshComponent.FindClosestBone	Final|Native|HasOptionalParms|Public|HasOutParms
NATIVE	SkeletalMeshComponent.FindComponentAttachedToBone	Final|Native|Public
NATIVE	SkeletalMeshComponent.FindConstraintBoneName	Final|Native|Public
NATIVE	SkeletalMeshComponent.FindConstraintIndex	Final|Native|Public
NATIVE	SkeletalMeshComponent.FindInstanceVertexweightBonePair	Final|Native|Public
NATIVE	SkeletalMeshComponent.FindMorphNode	Final|Native|Public
NATIVE	SkeletalMeshComponent.FindMorphTarget	Final|Native|Public
NATIVE	SkeletalMeshComponent.FindSkelControl	Final|Native|Public
NATIVE	SkeletalMeshComponent.ForceSkelUpdate	Final|Native|Public
NATIVE	SkeletalMeshComponent.GetBoneAxis	Final|Native|Public
NATIVE	SkeletalMeshComponent.GetBoneLocation	Final|Native|HasOptionalParms|Public
NATIVE	SkeletalMeshComponent.GetBoneMatrix	Final|Native|Public
NATIVE	SkeletalMeshComponent.GetBoneName	Final|Native|Public
NATIVE	SkeletalMeshComponent.GetBoneNames	Final|Native|Public|HasOutParms
NATIVE	SkeletalMeshComponent.GetBoneQuaternion	Final|Native|HasOptionalParms|Public
NATIVE	SkeletalMeshComponent.GetBonesWithinRadius	Final|Native|Public|HasOutParms
NATIVE	SkeletalMeshComponent.GetClosestCollidingBoneLocation	Final|Native|Public
NATIVE	SkeletalMeshComponent.GetClothAttachmentResponseCoefficient	Final|Simulated|Native|Public
NATIVE	SkeletalMeshComponent.GetClothAttachmentTearFactor	Final|Simulated|Native|Public
NATIVE	SkeletalMeshComponent.GetClothBendingStiffness	Final|Simulated|Native|Public
NATIVE	SkeletalMeshComponent.GetClothCollisionResponseCoefficient	Final|Simulated|Native|Public
NATIVE	SkeletalMeshComponent.GetClothDampingCoefficient	Final|Simulated|Native|Public
NATIVE	SkeletalMeshComponent.GetClothFlags	Final|Simulated|Native|Public
NATIVE	SkeletalMeshComponent.GetClothFriction	Final|Simulated|Native|Public
NATIVE	SkeletalMeshComponent.GetClothPressure	Final|Simulated|Native|Public
NATIVE	SkeletalMeshComponent.GetClothSleepLinearVelocity	Final|Simulated|Native|Public
NATIVE	SkeletalMeshComponent.GetClothSolverIterations	Final|Simulated|Native|Public
NATIVE	SkeletalMeshComponent.GetClothStretchingStiffness	Final|Simulated|Native|Public
NATIVE	SkeletalMeshComponent.GetClothTearFactor	Final|Simulated|Native|Public
NATIVE	SkeletalMeshComponent.GetClothThickness	Final|Simulated|Native|Public
NATIVE	SkeletalMeshComponent.GetFaceFXRegister	Final|Native|Public
NATIVE	SkeletalMeshComponent.GetParentBone	Final|Native|Public
NATIVE	SkeletalMeshComponent.GetPhysicsAssetBoneLocation	Final|Native|HasOptionalParms|Public
NATIVE	SkeletalMeshComponent.GetRefPosePosition	Final|Native|Public
NATIVE	SkeletalMeshComponent.GetSocketBoneName	Final|Native|Public
NATIVE	SkeletalMeshComponent.GetSocketByName	Final|Native|Public
NATIVE	SkeletalMeshComponent.GetSocketWorldLocationAndRotation	Final|Native|HasOptionalParms|Public|HasOutParms
NATIVE	SkeletalMeshComponent.HideBone	Final|Native|Public
NATIVE	SkeletalMeshComponent.HideBoneByName	Final|Native|Public
NATIVE	SkeletalMeshComponent.InitMorphTargets	Final|Native|Public
NATIVE	SkeletalMeshComponent.InitSkelControls	Final|Native|Public
NATIVE	SkeletalMeshComponent.IsBoneHidden	Final|Native|Public
NATIVE	SkeletalMeshComponent.IsComponentAttached	Final|Native|HasOptionalParms|Public
NATIVE	SkeletalMeshComponent.IsPlayingFaceFXAnim	Final|Native|Public
NATIVE	SkeletalMeshComponent.MatchRefBone	Final|Native|Public
NATIVE	SkeletalMeshComponent.PlayFaceFXAnim	Final|Native|Public
NATIVE	SkeletalMeshComponent.RemoveInstanceVertexWeightBoneParented	Final|Native|Public
NATIVE	SkeletalMeshComponent.ResetClothVertsToRefPose	Final|Simulated|Native|Public
NATIVE	SkeletalMeshComponent.RestoreSavedAnimSets	Final|Native|Public
NATIVE	SkeletalMeshComponent.SaveAnimSets	Final|Native|Public
NATIVE	SkeletalMeshComponent.SetAnimTreeTemplate	Final|Native|Public
NATIVE	SkeletalMeshComponent.SetAttachClothVertsToBaseBody	Final|Simulated|Native|Public
NATIVE	SkeletalMeshComponent.SetClothAttachmentResponseCoefficient	Final|Simulated|Native|Public
NATIVE	SkeletalMeshComponent.SetClothAttachmentTearFactor	Final|Simulated|Native|Public
NATIVE	SkeletalMeshComponent.SetClothBendingStiffness	Final|Simulated|Native|Public
NATIVE	SkeletalMeshComponent.SetClothCollisionResponseCoefficient	Final|Simulated|Native|Public
NATIVE	SkeletalMeshComponent.SetClothDampingCoefficient	Final|Simulated|Native|Public
NATIVE	SkeletalMeshComponent.SetClothExternalForce	Final|Simulated|Native|Public
NATIVE	SkeletalMeshComponent.SetClothFlags	Final|Simulated|Native|Public
NATIVE	SkeletalMeshComponent.SetClothFriction	Final|Simulated|Native|Public
NATIVE	SkeletalMeshComponent.SetClothFrozen	Final|Simulated|Native|Public
NATIVE	SkeletalMeshComponent.SetClothPosition	Final|Simulated|Native|Public
NATIVE	SkeletalMeshComponent.SetClothPressure	Final|Simulated|Native|Public
NATIVE	SkeletalMeshComponent.SetClothSleep	Final|Simulated|Native|Public
NATIVE	SkeletalMeshComponent.SetClothSleepLinearVelocity	Final|Simulated|Native|Public
NATIVE	SkeletalMeshComponent.SetClothSolverIterations	Final|Simulated|Native|Public
NATIVE	SkeletalMeshComponent.SetClothStretchingStiffness	Final|Simulated|Native|Public
NATIVE	SkeletalMeshComponent.SetClothTearFactor	Final|Simulated|Native|Public
NATIVE	SkeletalMeshComponent.SetClothThickness	Final|Simulated|Native|Public
NATIVE	SkeletalMeshComponent.SetClothValidBounds	Final|Simulated|Native|Public
NATIVE	SkeletalMeshComponent.SetClothVelocity	Final|Simulated|Native|Public
NATIVE	SkeletalMeshComponent.SetEnableClothingSimulation	Final|Simulated|Native|Public
NATIVE	SkeletalMeshComponent.SetEnableClothSimulation	Final|Simulated|Native|Public
NATIVE	SkeletalMeshComponent.SetFaceFXRegister	Final|Native|HasOptionalParms|Public
NATIVE	SkeletalMeshComponent.SetFaceFXRegisterEx	Final|Native|Public
NATIVE	SkeletalMeshComponent.SetFakeRootMotionPara	Final|Native|Public
NATIVE	SkeletalMeshComponent.SetForceRefPose	Final|Simulated|Native|Public
NATIVE	SkeletalMeshComponent.SetHasPhysicsAssetInstance	Final|Native|Public
NATIVE	SkeletalMeshComponent.SetMorphWeight	Native|Public
NATIVE	SkeletalMeshComponent.SetParentAnimComponent	Final|Native|Public
NATIVE	SkeletalMeshComponent.SetPhysicsAsset	Final|Simulated|Native|HasOptionalParms|Public
NATIVE	SkeletalMeshComponent.SetRefSkelMesh	Final|Simulated|Native|Public
NATIVE	SkeletalMeshComponent.SetSkeletalMesh	Final|Simulated|Native|HasOptionalParms|Public
NATIVE	SkeletalMeshComponent.SetSoftBodyFrozen	Final|Simulated|Native|Public
NATIVE	SkeletalMeshComponent.ShowMaterialSection	Final|Simulated|Native|Public
NATIVE	SkeletalMeshComponent.StopFaceFXAnim	Final|Native|Public
NATIVE	SkeletalMeshComponent.ToggleInstanceVertexWeights	Final|Native|Public
NATIVE	SkeletalMeshComponent.TransformFromBoneSpace	Final|Native|Public|HasOutParms
NATIVE	SkeletalMeshComponent.TransformToBoneSpace	Final|Native|Public|HasOutParms
NATIVE	SkeletalMeshComponent.UnHideBone	Final|Native|Public
NATIVE	SkeletalMeshComponent.UnHideBoneByName	Final|Native|Public
NATIVE	SkeletalMeshComponent.UpdateAnimations	Final|Native|Public
NATIVE	SkeletalMeshComponent.UpdateClothParams	Final|Simulated|Native|Public
NATIVE	SkeletalMeshComponent.UpdateInstanceVertexWeightBones	Final|Native|Public
NATIVE	SkeletalMeshComponent.UpdateMeshForBrokenConstraints	Final|Simulated|Native|Public
NATIVE	SkeletalMeshComponent.UpdateParentBoneMap	Final|Native|Public
NATIVE	SkeletalMeshComponent.UpdateRBBonesFromSpaceBases	Final|Native|Public
NATIVE	SkeletalMeshComponent.UpdateSoftBodyParams	Final|Simulated|Native|Public
NATIVE	SkeletalMeshComponent.WakeSoftBody	Final|Simulated|Native|Public
NATIVE	SoundCue.GetCueDuration	Native|Public
NATIVE	SoundNodeWaveStreaming.AvailableAudioBytes	Native|Event|Public
NATIVE	SoundNodeWaveStreaming.GeneratePCMData	Native|Event|Public|HasOutParms
NATIVE	SoundNodeWaveStreaming.QueueAudio	Native|Event|Public
NATIVE	SoundNodeWaveStreaming.ResetAudio	Native|Event|Public
NATIVE	SpeedTreeComponent.GetMaterial	Native|Public
NATIVE	SpeedTreeComponent.SetMaterial	Native|Public
NATIVE	SphereComponent.SetSphereSize	Final|Native|Public
NATIVE	SplineActor.AddConnectionTo	Native|Public
NATIVE	SplineActor.BreakAllConnections	Native|Public
NATIVE	SplineActor.BreakAllConnectionsFrom	Native|Public
NATIVE	SplineActor.BreakConnectionTo	Native|Public
NATIVE	SplineActor.FindSplineComponentTo	Native|Public
NATIVE	SplineActor.FindSplinePathTo	Native|Public|HasOutParms
NATIVE	SplineActor.FindTargetForComponent	Native|Public
NATIVE	SplineActor.GetAllConnectedSplineActors	Native|Public|HasOutParms
NATIVE	SplineActor.GetBestConnectionInDirection	Native|HasOptionalParms|Public
NATIVE	SplineActor.GetRandomConnection	Native|HasOptionalParms|Public
NATIVE	SplineActor.GetWorldSpaceTangent	Native|Public
NATIVE	SplineActor.IsConnectedTo	Native|Public
NATIVE	SplineActor.UpdateConnectedSplineComponents	Native|Public
NATIVE	SplineActor.UpdateSplineComponents	Native|Public
NATIVE	SplineComponent.GetLocationAtDistanceAlongSpline	Native|Public
NATIVE	SplineComponent.GetSplineLength	Native|Public
NATIVE	SplineComponent.GetTangentAtDistanceAlongSpline	Native|Public
NATIVE	SplineComponent.UpdateSplineCurviness	Native|Public
NATIVE	SplineComponent.UpdateSplineReparamTable	Native|Public
NATIVE	SplineLoftActor.ClearLoftMesh	Native|Public
NATIVE	SpotLightComponent.SetRotation	Final|Native|Public
NATIVE	SpriteComponent.SetSprite	Simulated|Native|Public
NATIVE	SpriteComponent.SetSpriteAndUV	Simulated|Native|Public
NATIVE	SpriteComponent.SetUV	Simulated|Native|Public
NATIVE	StaticMeshComponent.CanBecomeDynamic	Native|Public
NATIVE	StaticMeshComponent.DisableRBCollisionWithSMC	Simulated|Native|Public
NATIVE	StaticMeshComponent.SetForceStaticDecals	Final|Native|Public
NATIVE	StaticMeshComponent.SetStaticMesh	Simulated|Native|HasOptionalParms|Public
NATIVE	Surface.GetSurfaceHeight	Final|Native|Public
NATIVE	Surface.GetSurfaceWidth	Final|Native|Public
NATIVE	SVehicle.AddForce	Native|Public
NATIVE	SVehicle.AddImpulse	Native|Public
NATIVE	SVehicle.AddTorque	Native|Public
NATIVE	SVehicle.HasWheelsOnGround	Simulated|Native|Public
NATIVE	SVehicle.InitVehicleRagdoll	Native|Public
NATIVE	SVehicle.IsSleeping	Native|Public
NATIVE	SVehicle.SetWheelCollision	Final|Native|Public
NATIVE	TcpLink.BindPort	Native|HasOptionalParms|Public
NATIVE	TcpLink.Close	Native|Public
NATIVE	TcpLink.IsConnected	Native|Public
NATIVE	TcpLink.Listen	Native|Public
NATIVE	TcpLink.Open	Native|Public
NATIVE	TcpLink.ReadBinary	Native|Public|HasOutParms
NATIVE	TcpLink.ReadText	Native|Public|HasOutParms
NATIVE	TcpLink.SendBinary	Native|Public
NATIVE	TcpLink.SendText	Native|Public
NATIVE	TeamInfo.GetTeamNum	Simulated|Native|Public
NATIVE	Teleporter.CanTeleport	Native|Public
NATIVE	Terrain.CalcLayerBounds	Final|Native|Public
NATIVE	Terrain.GetLayerAlpha	Native|Public|HasOutParms
NATIVE	TerrainLayerSetup.SetMaterials	Final|Native|Public
NATIVE	Texture2D.Create	Final|Native|Static|HasOptionalParms|Public
NATIVE	Texture2D.SetForceMipLevelsToBeResident	Final|Native|HasOptionalParms|Public
NATIVE	Texture2DComposite.ResetSourceRegions	Final|Native|Public
NATIVE	Texture2DComposite.SourceTexturesFullyStreamedIn	Final|Native|Public
NATIVE	Texture2DComposite.UpdateCompositeTexture	Final|Native|Public
NATIVE	Texture2DDynamic.Create	Final|Native|Static|HasOptionalParms|Public
NATIVE	Texture2DDynamic.Init	Final|Native|HasOptionalParms|Public
NATIVE	TextureFlipBook.Pause	Native|Public
NATIVE	TextureFlipBook.Play	Native|Public
NATIVE	TextureFlipBook.SetCurrentFrame	Native|Public
NATIVE	TextureFlipBook.Stop	Native|Public
NATIVE	TextureMovie.Pause	Native|Public
NATIVE	TextureMovie.Play	Native|Public
NATIVE	TextureMovie.Stop	Native|Public
NATIVE	TextureRenderTarget2D.Create	Final|Native|Static|HasOptionalParms|Public
NATIVE	Turret2DManager.SetActive	Native|Public
NATIVE	UIAction.GetOwner	Final|Native|Public
NATIVE	UIAction.GetOwnerScene	Final|Native|Public
NATIVE	UIAnimationSeq.GetFrameLength	Final|Native|Public|HasOutParms
NATIVE	UIAnimationSeq.GetSequenceLength	Final|Native|Public
NATIVE	UIAnimationSeq.GetTrackLength	Final|Native|Public|HasOutParms
NATIVE	UIAnimationSeq.IsValidFrameIndex	Final|Native|Public
NATIVE	UICalloutButton.GetCalloutDataStore	Final|Native|HasOptionalParms|Public
NATIVE	UICalloutButton.OnReceivedInputKey	Native|Public|HasOutParms
NATIVE	UICalloutButton.SetInputTag	Final|Native|Protected
NATIVE	UICalloutButton.SubscribeToInputProxy	Final|Native|HasOptionalParms|Public
NATIVE	UICalloutButton.UnsubscribeFromInputProxy	Final|Native|HasOptionalParms|Public
NATIVE	UICalloutButtonPanel.CreateCalloutButton	Native|HasOptionalParms|Public
NATIVE	UICalloutButtonPanel.FindBestInsertionIndex	Native|HasOptionalParms|Public
NATIVE	UICalloutButtonPanel.GetAvailableCalloutButtonAliases	Final|Native|HasOptionalParms|Public|HasOutParms
NATIVE	UICalloutButtonPanel.GetCalloutInputProxy	Final|Native|HasOptionalParms|Public
NATIVE	UICalloutButtonPanel.RequestButtonDockingUpdate	Final|Native|HasOptionalParms|Public
NATIVE	UICheckbox.ClearBoundDataStores	Final|Native|Public
NATIVE	UICheckbox.GetBoundDataStores	Final|Native|Public|HasOutParms
NATIVE	UICheckbox.GetDataStoreBinding	Final|Native|HasOptionalParms|Public
NATIVE	UICheckbox.NotifyDataStoreValueUpdated	Final|Native|Public
NATIVE	UICheckbox.RefreshSubscriberValue	Final|Native|HasOptionalParms|Public
NATIVE	UICheckbox.SaveSubscriberValue	Native|HasOptionalParms|Public|HasOutParms
NATIVE	UICheckbox.SetDataStoreBinding	Final|Native|HasOptionalParms|Public
NATIVE	UICheckbox.SetValue	Native|HasOptionalParms|Public
NATIVE	UIComboBox.ClearBoundDataStores	Native|Public
NATIVE	UIComboBox.GetBoundDataStores	Native|Public|HasOutParms
NATIVE	UIComboBox.GetDataStoreBinding	Final|Native|HasOptionalParms|Public
NATIVE	UIComboBox.NotifyDataStoreValueUpdated	Final|Native|Public
NATIVE	UIComboBox.RefreshSubscriberValue	Final|Native|HasOptionalParms|Public
NATIVE	UIComboBox.SaveSubscriberValue	Native|HasOptionalParms|Public|HasOutParms
NATIVE	UIComboBox.SetDataStoreBinding	Final|Native|HasOptionalParms|Public
NATIVE	UIComboBox.SetupChildStyles	Native|Public
NATIVE	UIComp_DrawComponents.Fade	Final|Native|Public
NATIVE	UIComp_DrawComponents.Pulse	Final|Native|HasOptionalParms|Public
NATIVE	UIComp_DrawComponents.ResetFade	Final|Native|Public
NATIVE	UIComp_DrawImage.DisableCustomColor	Final|Native|Public
NATIVE	UIComp_DrawImage.DisableCustomCoordinates	Final|Native|Public
NATIVE	UIComp_DrawImage.DisableCustomFormatting	Final|Native|Public
NATIVE	UIComp_DrawImage.DisableCustomOpacity	Final|Native|Public
NATIVE	UIComp_DrawImage.DisableCustomPadding	Final|Native|Public
NATIVE	UIComp_DrawImage.GetAppliedImageStyle	Final|Native|HasOptionalParms|Public
NATIVE	UIComp_DrawImage.GetImage	Final|Native|Public
NATIVE	UIComp_DrawImage.GetStyleResolverTag	Final|Native|Public
NATIVE	UIComp_DrawImage.NotifyResolveStyle	Final|Native|HasOptionalParms|Public
NATIVE	UIComp_DrawImage.SetColor	Final|Native|Public
NATIVE	UIComp_DrawImage.SetCoordinates	Final|Native|Public
NATIVE	UIComp_DrawImage.SetFormatting	Final|Native|Public
NATIVE	UIComp_DrawImage.SetImage	Final|Native|Public
NATIVE	UIComp_DrawImage.SetOpacity	Final|Native|Public
NATIVE	UIComp_DrawImage.SetPadding	Final|Native|Public
NATIVE	UIComp_DrawImage.SetStyleResolverTag	Final|Native|Public
NATIVE	UIComp_DrawString.DisableCustomAlignment	Final|Native|Public
NATIVE	UIComp_DrawString.DisableCustomAttributes	Final|Native|Public
NATIVE	UIComp_DrawString.DisableCustomAutoScaling	Final|Native|Public
NATIVE	UIComp_DrawString.DisableCustomClipAlignment	Final|Native|Public
NATIVE	UIComp_DrawString.DisableCustomClipMode	Final|Native|Public
NATIVE	UIComp_DrawString.DisableCustomColor	Final|Native|Public
NATIVE	UIComp_DrawString.DisableCustomFont	Final|Native|Public
NATIVE	UIComp_DrawString.DisableCustomOpacity	Final|Native|Public
NATIVE	UIComp_DrawString.DisableCustomPadding	Final|Native|Public
NATIVE	UIComp_DrawString.DisableCustomScale	Final|Native|Public
NATIVE	UIComp_DrawString.DisableCustomSpacingAdjust	Final|Native|Public
NATIVE	UIComp_DrawString.EnableSubregion	Final|Native|HasOptionalParms|Public
NATIVE	UIComp_DrawString.GetAppliedStringStyle	Final|Native|HasOptionalParms|Public
NATIVE	UIComp_DrawString.GetFinalStringStyle	Final|Native|Public|HasOutParms
NATIVE	UIComp_DrawString.GetStyleResolverTag	Final|Native|Public
NATIVE	UIComp_DrawString.GetSubregionAlignment	Final|Native|Public
NATIVE	UIComp_DrawString.GetSubregionOffset	Final|Native|HasOptionalParms|Public
NATIVE	UIComp_DrawString.GetSubregionSize	Final|Native|HasOptionalParms|Public
NATIVE	UIComp_DrawString.GetValue	Final|Native|HasOptionalParms|Public
NATIVE	UIComp_DrawString.GetWrapMode	Final|Native|Public
NATIVE	UIComp_DrawString.IsSubregionEnabled	Final|Native|Public
NATIVE	UIComp_DrawString.NotifyResolveStyle	Final|Native|HasOptionalParms|Public
NATIVE	UIComp_DrawString.RefreshValue	Final|Native|Public
NATIVE	UIComp_DrawString.SetAlignment	Final|Native|Public
NATIVE	UIComp_DrawString.SetAttributes	Final|Native|Public
NATIVE	UIComp_DrawString.SetAutoScaling	Final|Native|HasOptionalParms|Public
NATIVE	UIComp_DrawString.SetAutoSizeExtent	Final|Native|Public
NATIVE	UIComp_DrawString.SetClipAlignment	Final|Native|Public
NATIVE	UIComp_DrawString.SetColor	Final|Native|Public
NATIVE	UIComp_DrawString.SetFont	Final|Native|Public
NATIVE	UIComp_DrawString.SetOpacity	Final|Native|Public
NATIVE	UIComp_DrawString.SetPadding	Final|Native|Public
NATIVE	UIComp_DrawString.SetScale	Final|Native|Public
NATIVE	UIComp_DrawString.SetSpacingAdjust	Final|Native|Public
NATIVE	UIComp_DrawString.SetStyleResolverTag	Final|Native|Public
NATIVE	UIComp_DrawString.SetSubregionAlignment	Final|Native|Public
NATIVE	UIComp_DrawString.SetSubregionOffset	Final|Native|Public
NATIVE	UIComp_DrawString.SetSubregionSize	Final|Native|Public
NATIVE	UIComp_DrawString.SetValue	Final|Native|Public
NATIVE	UIComp_DrawString.SetWrapMode	Final|Native|Public
NATIVE	UIComp_DrawStringEditbox.ClearSelection	Final|Native|Public
NATIVE	UIComp_DrawStringEditbox.GetSelectedText	Final|Native|Public
NATIVE	UIComp_DrawStringEditbox.GetSelectionRange	Final|Native|Public|HasOutParms
NATIVE	UIComp_DrawStringEditbox.GetUserTextLength	Final|Native|Public
NATIVE	UIComp_DrawStringEditbox.SetSelectionEnd	Final|Native|Public
NATIVE	UIComp_DrawStringEditbox.SetSelectionRange	Final|Native|Public
NATIVE	UIComp_DrawStringEditbox.SetSelectionStart	Final|Native|Public
NATIVE	UIComp_DrawStringEditbox.SetUserText	Final|Native|Public
NATIVE	UIComp_Event.RegisterInputEvents	Final|Native|Public
NATIVE	UIComp_Event.UnregisterInputEvents	Final|Native|Public
NATIVE	UIComp_ListElementSorter.ResetSortColumns	Final|Native|HasOptionalParms|Public
NATIVE	UIComp_ListElementSorter.ResortItems	Final|Native|HasOptionalParms|Public
NATIVE	UIComp_ListElementSorter.SortItems	Final|Native|HasOptionalParms|Public
NATIVE	UIComp_ListPresenter.FindElementIndex	Final|Native|Public
NATIVE	UIComp_ListPresenterBase.CalculateAutoSizeColumnWidth	Final|Native|HasOptionalParms|Public|HasOutParms
NATIVE	UIComp_ListPresenterBase.CalculateAutoSizeRowHeight	Final|Native|HasOptionalParms|Public|HasOutParms
NATIVE	UIComp_ListPresenterBase.EnableColumnHeaderRendering	Final|Native|HasOptionalParms|Public
NATIVE	UIComp_ListPresenterBase.GetCellSchemaProvider	Final|Native|Public
NATIVE	UIComp_ListPresenterBase.GetElementValue	Final|Native|HasOptionalParms|Public
NATIVE	UIComp_ListPresenterBase.GetMaxElementsPerPage	Final|Native|Public
NATIVE	UIComp_ListPresenterBase.GetSchemaCellCount	Final|Native|Public
NATIVE	UIComp_ListPresenterBase.GetSchemaCellPosition	Final|Native|Public
NATIVE	UIComp_ListPresenterBase.GetSchemaCellSize	Final|Native|HasOptionalParms|Public
NATIVE	UIComp_ListPresenterBase.SetMaxElementsPerPage	Final|Native|Public
NATIVE	UIComp_ListPresenterBase.SetSchemaCellSize	Final|Native|HasOptionalParms|Public
NATIVE	UIComp_ListPresenterBase.ShouldAdjustListBounds	Final|Native|Public
NATIVE	UIComp_ListPresenterBase.ShouldRenderColumnHeaders	Final|Native|Public
NATIVE	UIContextMenu.Close	Final|Native|HasOptionalParms|Public
NATIVE	UIContextMenu.IsActiveContextMenu	Final|Native|Public
NATIVE	UIContextMenu.Open	Final|Native|HasOptionalParms|Public
NATIVE	UIDataProvider_MenuItem.IsFiltered	Final|Native|Public
NATIVE	UIDataProvider_PlayerAchievements.GetMaxTotalGamerScore	Final|Native|Public
NATIVE	UIDataProvider_PlayerAchievements.GetTotalGamerScore	Final|Native|Public
NATIVE	UIDataProvider.GetProviderFieldType	Final|Native|Public|HasOutParms
NATIVE	UIDataProvider.ParseArrayDelimiter	Native|Public|HasOutParms
NATIVE	UIDataStore_DynamicResource.FindProviderIndexByFieldValue	Final|Native|Public|HasOutParms
NATIVE	UIDataStore_DynamicResource.FindProviderTypeIndex	Final|Native|Public
NATIVE	UIDataStore_DynamicResource.GenerateProviderAccessTag	Final|Native|Public
NATIVE	UIDataStore_DynamicResource.GetProviderCount	Native|Public
NATIVE	UIDataStore_DynamicResource.GetProviderFieldValue	Final|Native|Public|HasOutParms
NATIVE	UIDataStore_DynamicResource.GetResourceProviderFields	Final|Native|Public|HasOutParms
NATIVE	UIDataStore_DynamicResource.GetResourceProviders	Final|Native|Public|HasOutParms
NATIVE	UIDataStore_DynamicResource.OnLoginChange	Final|Native|Public
NATIVE	UIDataStore_GameResource.FindProviderIndexByFieldValue	Final|Native|Public|HasOutParms
NATIVE	UIDataStore_GameResource.FindProviderTypeIndex	Final|Native|Public
NATIVE	UIDataStore_GameResource.GenerateProviderAccessTag	Final|Native|Public
NATIVE	UIDataStore_GameResource.GetProviderCount	Native|Public
NATIVE	UIDataStore_GameResource.GetProviderFieldValue	Final|Native|Public|HasOutParms
NATIVE	UIDataStore_GameResource.GetResourceProviderFields	Final|Native|Public|HasOutParms
NATIVE	UIDataStore_GameResource.GetResourceProviders	Final|Native|Public|HasOutParms
NATIVE	UIDataStore_InputAlias.FindInputAliasIndex	Final|Native|Public
NATIVE	UIDataStore_InputAlias.GetAliasFontMarkup	Final|Native|HasOptionalParms|Public
NATIVE	UIDataStore_InputAlias.GetAliasFontMarkupByIndex	Final|Native|HasOptionalParms|Public
NATIVE	UIDataStore_InputAlias.GetAliasInputKeyData	Final|Native|HasOptionalParms|Public|HasOutParms
NATIVE	UIDataStore_InputAlias.GetAliasInputKeyDataByIndex	Final|Native|HasOptionalParms|Public|HasOutParms
NATIVE	UIDataStore_InputAlias.GetAliasInputKeyName	Final|Native|HasOptionalParms|Public
NATIVE	UIDataStore_InputAlias.GetAliasInputKeyNameByIndex	Final|Native|HasOptionalParms|Public
NATIVE	UIDataStore_InputAlias.HasAliasMappingForPlatform	Final|Native|Public
NATIVE	UIDataStore_MenuItems.AppendToSet	Native|Public
NATIVE	UIDataStore_MenuItems.ClearSet	Native|Public
NATIVE	UIDataStore_MenuItems.GetSet	Native|Public|HasOutParms
NATIVE	UIDataStore_OnlineGameSearch.BuildSearchResults	Native|Public
NATIVE	UIDataStore_OnlineGameSettings.OnSettingProviderChanged	Final|Native|HasOptionalParms|Public
NATIVE	UIDataStore_OnlinePlayerData.OnSettingProviderChanged	Final|Native|HasOptionalParms|Public
NATIVE	UIDataStore_OnlinePlaylists.FindProviderIndexByFieldValue	Final|Native|Public|HasOutParms
NATIVE	UIDataStore_OnlinePlaylists.GetPlaylistProvider	Final|Native|Public|HasOutParms
NATIVE	UIDataStore_OnlinePlaylists.GetProviderCount	Native|Public
NATIVE	UIDataStore_OnlinePlaylists.GetProviderFieldValue	Final|Native|Public|HasOutParms
NATIVE	UIDataStore_OnlinePlaylists.GetResourceProviderFields	Final|Native|Public|HasOutParms
NATIVE	UIDataStore_OnlinePlaylists.GetResourceProviders	Final|Native|Public|HasOutParms
NATIVE	UIDataStore_OnlineStats.SortResultsByRank	Native|Public
NATIVE	UIDataStore_StringAliasMap.FindMappingWithFieldName	Final|Native|HasOptionalParms|Public
NATIVE	UIDataStore_StringAliasMap.GetPlayerOwner	Final|Native|Public
NATIVE	UIDataStore_StringAliasMap.GetStringWithFieldName	Native|Public|HasOutParms
NATIVE	UIDataStore.OnCommit	Native|Public
NATIVE	UIDataStorePublisher.SaveSubscriberValue	Native|HasOptionalParms|Public|HasOutParms
NATIVE	UIDataStoreSubscriber.ClearBoundDataStores	Native|Public
NATIVE	UIDataStoreSubscriber.GetBoundDataStores	Native|Public|HasOutParms
NATIVE	UIDataStoreSubscriber.GetDataStoreBinding	Native|HasOptionalParms|Public
NATIVE	UIDataStoreSubscriber.NotifyDataStoreValueUpdated	Native|Public
NATIVE	UIDataStoreSubscriber.RefreshSubscriberValue	Native|HasOptionalParms|Public
NATIVE	UIDataStoreSubscriber.SetDataStoreBinding	Native|HasOptionalParms|Public
NATIVE	UIDynamicDataProvider.BindProviderInstance	Final|Native|Public
NATIVE	UIDynamicDataProvider.UnbindProviderInstance	Final|Native|Public
NATIVE	UIDynamicFieldProvider.AddField	Final|Native|HasOptionalParms|Public|HasOutParms
NATIVE	UIDynamicFieldProvider.ClearCollectionValueArray	Final|Native|HasOptionalParms|Public
NATIVE	UIDynamicFieldProvider.ClearFields	Final|Native|HasOptionalParms|Public
NATIVE	UIDynamicFieldProvider.FindCollectionValueIndex	Final|Native|HasOptionalParms|Public|HasOutParms
NATIVE	UIDynamicFieldProvider.FindFieldIndex	Final|Native|HasOptionalParms|Public
NATIVE	UIDynamicFieldProvider.GetCollectionValue	Final|Native|HasOptionalParms|Public|HasOutParms
NATIVE	UIDynamicFieldProvider.GetCollectionValueArray	Final|Native|HasOptionalParms|Public|HasOutParms
NATIVE	UIDynamicFieldProvider.GetCollectionValueSchema	Final|Native|HasOptionalParms|Public|HasOutParms
NATIVE	UIDynamicFieldProvider.GetField	Final|Native|Public|HasOutParms
NATIVE	UIDynamicFieldProvider.InitializeRuntimeFields	Native|Public
NATIVE	UIDynamicFieldProvider.InsertCollectionValue	Final|Native|HasOptionalParms|Public|HasOutParms
NATIVE	UIDynamicFieldProvider.RemoveCollectionValue	Final|Native|HasOptionalParms|Public|HasOutParms
NATIVE	UIDynamicFieldProvider.RemoveCollectionValueByIndex	Final|Native|HasOptionalParms|Public
NATIVE	UIDynamicFieldProvider.RemoveField	Final|Native|Public
NATIVE	UIDynamicFieldProvider.ReplaceCollectionValue	Final|Native|HasOptionalParms|Public|HasOutParms
NATIVE	UIDynamicFieldProvider.ReplaceCollectionValueByIndex	Final|Native|HasOptionalParms|Public|HasOutParms
NATIVE	UIDynamicFieldProvider.SavePersistentProviderData	Final|Native|Public
NATIVE	UIDynamicFieldProvider.SetCollectionValueArray	Final|Native|HasOptionalParms|Public|HasOutParms
NATIVE	UIDynamicFieldProvider.SetField	Final|Native|HasOptionalParms|Public|HasOutParms
NATIVE	UIEditBox.CalculateCaretPositionFromCursorLocation	Native|HasOptionalParms|Public
NATIVE	UIEditBox.ClearBoundDataStores	Final|Native|Public
NATIVE	UIEditBox.GetBoundDataStores	Native|Public|HasOutParms
NATIVE	UIEditBox.GetDataStoreBinding	Final|Native|HasOptionalParms|Public
NATIVE	UIEditBox.GetValue	Final|Native|HasOptionalParms|Public
NATIVE	UIEditBox.NotifyDataStoreValueUpdated	Final|Native|Public
NATIVE	UIEditBox.RefreshSubscriberValue	Final|Native|HasOptionalParms|Public
NATIVE	UIEditBox.SaveSubscriberValue	Native|HasOptionalParms|Public|HasOutParms
NATIVE	UIEditBox.SetDataStoreBinding	Final|Native|HasOptionalParms|Public
NATIVE	UIEditBox.SetValue	Final|Native|HasOptionalParms|Public
NATIVE	UIEvent_CalloutButtonInputProxy.ChangeButtonAlias	Final|Native|Public
NATIVE	UIEvent_CalloutButtonInputProxy.FindButtonAliasIndex	Final|Native|Public
NATIVE	UIEvent_CalloutButtonInputProxy.RegisterButtonAlias	Final|Native|Public
NATIVE	UIEvent_CalloutButtonInputProxy.UnregisterButtonAlias	Final|Native|Public
NATIVE	UIEvent.ActivateUIEvent	Final|Native|HasOptionalParms|Public|HasOutParms
NATIVE	UIEvent.CanBeActivated	Final|Native|HasOptionalParms|Public|HasOutParms
NATIVE	UIEvent.ConditionalActivateUIEvent	Final|Native|HasOptionalParms|Public|HasOutParms
NATIVE	UIEvent.GetOwner	Final|Native|Public
NATIVE	UIEvent.GetOwnerScene	Final|Native|Public
NATIVE	UIEventContainer.AddSequenceObject	Final|Native|HasOptionalParms|Public
NATIVE	UIEventContainer.GetUIEvents	Final|Native|HasOptionalParms|Public|HasOutParms
NATIVE	UIEventContainer.RemoveSequenceObject	Final|Native|Public
NATIVE	UIEventContainer.RemoveSequenceObjects	Final|Native|Public
NATIVE	UIImage.ClearBoundDataStores	Final|Native|Public
NATIVE	UIImage.GetBoundDataStores	Final|Native|Public|HasOutParms
NATIVE	UIImage.GetDataStoreBinding	Final|Native|HasOptionalParms|Public
NATIVE	UIImage.NotifyDataStoreValueUpdated	Final|Native|Public
NATIVE	UIImage.RefreshSubscriberValue	Final|Native|HasOptionalParms|Public
NATIVE	UIImage.SaveSubscriberValue	Final|Native|HasOptionalParms|Public|HasOutParms
NATIVE	UIImage.SetDataStoreBinding	Final|Native|HasOptionalParms|Public
NATIVE	UIInputConfiguration.LoadInputAliasClasses	Final|Native|Public
NATIVE	UIInputConfiguration.NotifyGameSessionEnded	Native|Public
NATIVE	UIInteraction.CreateScene	Final|Native|HasOptionalParms|Public
NATIVE	UIInteraction.CreateTransientWidget	Final|Native|HasOptionalParms|Public
NATIVE	UIInteraction.GetDataStoreClient	Final|Native|Static|Public
NATIVE	UIInteraction.GetPlayerControllerId	Final|Native|Static|Public
NATIVE	UIInteraction.GetPlayerCount	Final|Native|Static|Public
NATIVE	UIInteraction.GetPlayerIndex	Final|Native|Static|Public
NATIVE	UIInteraction.PlayUISound	Final|Native|HasOptionalParms|Public
NATIVE	UILabel.ClearBoundDataStores	Final|Native|Public
NATIVE	UILabel.GetBoundDataStores	Final|Native|Public|HasOutParms
NATIVE	UILabel.GetDataStoreBinding	Final|Native|HasOptionalParms|Public
NATIVE	UILabel.NotifyDataStoreValueUpdated	Final|Native|Public
NATIVE	UILabel.RefreshSubscriberValue	Final|Native|HasOptionalParms|Public
NATIVE	UILabel.SetDataStoreBinding	Final|Native|HasOptionalParms|Public
NATIVE	UILabel.SetTextAlignment	Final|Native|Public
NATIVE	UILabel.SetValue	Final|Native|Public
NATIVE	UILabelButton.ClearBoundDataStores	Native|Public
NATIVE	UILabelButton.GetBoundDataStores	Native|Public|HasOutParms
NATIVE	UILabelButton.GetDataStoreBinding	Final|Native|HasOptionalParms|Public
NATIVE	UILabelButton.NotifyDataStoreValueUpdated	Final|Native|Public
NATIVE	UILabelButton.RefreshSubscriberValue	Final|Native|HasOptionalParms|Public
NATIVE	UILabelButton.SaveSubscriberValue	Native|HasOptionalParms|Public|HasOutParms
NATIVE	UILabelButton.SetCaption	Native|Public
NATIVE	UILabelButton.SetDataStoreBinding	Final|Native|HasOptionalParms|Public
NATIVE	UILabelButton.SetTextAlignment	Final|Native|Public
NATIVE	UIList.CalculateIndexFromCursorLocation	Native|HasOptionalParms|Public
NATIVE	UIList.CanSelectElement	Final|Native|Public
NATIVE	UIList.ClearBoundDataStores	Final|Native|Public
NATIVE	UIList.FindItemIndex	Final|Native|HasOptionalParms|Public
NATIVE	UIList.GetBoundDataStores	Final|Native|Public|HasOutParms
NATIVE	UIList.GetClientRegion	Final|Native|Public
NATIVE	UIList.GetColumnWidth	Final|Native|HasOptionalParms|Public
NATIVE	UIList.GetCurrentItem	Final|Native|Public
NATIVE	UIList.GetDataStoreBinding	Final|Native|HasOptionalParms|Public
NATIVE	UIList.GetElementCellState	Final|Native|Public
NATIVE	UIList.GetElementValue	Final|Native|HasOptionalParms|Public
NATIVE	UIList.GetItemCount	Native|Public
NATIVE	UIList.GetMaxNumVisibleColumns	Final|Native|Public
NATIVE	UIList.GetMaxNumVisibleRows	Final|Native|Public
NATIVE	UIList.GetMaxVisibleElementCount	Native|Public
NATIVE	UIList.GetResizeColumn	Native|HasOptionalParms|Public|HasOutParms
NATIVE	UIList.GetRowHeight	Native|HasOptionalParms|Public
NATIVE	UIList.GetSelectedItems	Final|Native|Public
NATIVE	UIList.GetTotalColumnCount	Final|Native|Public
NATIVE	UIList.GetTotalRowCount	Final|Native|Public
NATIVE	UIList.IsElementAutoSizingEnabled	Final|Native|Public
NATIVE	UIList.IsElementEnabled	Final|Native|Public
NATIVE	UIList.IsElementSelected	Final|Native|Public
NATIVE	UIList.IsHotTrackingEnabled	Final|Native|Public
NATIVE	UIList.NavigateIndex	Final|Native|Public
NATIVE	UIList.NotifyDataStoreValueUpdated	Final|Native|Public
NATIVE	UIList.RefreshSubscriberValue	Final|Native|HasOptionalParms|Public
NATIVE	UIList.RemoveElement	Native|Public
NATIVE	UIList.SaveSubscriberValue	Native|HasOptionalParms|Public|HasOutParms
NATIVE	UIList.ScrollVertical	Final|Native|HasOptionalParms|Public
NATIVE	UIList.SetColumnCount	Final|Native|Public
NATIVE	UIList.SetDataStoreBinding	Final|Native|HasOptionalParms|Public
NATIVE	UIList.SetElementCellState	Final|Native|Public
NATIVE	UIList.SetHotTracking	Final|Native|Public
NATIVE	UIList.SetIndex	Final|Native|HasOptionalParms|Public
NATIVE	UIList.SetRowCount	Final|Native|Public
NATIVE	UIList.SetTopIndex	Final|Native|HasOptionalParms|Public
NATIVE	UINumericEditBox.DecrementValue	Final|Native|Public
NATIVE	UINumericEditBox.GetNumericValue	Final|Native|Public
NATIVE	UINumericEditBox.IncrementValue	Final|Native|Public
NATIVE	UINumericEditBox.SetNumericValue	Final|Native|HasOptionalParms|Public
NATIVE	UINumericOptionList.GetValue	Final|Native|HasOptionalParms|Public
NATIVE	UINumericOptionList.SetValue	Final|Native|HasOptionalParms|Public
NATIVE	UIObject.AddStyleSubscriber	Final|Native|Public
NATIVE	UIObject.CanAcceptFocus	Native|HasOptionalParms|Public
NATIVE	UIObject.ClearDefaultDataBinding	Final|Native|Public
NATIVE	UIObject.FindStyleSubscriberIndex	Final|Native|Public|HasOutParms
NATIVE	UIObject.FindStyleSubscriberIndexById	Final|Native|Public
NATIVE	UIObject.GenerateSceneDataStoreMarkup	Native|HasOptionalParms|Public
NATIVE	UIObject.GenerateTransformMatrix	Final|Native|HasOptionalParms|Public
NATIVE	UIObject.GetAnchorPosition	Final|Native|HasOptionalParms|Public
NATIVE	UIObject.GetDefaultDataBinding	Final|Native|Public
NATIVE	UIObject.GetDefaultDataStores	Final|Native|Public|HasOutParms
NATIVE	UIObject.GetDockParameters	Final|Native|Public|HasOutParms
NATIVE	UIObject.GetPositionExtent	Final|Native|HasOptionalParms|Public
NATIVE	UIObject.GetPositionExtents	Final|Native|HasOptionalParms|Public|HasOutParms
NATIVE	UIObject.GetRotationMatrix	Final|Native|HasOptionalParms|Public
NATIVE	UIObject.GetToolTipValue	Final|Native|Public
NATIVE	UIObject.HasTransform	Final|Native|HasOptionalParms|Public
NATIVE	UIObject.IsContainedBy	Final|Native|Public
NATIVE	UIObject.IsDockedTo	Final|Native|HasOptionalParms|Public
NATIVE	UIObject.IsPrivateBehaviorSet	Final|Native|Public
NATIVE	UIObject.NeedsActiveCursorUpdates	Final|Native|Public
NATIVE	UIObject.NotifyValueChanged	Native|HasOptionalParms|Public
NATIVE	UIObject.RemoveStyleSubscriber	Final|Native|Public
NATIVE	UIObject.ResolveDefaultDataBinding	Final|Native|Public
NATIVE	UIObject.RotateWidget	Final|Native|HasOptionalParms|Public
NATIVE	UIObject.SetActiveCursorUpdate	Native|Public
NATIVE	UIObject.SetAnchorPosition	Final|Native|HasOptionalParms|Public
NATIVE	UIObject.SetDefaultDataBinding	Final|Native|Public
NATIVE	UIObject.SetDockPadding	Native|HasOptionalParms|Public
NATIVE	UIObject.SetDockParameters	Final|Native|HasOptionalParms|Public
NATIVE	UIObject.SetDockTarget	Native|Public
NATIVE	UIObject.SetForcedNavigationTarget	Final|Native|HasOptionalParms|Public
NATIVE	UIObject.SetNavigationTarget	Final|Native|Public
NATIVE	UIObject.SetPrivateBehavior	Final|Native|HasOptionalParms|Public
NATIVE	UIObject.SetWidgetStyleByName	Final|Native|Public
NATIVE	UIObject.UpdateRotationMatrix	Final|Native|Public
NATIVE	UIObjectList.GetElementObjectValue	Final|Native|HasOptionalParms|Public
NATIVE	UIOptionList.GetCurrentIndex	Native|Public
NATIVE	UIOptionList.GetListValue	Final|Native|Public|HasOutParms
NATIVE	UIOptionList.IsCurrValueValid	Native|Public
NATIVE	UIOptionList.SetCurrentIndex	Native|Public
NATIVE	UIOptionList.SetNextValue	Native|Public
NATIVE	UIOptionList.SetPrevValue	Native|Public
NATIVE	UIOptionListBase.ClearBoundDataStores	Final|Native|Public
NATIVE	UIOptionListBase.GetBoundDataStores	Final|Native|Public|HasOutParms
NATIVE	UIOptionListBase.GetDataStoreBinding	Final|Native|HasOptionalParms|Public
NATIVE	UIOptionListBase.HasNextValue	Native|Public
NATIVE	UIOptionListBase.HasPrevValue	Native|Public
NATIVE	UIOptionListBase.NotifyDataStoreValueUpdated	Final|Native|Public
NATIVE	UIOptionListBase.OnMoveSelectionLeft	Native|Public
NATIVE	UIOptionListBase.OnMoveSelectionRight	Native|Public
NATIVE	UIOptionListBase.RefreshSubscriberValue	Final|Native|HasOptionalParms|Public
NATIVE	UIOptionListBase.SaveSubscriberValue	Native|HasOptionalParms|Public|HasOutParms
NATIVE	UIOptionListBase.SetDataStoreBinding	Final|Native|HasOptionalParms|Public
NATIVE	UIOptionListButton.UpdateButtonState	Final|Native|HasOptionalParms|Public
NATIVE	UIPrefabInstance.DetachFromSourcePrefab	Final|Native|Public
NATIVE	UIProgressBar.ClearBoundDataStores	Final|Native|Public
NATIVE	UIProgressBar.GetBoundDataStores	Final|Native|Public|HasOutParms
NATIVE	UIProgressBar.GetDataStoreBinding	Final|Native|HasOptionalParms|Public
NATIVE	UIProgressBar.GetValue	Final|Native|HasOptionalParms|Public
NATIVE	UIProgressBar.NotifyDataStoreValueUpdated	Final|Native|Public
NATIVE	UIProgressBar.RefreshSubscriberValue	Final|Native|HasOptionalParms|Public
NATIVE	UIProgressBar.SaveSubscriberValue	Final|Native|HasOptionalParms|Public|HasOutParms
NATIVE	UIProgressBar.SetDataStoreBinding	Final|Native|HasOptionalParms|Public
NATIVE	UIProgressBar.SetValue	Final|Native|HasOptionalParms|Public
NATIVE	UIRoot.GetCurrentUIController	Final|Native|Static|Public
NATIVE	UIRoot.GetCursorPosition	Final|Native|Static|HasOptionalParms|Public|HasOutParms
NATIVE	UIRoot.GetCursorSize	Final|Native|Static|Public|HasOutParms
NATIVE	UIRoot.GetDataStoreFieldValue	Final|Native|Static|HasOptionalParms|Public|HasOutParms
NATIVE	UIRoot.GetFaceOrientation	Final|Native|Static|Public
NATIVE	UIRoot.GetInputPlatformType	Final|Native|Static|HasOptionalParms|Public
NATIVE	UIRoot.GetPrimitiveTransform	Final|Native|Static|HasOptionalParms|Public
NATIVE	UIRoot.GetSceneClient	Final|Native|Static|Public
NATIVE	UIRoot.SetDataStoreFieldValue	Final|Native|Static|HasOptionalParms|Public|HasOutParms
NATIVE	UIRoot.SetMouseCaptureOverride	Final|Native|Static|Public
NATIVE	UIScene.FindTickableObjectIndex	Final|Native|Public
NATIVE	UIScene.ForceImmediateSceneUpdate	Final|Native|Public
NATIVE	UIScene.GetActiveContextMenu	Final|Native|Public
NATIVE	UIScene.GetDefaultContextMenu	Final|Native|Public
NATIVE	UIScene.GetNextScene	Final|Native|HasOptionalParms|Public
NATIVE	UIScene.GetPreviousScene	Final|Native|HasOptionalParms|Public
NATIVE	UIScene.GetSceneDataStore	Final|Native|Public
NATIVE	UIScene.GetSceneInputMode	Final|Native|HasOptionalParms|Public
NATIVE	UIScene.GetScenePostProcessGroup	Final|Native|Public
NATIVE	UIScene.GetSceneRenderMode	Final|Native|Public
NATIVE	UIScene.GetWorldInfo	Native|Static|Public
NATIVE	UIScene.IsSceneActive	Final|Native|HasOptionalParms|Public
NATIVE	UIScene.LoadSceneDataValues	Final|Native|Public
NATIVE	UIScene.LogDockingStack	Final|Native|Public
NATIVE	UIScene.RebuildDockingStack	Final|Native|Public
NATIVE	UIScene.RegisterTickableObject	Final|Native|HasOptionalParms|Public
NATIVE	UIScene.ResolveDataStore	Final|Native|HasOptionalParms|Public
NATIVE	UIScene.ResolveScenePositions	Final|Native|Public
NATIVE	UIScene.SaveSceneDataValues	Final|Native|HasOptionalParms|Public
NATIVE	UIScene.SetActiveContextMenu	Final|Native|Public
NATIVE	UIScene.SetSceneInputMode	Final|Native|Public
NATIVE	UIScene.SetSceneRenderMode	Final|Native|Public
NATIVE	UIScene.ShouldRenderParentScenes	Final|Native|Public
NATIVE	UIScene.UnbindSubscribers	Final|Native|Public
NATIVE	UIScene.UnregisterTickableObject	Final|Native|Public
NATIVE	UISceneClient.ChangeActiveSkin	Final|Native|Public
NATIVE	UISceneClient.ChangeMouseCursor	Final|Native|Public
NATIVE	UISceneClient.CloseScene	Final|Native|HasOptionalParms|Public
NATIVE	UISceneClient.CloseSceneAtIndex	Final|Native|HasOptionalParms|Public
NATIVE	UISceneClient.GetCanvasToScreen	Final|Native|HasOptionalParms|Public
NATIVE	UISceneClient.GetInverseCanvasToScreen	Final|Native|HasOptionalParms|Public
NATIVE	UISceneClient.InitializeScene	Final|Native|HasOptionalParms|Public|HasOutParms
NATIVE	UISceneClient.InsertScene	Final|Native|HasOptionalParms|Public|HasOutParms
NATIVE	UISceneClient.IsSceneInitialized	Final|Native|Public
NATIVE	UISceneClient.IsUIActive	Final|Native|HasOptionalParms|Public
NATIVE	UISceneClient.OpenScene	Final|Native|HasOptionalParms|Public|HasOutParms
NATIVE	UISceneClient.ReplaceScene	Final|Native|HasOptionalParms|Public|HasOutParms
NATIVE	UISceneClient.ReplaceSceneAtIndex	Final|Native|HasOptionalParms|Public|HasOutParms
NATIVE	UISceneClient.SetMousePosition	Final|Native|Public
NATIVE	UISceneClient.UpdateCanvasToScreen	Final|Native|Public
NATIVE	UIScreenObject.AcceptsPlayerInput	Final|Native|Public
NATIVE	UIScreenObject.ActivateEventByClass	Final|Native|HasOptionalParms|Public|HasOutParms
NATIVE	UIScreenObject.ActivateState	Final|Native|Public
NATIVE	UIScreenObject.ActivateStateByClass	Final|Native|HasOptionalParms|Public|HasOutParms
NATIVE	UIScreenObject.Anim_GetValue	Final|Native|Public|HasOutParms
NATIVE	UIScreenObject.Anim_SetValue	Final|Native|Public|HasOutParms
NATIVE	UIScreenObject.AnimGetCurrentPPSettings	Final|Native|Public|HasOutParms
NATIVE	UIScreenObject.CanAcceptFocus	Native|HasOptionalParms|Public
NATIVE	UIScreenObject.CanPropagateFocusFor	Final|Native|Public
NATIVE	UIScreenObject.CanvasToScreen	Final|Native|Public|HasOutParms
NATIVE	UIScreenObject.ClearUIAnimationLoop	Native|Event|HasOptionalParms|Public
NATIVE	UIScreenObject.ConditionalPropagateEnabledState	Final|Native|HasOptionalParms|Public
NATIVE	UIScreenObject.ContainsChild	Final|Native|HasOptionalParms|Public
NATIVE	UIScreenObject.ContainsChildOfClass	Final|Native|HasOptionalParms|Public
NATIVE	UIScreenObject.CreatePlayerData	Final|Native|Public
NATIVE	UIScreenObject.CreateWidget	Final|Native|HasOptionalParms|Public
NATIVE	UIScreenObject.DeactivateState	Final|Native|Public
NATIVE	UIScreenObject.DeactivateStateByClass	Final|Native|HasOptionalParms|Public|HasOutParms
NATIVE	UIScreenObject.DeProject	Final|Native|Public|HasOutParms
NATIVE	UIScreenObject.FindAnimationSequenceIndex	Final|Native|Public
NATIVE	UIScreenObject.FindChild	Final|Native|HasOptionalParms|Public
NATIVE	UIScreenObject.FindChildIndex	Final|Native|Public
NATIVE	UIScreenObject.FindChildUsingID	Final|Native|HasOptionalParms|Public
NATIVE	UIScreenObject.FindEventsOfClass	Final|Native|HasOptionalParms|Public|HasOutParms
NATIVE	UIScreenObject.FocusFirstControl	Native|HasOptionalParms|Public
NATIVE	UIScreenObject.FocusLastControl	Native|HasOptionalParms|Public
NATIVE	UIScreenObject.GetActivePlayerCount	Final|Native|Static|Public
NATIVE	UIScreenObject.GetAspectRatio	Final|Native|Public
NATIVE	UIScreenObject.GetAspectRatioAutoScaleFactor	Final|Native|HasOptionalParms|Public
NATIVE	UIScreenObject.GetBestControllerId	Final|Native|Public
NATIVE	UIScreenObject.GetBestPlayerIndex	Final|Native|Public
NATIVE	UIScreenObject.GetBounds	Final|Native|HasOptionalParms|Public
NATIVE	UIScreenObject.GetCanvasToScreen	Final|Native|Public
NATIVE	UIScreenObject.GetChildren	Final|Native|HasOptionalParms|Public
NATIVE	UIScreenObject.GetCurrentState	Final|Native|HasOptionalParms|Public
NATIVE	UIScreenObject.GetDockClients	Final|Native|HasOptionalParms|Public|HasOutParms
NATIVE	UIScreenObject.GetDockedWidgets	Final|Native|HasOptionalParms|Public|HasOutParms
NATIVE	UIScreenObject.GetFocusedControl	Final|Native|HasOptionalParms|Public
NATIVE	UIScreenObject.GetInputMask	Final|Native|HasOptionalParms|Public
NATIVE	UIScreenObject.GetInverseCanvasToScreen	Final|Native|Public
NATIVE	UIScreenObject.GetLastFocusedControl	Final|Native|HasOptionalParms|Public
NATIVE	UIScreenObject.GetObjectCount	Final|Native|Public
NATIVE	UIScreenObject.GetPlayerOwner	Final|Native|HasOptionalParms|Public
NATIVE	UIScreenObject.GetPlayerOwnerIndex	Final|Native|HasOptionalParms|Public
NATIVE	UIScreenObject.GetPosition	Final|Native|HasOptionalParms|Public
NATIVE	UIScreenObject.GetPositionVector	Final|Native|HasOptionalParms|Public
NATIVE	UIScreenObject.GetSupportedPlayerCount	Final|Native|Public
NATIVE	UIScreenObject.GetViewportHeight	Final|Native|Public
NATIVE	UIScreenObject.GetViewportOffset	Final|Native|Public|HasOutParms
NATIVE	UIScreenObject.GetViewportOrigin	Final|Native|Public|HasOutParms
NATIVE	UIScreenObject.GetViewportScale	Final|Native|Public
NATIVE	UIScreenObject.GetViewportSize	Final|Native|Public|HasOutParms
NATIVE	UIScreenObject.GetViewportWidth	Final|Native|Public
NATIVE	UIScreenObject.GetWidgetPathName	Final|Native|Public
NATIVE	UIScreenObject.GetZDepth	Final|Native|Public
NATIVE	UIScreenObject.HasActiveStateOfClass	Final|Native|HasOptionalParms|Public|HasOutParms
NATIVE	UIScreenObject.Initialize	Final|Native|HasOptionalParms|Public
NATIVE	UIScreenObject.InitializePlayerTracking	Final|Native|Public
NATIVE	UIScreenObject.InsertChild	Native|HasOptionalParms|Public
NATIVE	UIScreenObject.InstanceUIPrefab	Final|Native|HasOptionalParms|Public|HasOutParms
NATIVE	UIScreenObject.InvalidateAllPositions	Final|Native|HasOptionalParms|Public
NATIVE	UIScreenObject.InvalidatePosition	Final|Native|Public
NATIVE	UIScreenObject.IsActive	Final|Native|HasOptionalParms|Public
NATIVE	UIScreenObject.IsAnimating	Native|Event|HasOptionalParms|Public
NATIVE	UIScreenObject.IsAnimationPaused	Final|Native|Public
NATIVE	UIScreenObject.IsDisabled	Final|Native|HasOptionalParms|Public
NATIVE	UIScreenObject.IsEnabled	Final|Native|HasOptionalParms|Public
NATIVE	UIScreenObject.IsFocused	Final|Native|HasOptionalParms|Public
NATIVE	UIScreenObject.IsHidden	Final|Native|HasOptionalParms|Public
NATIVE	UIScreenObject.IsHoldingAlt	Final|Native|Public
NATIVE	UIScreenObject.IsHoldingCtrl	Final|Native|Public
NATIVE	UIScreenObject.IsHoldingShift	Final|Native|Public
NATIVE	UIScreenObject.IsInitialized	Final|Native|Public
NATIVE	UIScreenObject.IsNeverFocused	Final|Native|Public
NATIVE	UIScreenObject.IsPressed	Final|Native|HasOptionalParms|Public
NATIVE	UIScreenObject.IsRuntimeInstance	Final|Native|Public
NATIVE	UIScreenObject.IsVisible	Final|Native|HasOptionalParms|Public
NATIVE	UIScreenObject.KillFocus	Native|HasOptionalParms|Public
NATIVE	UIScreenObject.NavigateFocus	Native|HasOptionalParms|Public|HasOutParms
NATIVE	UIScreenObject.NextControl	Native|HasOptionalParms|Public
NATIVE	UIScreenObject.OverrideLastFocusedControl	Final|Native|Public
NATIVE	UIScreenObject.PauseAnimations	Final|Native|Public
NATIVE	UIScreenObject.PixelToCanvas	Final|Native|Public|HasOutParms
NATIVE	UIScreenObject.PixelToScreen	Final|Native|Public|HasOutParms
NATIVE	UIScreenObject.PlayUIAnimation	Native|Event|HasOptionalParms|Public
NATIVE	UIScreenObject.PlayUISound	Final|Native|Static|HasOptionalParms|Public
NATIVE	UIScreenObject.PrevControl	Native|HasOptionalParms|Public
NATIVE	UIScreenObject.Project	Final|Native|Public|HasOutParms
NATIVE	UIScreenObject.RebuildNavigationLinks	Final|Native|Public
NATIVE	UIScreenObject.RemoveChild	Final|Native|HasOptionalParms|Public
NATIVE	UIScreenObject.RemoveChildren	Final|Native|Public
NATIVE	UIScreenObject.RemovePlayerData	Final|Native|Public
NATIVE	UIScreenObject.ReparentChild	Final|Native|HasOptionalParms|Public
NATIVE	UIScreenObject.ReparentChildren	Final|Native|HasOptionalParms|Public
NATIVE	UIScreenObject.ReplaceChild	Final|Native|Public
NATIVE	UIScreenObject.RequestFormattingUpdate	Final|Native|Public
NATIVE	UIScreenObject.RequestPrimitiveReview	Final|Native|Public
NATIVE	UIScreenObject.RequestSceneInputMaskUpdate	Final|Native|Public
NATIVE	UIScreenObject.RequestSceneUpdate	Final|Native|HasOptionalParms|Public
NATIVE	UIScreenObject.ResolveUIExtent	Final|Native|Static|HasOptionalParms|Public|HasOutParms
NATIVE	UIScreenObject.ScreenToCanvas	Final|Native|Public|HasOutParms
NATIVE	UIScreenObject.ScreenToPixel	Final|Native|Public|HasOutParms
NATIVE	UIScreenObject.SetEnabled	Native|HasOptionalParms|Public
NATIVE	UIScreenObject.SetFocus	Native|HasOptionalParms|Public
NATIVE	UIScreenObject.SetFocusToChild	Native|HasOptionalParms|Public
NATIVE	UIScreenObject.SetInputMask	Final|Native|HasOptionalParms|Public
NATIVE	UIScreenObject.SetPosition	Final|Native|HasOptionalParms|Public
NATIVE	UIScreenObject.SetZDepth	Final|Native|HasOptionalParms|Public
NATIVE	UIScreenObject.StopUIAnimation	Native|Event|HasOptionalParms|Public
NATIVE	UIScreenObject.TickAnimations	Native|Public
NATIVE	UIScrollbar.DragScroll	Final|Native|Public
NATIVE	UIScrollbar.DragScrollBegin	Final|Native|Public
NATIVE	UIScrollbar.DragScrollEnd	Final|Native|Public
NATIVE	UIScrollbar.EnableCornerPadding	Final|Native|Public
NATIVE	UIScrollbar.GetMarkerButtonPosition	Final|Native|Public
NATIVE	UIScrollbar.GetScrollZoneExtent	Final|Native|HasOptionalParms|Public|HasOutParms
NATIVE	UIScrollbar.GetScrollZoneWidth	Final|Native|Public
NATIVE	UIScrollbar.ScrollDecrement	Final|Native|Public
NATIVE	UIScrollbar.ScrollIncrement	Final|Native|Public
NATIVE	UIScrollbar.SetMarkerPosition	Final|Native|Public
NATIVE	UIScrollbar.SetMarkerSize	Final|Native|Public
NATIVE	UIScrollbar.SetNudgeSizePercent	Final|Native|Public
NATIVE	UIScrollbar.SetNudgeSizePixels	Final|Native|Public
NATIVE	UIScrollFrame.GetClientRegionPosition	Final|Native|Public
NATIVE	UIScrollFrame.GetClientRegionPositionVector	Final|Native|Public
NATIVE	UIScrollFrame.GetClientRegionSize	Final|Native|Public
NATIVE	UIScrollFrame.GetClientRegionSizeVector	Final|Native|Public
NATIVE	UIScrollFrame.GetClipRegion	Native|Public|HasOutParms
NATIVE	UIScrollFrame.GetVisibleRegionPercentage	Final|Native|Public
NATIVE	UIScrollFrame.ReapplyFormatting	Final|Native|HasOptionalParms|Public
NATIVE	UIScrollFrame.RefreshScrollbars	Final|Native|HasOptionalParms|Public
NATIVE	UIScrollFrame.ScrollRegion	Final|Native|HasOptionalParms|Public
NATIVE	UIScrollFrame.SetClientRegionPosition	Final|Native|Public
NATIVE	UIScrollFrame.SetClientRegionPositionVector	Final|Native|Public
NATIVE	UISequence.AddSequenceObject	Final|Native|HasOptionalParms|Public
NATIVE	UISequence.GetOwner	Final|Native|Public
NATIVE	UISequence.GetUIEvents	Final|Native|HasOptionalParms|Public|HasOutParms
NATIVE	UISequence.RemoveSequenceObject	Final|Native|Public
NATIVE	UISequence.RemoveSequenceObjects	Final|Native|Public|HasOutParms
NATIVE	UISkin.AddStyleGroupName	Final|Native|Public
NATIVE	UISkin.AddUISoundCue	Final|Native|Public
NATIVE	UISkin.FindStyleGroupIndex	Final|Native|Public
NATIVE	UISkin.GetAvailableStyles	Final|Native|HasOptionalParms|Public|HasOutParms
NATIVE	UISkin.GetCursorResource	Final|Native|Public
NATIVE	UISkin.GetSkinSoundCues	Final|Native|Public|HasOutParms
NATIVE	UISkin.GetStyleGroups	Final|Native|HasOptionalParms|Public|HasOutParms
NATIVE	UISkin.GetUISoundCue	Final|Native|Public|HasOutParms
NATIVE	UISkin.IsInheritedGroupName	Final|Native|Public
NATIVE	UISkin.RemoveStyleGroupName	Final|Native|Public
NATIVE	UISkin.RemoveUISoundCue	Final|Native|Public
NATIVE	UISkin.RenameStyleGroup	Final|Native|Public
NATIVE	UISlider.ClearBoundDataStores	Final|Native|Public
NATIVE	UISlider.GetBoundDataStores	Final|Native|Public|HasOutParms
NATIVE	UISlider.GetDataStoreBinding	Final|Native|HasOptionalParms|Public
NATIVE	UISlider.GetValue	Final|Native|HasOptionalParms|Public
NATIVE	UISlider.NotifyDataStoreValueUpdated	Final|Native|Public
NATIVE	UISlider.RefreshSubscriberValue	Final|Native|HasOptionalParms|Public
NATIVE	UISlider.SaveSubscriberValue	Final|Native|HasOptionalParms|Public|HasOutParms
NATIVE	UISlider.SetDataStoreBinding	Final|Native|HasOptionalParms|Public
NATIVE	UISlider.SetValue	Final|Native|HasOptionalParms|Public
NATIVE	UIState.AddSequenceObject	Final|Native|HasOptionalParms|Public
NATIVE	UIState.GetUIEvents	Final|Native|HasOptionalParms|Public|HasOutParms
NATIVE	UIState.IsActiveForPlayer	Final|Native|Public
NATIVE	UIState.RemoveSequenceObject	Final|Native|Public
NATIVE	UIState.RemoveSequenceObjects	Final|Native|Public|HasOutParms
NATIVE	UIStateSequence.GetOwnerState	Final|Native|Public
NATIVE	UIString.ContainsMarkup	Final|Native|Public
NATIVE	UIString.GetAutoScaleValue	Final|Native|Public|HasOutParms
NATIVE	UIString.GetValue	Final|Native|HasOptionalParms|Public
NATIVE	UIString.SetValue	Final|Native|Public
NATIVE	UIStringRenderer.SetTextAlignment	Final|Native|Public
NATIVE	UIStyle_Combo.GetComboImageStyle	Final|Native|Public
NATIVE	UIStyle_Combo.GetComboTextStyle	Final|Native|Public
NATIVE	UIStyle.GetStyleForState	Final|Native|Public
NATIVE	UIStyle.GetStyleForStateByClass	Final|Native|Public
NATIVE	UIStyleResolver.GetStyleResolverTag	Native|Public
NATIVE	UIStyleResolver.NotifyResolveStyle	Native|HasOptionalParms|Public
NATIVE	UIStyleResolver.SetStyleResolverTag	Native|Public
NATIVE	UITabButton.CanActivateButton	Final|Native|Public
NATIVE	UITabButton.IsTargeted	Final|Native|HasOptionalParms|Public|HasOutParms
NATIVE	UITabControl.CreateTabPage	Native|HasOptionalParms|Public
NATIVE	UITabControl.FindTargetedTab	Final|Native|Public
NATIVE	UITabControl.GetPageAtIndex	Final|Native|Public
NATIVE	UITabControl.GetPageCount	Final|Native|Public
NATIVE	UITabControl.RequestLayoutUpdate	Final|Native|Public
NATIVE	UITabPage.ClearBoundDataStores	Final|Native|Public
NATIVE	UITabPage.GetBoundDataStores	Final|Native|Public|HasOutParms
NATIVE	UITabPage.GetDataStoreBinding	Final|Native|HasOptionalParms|Public
NATIVE	UITabPage.GetOwnerTabControl	Final|Native|Public
NATIVE	UITabPage.NotifyDataStoreValueUpdated	Final|Native|Public
NATIVE	UITabPage.RefreshSubscriberValue	Final|Native|HasOptionalParms|Public
NATIVE	UITabPage.SetDataStoreBinding	Final|Native|HasOptionalParms|Public
NATIVE	UITexture.GetOwnerWidget	Final|Native|HasOptionalParms|Public|HasOutParms
NATIVE	UITexture.HasValidStyleData	Final|Native|Public
NATIVE	UITexture.SetImageStyle	Final|Native|Public
NATIVE	UIToggleButton.SetCaption	Native|Public
NATIVE	UIToggleButton.SetValue	Final|Native|HasOptionalParms|Public
NATIVE	Vehicle.GetMaxRiseForce	Native|Public
NATIVE	Vehicle.GetTargetLocation	Simulated|Native|HasOptionalParms|Public
NATIVE	Volume.Encompasses	Native|Public
NATIVE	Volume.EncompassesPoint	Native|Public
NATIVE	Weapon.GetPhysicalFireStartLoc	Simulated|Native|Event|HasOptionalParms|Public
NATIVE	WebRequest.AddHeader	Final|Native|Public
NATIVE	WebRequest.AddVariable	Final|Native|Public
NATIVE	WebRequest.DecodeBase64	Final|Native|Public
NATIVE	WebRequest.Dump	Final|Native|Public
NATIVE	WebRequest.EncodeBase64	Final|Native|Public
NATIVE	WebRequest.GetHeader	Final|Native|HasOptionalParms|Public
NATIVE	WebRequest.GetHeaders	Final|Native|Public|HasOutParms
NATIVE	WebRequest.GetVariable	Final|Native|HasOptionalParms|Public
NATIVE	WebRequest.GetVariableCount	Final|Native|Public
NATIVE	WebRequest.GetVariableNumber	Final|Native|HasOptionalParms|Public
NATIVE	WebRequest.GetVariables	Final|Native|Public|HasOutParms
NATIVE	WebResponse.ClearSubst	Final|Native|Public
NATIVE	WebResponse.Dump	Final|Native|Public
NATIVE	WebResponse.FileExists	Final|Native|Public
NATIVE	WebResponse.GetHTTPExpiration	Final|Native|HasOptionalParms|Public
NATIVE	WebResponse.IncludeBinaryFile	Final|Native|Public
NATIVE	WebResponse.IncludeUHTM	Final|Native|Public
NATIVE	WebResponse.LoadParsedUHTM	Final|Native|Public
NATIVE	WebResponse.Subst	Final|Native|HasOptionalParms|Public
NATIVE	WorldInfo.AddOnScreenDebugMessage	Final|Native|Public
NATIVE	WorldInfo.AllControllers	Final|Iterator|Native|Public|HasOutParms
NATIVE	WorldInfo.AllNavigationPoints	Final|Iterator|Native|Public|HasOutParms
NATIVE	WorldInfo.AllPawns	Final|Iterator|Native|HasOptionalParms|Public|HasOutParms
NATIVE	WorldInfo.CancelPendingMapChange	Final|Native|Public
NATIVE	WorldInfo.CommitMapChange	Final|Native|Public
NATIVE	WorldInfo.DoMemoryTracking	Final|Native|Public
NATIVE	WorldInfo.FindEnvironmentVolume	Final|Native|Public
NATIVE	WorldInfo.ForceGarbageCollection	Final|Simulated|Native|HasOptionalParms|Public
NATIVE	WorldInfo.GetAddressURL	Simulated|Native|Public
NATIVE	WorldInfo.GetAllRootSequences	Final|Simulated|Native|Public
NATIVE	WorldInfo.GetDemoFrameInfo	Final|Native|HasOptionalParms|Public|HasOutParms
NATIVE	WorldInfo.GetDemoRewindPoints	Final|Native|Public|HasOutParms
NATIVE	WorldInfo.GetDetailMode	Final|Native|Public
NATIVE	WorldInfo.GetGameSequence	Final|Simulated|Native|Public
NATIVE	WorldInfo.GetGravityZ	Native|Public
NATIVE	WorldInfo.GetLocalPlayerPawn	Final|Native|Public
NATIVE	WorldInfo.GetLocalURL	Simulated|Native|Public
NATIVE	WorldInfo.GetMapInfo	Final|Native|Public
NATIVE	WorldInfo.GetMapName	Final|Native|HasOptionalParms|Public
NATIVE	WorldInfo.GetNavMeshPathConstraintFromCache	Native|Public
NATIVE	WorldInfo.GetNavMeshPathGoalEvaluatorFromCache	Native|Public
NATIVE	WorldInfo.GetWorldFractureSettings	Final|Native|Public
NATIVE	WorldInfo.GetWorldInfo	Final|Native|Static|Public
NATIVE	WorldInfo.IsConsoleBuild	Final|Simulated|Native|Static|HasOptionalParms|Public
NATIVE	WorldInfo.IsDemoBuild	Final|Simulated|Native|Static|Public
NATIVE	WorldInfo.IsInSeamlessTravel	Final|Native|Public
NATIVE	WorldInfo.IsMapChangeReady	Final|Native|Public
NATIVE	WorldInfo.IsMenuLevel	Final|Native|Static|HasOptionalParms|Public
NATIVE	WorldInfo.IsPhysXLevel	Native|Public
NATIVE	WorldInfo.IsPhysXLevelToNotLoad	Native|Public
NATIVE	WorldInfo.IsPlayInEditor	Final|Simulated|Native|Static|Public
NATIVE	WorldInfo.IsPlayingDemo	Final|Native|Public
NATIVE	WorldInfo.IsPreparingMapChange	Final|Native|Public
NATIVE	WorldInfo.IsRecordingDemo	Final|Native|Public
NATIVE	WorldInfo.NavigationPointCheck	Final|Native|HasOptionalParms|Public|HasOutParms
NATIVE	WorldInfo.NotifyMatchStarted	Final|Native|HasOptionalParms|Public
NATIVE	WorldInfo.PrepareMapChange	Final|Native|Public|HasOutParms
NATIVE	WorldInfo.RadiusNavigationPoints	Final|Iterator|Native|Public|HasOutParms
NATIVE	WorldInfo.ReleaseCachedConstraintsAndEvaluators	Native|Public
NATIVE	WorldInfo.SeamlessTravel	Final|Native|HasOptionalParms|Public
NATIVE	WorldInfo.SetLevelRBGravity	Final|Native|Public
NATIVE	WorldInfo.SetMapInfo	Final|Native|Public
NATIVE	WorldInfo.SetSeamlessTravelMidpointPause	Final|Native|Public
NATIVE	WorldInfo.ToggleHideDOF	Final|Native|Public
NATIVE	WorldInfo.UpdateMusicTrack	Final|Native|Public
NATIVE	WorldInfo.VerifyNavList	Final|Simulated|Native|Public
SCRIPT	AccessControl.AdminEntered	Defined|Public
SCRIPT	AccessControl.AdminExited	Defined|Public
SCRIPT	AccessControl.AdminLogin	Defined|Public
SCRIPT	AccessControl.AdminLogout	Defined|Public
SCRIPT	AccessControl.CheckIPPolicy	Defined|Public
SCRIPT	AccessControl.ForceKickPlayer	Defined|Public
SCRIPT	AccessControl.GetControllerFromString	Defined|Public
SCRIPT	AccessControl.IsAdmin	Defined|Public
SCRIPT	AccessControl.IsIDBanned	Defined|Public|HasOutParms
SCRIPT	AccessControl.Kick	Defined|Public
SCRIPT	AccessControl.KickBan	Defined|Public
SCRIPT	AccessControl.KickPlayer	Defined|Public
SCRIPT	AccessControl.ParseAdminOptions	Defined|Public
SCRIPT	AccessControl.PreLogin	Defined|Event|Public|HasOutParms
SCRIPT	AccessControl.RequiresPassword	Defined|Public
SCRIPT	AccessControl.SetAdminPassword	Defined|Public
SCRIPT	AccessControl.SetGamePassword	Defined|Public
SCRIPT	AccessControl.ValidLogin	Defined|Public
SCRIPT	Actor.ActivateEventClass	Final|Defined|Simulated|HasOptionalParms|Public|HasOutParms
SCRIPT	Actor.ApplyFluidSurfaceImpact	Defined|Simulated|Public
SCRIPT	Actor.BroadcastLocalizedMessage	Defined|Event|HasOptionalParms|Public
SCRIPT	Actor.BroadcastLocalizedTeamMessage	Defined|Event|HasOptionalParms|Public
SCRIPT	Actor.CalcCamera	Defined|Simulated|Public|HasOutParms|HasDefaults
SCRIPT	Actor.CanActorPlayFaceFXAnim	Defined|Simulated|Public
SCRIPT	Actor.CanSplash	Defined|Simulated|Public
SCRIPT	Actor.CheckHitInfo	Final|Defined|Simulated|Public|HasOutParms|HasDefaults
SCRIPT	Actor.CheckMaxEffectDistance	Defined|Simulated|HasOptionalParms|Public
SCRIPT	Actor.ClearLatentAction	Final|Defined|Simulated|HasOptionalParms|Public
SCRIPT	Actor.DebugFreezeGame	Defined|Event|HasOptionalParms|Public
SCRIPT	Actor.DisplayDebug	Defined|Simulated|Public|HasOutParms
SCRIPT	Actor.DoKismetAttachment	Defined|Public|HasDefaults
SCRIPT	Actor.EffectIsRelevant	Defined|Simulated|HasOptionalParms|Public
SCRIPT	Actor.FellOutOfWorld	Defined|Simulated|Event|Public
SCRIPT	Actor.FindActorsOfClass	Final|Defined|Public|HasOutParms
SCRIPT	Actor.FindEventsOfClass	Final|Defined|Simulated|HasOptionalParms|Public|HasOutParms
SCRIPT	Actor.FindGoodEndView	Defined|Simulated|Public|HasOutParms
SCRIPT	Actor.ForceNetRelevant	Defined|Event|Public
SCRIPT	Actor.GetActorEyesViewPoint	Defined|Simulated|Event|Public|HasOutParms
SCRIPT	Actor.GetAimAdhesionExtent	Defined|Simulated|Public|HasOutParms
SCRIPT	Actor.GetAimFrictionExtent	Defined|Simulated|Public|HasOutParms
SCRIPT	Actor.GetDebugName	Defined|Public
SCRIPT	Actor.GetFaceFXAudioComponent	Defined|Simulated|Event|Public
SCRIPT	Actor.GetHumanReadableName	Defined|Simulated|Public
SCRIPT	Actor.GetItemName	Defined|Simulated|Public
SCRIPT	Actor.GetLocalString	Defined|Static|HasOptionalParms|Public
SCRIPT	Actor.GetLocationStringFor	Defined|Simulated|Public
SCRIPT	Actor.GetPhysicsName	Defined|Simulated|Public
SCRIPT	Actor.GetRemainingTimeForTimer	Final|Defined|Simulated|HasOptionalParms|Public
SCRIPT	Actor.HitWall	Defined|Event|Public
SCRIPT	Actor.HurtRadius	Defined|Simulated|HasOptionalParms|Public|HasDefaults
SCRIPT	Actor.IsActorPlayingFaceFXAnim	Defined|Simulated|Public
SCRIPT	Actor.IsClient	Final|Defined|Simulated|Public
SCRIPT	Actor.IsInPain	Defined|Public
SCRIPT	Actor.IsInVolume	Defined|Public
SCRIPT	Actor.IsOwningClient	Defined|Simulated|Public
SCRIPT	Actor.IsServer	Final|Defined|Simulated|Public
SCRIPT	Actor.IsStationary	Defined|Public
SCRIPT	Actor.OnAttachToActor	Defined|Public
SCRIPT	Actor.OnChangeCollision	Defined|Public
SCRIPT	Actor.OnDestroy	Defined|Simulated|Public
SCRIPT	Actor.OnModifyHealth	Defined|Simulated|Public
SCRIPT	Actor.OnSetBlockRigidBody	Defined|Simulated|Public
SCRIPT	Actor.OnSetPhysics	Defined|Simulated|Public
SCRIPT	Actor.OnSetVelocity	Defined|Simulated|Public|HasDefaults
SCRIPT	Actor.OnTeleport	Defined|Simulated|Public
SCRIPT	Actor.OnToggleHidden	Defined|Simulated|Public
SCRIPT	Actor.OutsideWorldBounds	Defined|Simulated|Event|Public
SCRIPT	Actor.PreBeginPlay	Defined|Event|Public
SCRIPT	Actor.ReplaceText	Defined|Static|Public|HasOutParms
SCRIPT	Actor.ScriptGetTeamNum	Defined|Simulated|Event|Public
SCRIPT	Actor.SetInitialState	Defined|Simulated|Event|Public
SCRIPT	Actor.ShutDown	Defined|Simulated|Event|Public
SCRIPT	Actor.StopsProjectile	Defined|Simulated|Public
SCRIPT	Actor.TakeDamage	Defined|Event|HasOptionalParms|Public
SCRIPT	Actor.TakeRadiusDamage	Defined|Simulated|HasOptionalParms|Public|HasDefaults
SCRIPT	Actor.TriggerEventClass	Defined|Simulated|HasOptionalParms|Public|HasOutParms
SCRIPT	Actor.TriggerGlobalEventClass	Defined|Simulated|HasOptionalParms|Public
SCRIPT	Actor.UsedBy	Defined|Public
SCRIPT	Actor.VolumeBasedDestroy	Defined|Simulated|Public
SCRIPT	Admin.Admin	Defined|Exec|Public
SCRIPT	Admin.Kick	Defined|Exec|Public
SCRIPT	Admin.KickBan	Defined|Exec|Public
SCRIPT	Admin.PlayerList	Defined|Exec|Public
SCRIPT	Admin.PostBeginPlay	Defined|Simulated|Event|Public
SCRIPT	Admin.RestartMap	Defined|Exec|Public
SCRIPT	Admin.ServerAdmin	Defined|Net|NetReliable|Public|NetServer
SCRIPT	Admin.ServerKick	Defined|Net|NetReliable|Public|NetServer
SCRIPT	Admin.ServerKickBan	Defined|Net|NetReliable|Public|NetServer
SCRIPT	Admin.ServerRestartMap	Defined|Net|NetReliable|Public|NetServer
SCRIPT	Admin.ServerSwitch	Defined|Net|NetReliable|Public|NetServer
SCRIPT	Admin.Switch	Defined|Exec|Public
SCRIPT	AIController.CanFireWeapon	Defined|Public
SCRIPT	AIController.DisplayDebug	Defined|Simulated|Public|HasOutParms
SCRIPT	AIController.GetPlayerViewPoint	Defined|Simulated|Event|Public|HasOutParms
SCRIPT	AIController.OnAIMoveToActor	Defined|Public
SCRIPT	AIController.PreBeginPlay	Defined|Event|Public
SCRIPT	AIController.Reset	Defined|Public
SCRIPT	AIController.ScriptedMove.PoppedState	Defined|Event|Public
SCRIPT	AIController.ScriptedMove.PushedState	Defined|Event|Public
SCRIPT	AIController.ScriptedRouteMove.PoppedState	Defined|Event|Public
SCRIPT	AIController.SetTeam	Defined|Event|Public
SCRIPT	AimSwitchActorBase.Activate.BeginState	Defined|Event|Public
SCRIPT	AimSwitchActorBase.ApplyCheckpointRecord	Defined|Public|HasOutParms
SCRIPT	AimSwitchActorBase.CacheAnimNodes	Defined|Simulated|Public
SCRIPT	AimSwitchActorBase.CalcAnimPosPara	Final|Defined|Simulated|Public
SCRIPT	AimSwitchActorBase.CreateCheckpointRecord	Defined|Public|HasOutParms
SCRIPT	AimSwitchActorBase.Damage.BeginState	Defined|Event|Public
SCRIPT	AimSwitchActorBase.Damage.DamageToRelief	Defined|Public
SCRIPT	AimSwitchActorBase.Damage.EndState	Defined|Event|Public
SCRIPT	AimSwitchActorBase.DamageByProjectile	Defined|Event|Public
SCRIPT	AimSwitchActorBase.Idle.BeginState	Defined|Event|Public
SCRIPT	AimSwitchActorBase.Idle.EndState	Defined|Event|Public
SCRIPT	AimSwitchActorBase.OnToggle	Defined|Simulated|Public
SCRIPT	AimSwitchActorBase.PostBeginPlay	Defined|Simulated|Event|Public
SCRIPT	AimSwitchActorBase.Relief.BeginState	Defined|Event|Public
SCRIPT	AimSwitchActorBase.Relief.EndState	Defined|Event|Public
SCRIPT	AimSwitchActorBase.Relief.ReliefFinish	Defined|Public
SCRIPT	AimSwitchActorBase.SetInitialState	Defined|Simulated|Event|Public
SCRIPT	AimSwitchActorBase.Unavailable.BeginState	Defined|Event|Public
SCRIPT	AimSwitchActorBase.Unavailable.EndState	Defined|Event|Public
SCRIPT	AimSwitchActorBase.UpdateAfterAcceptPersistentDate	Defined|Event|Public
SCRIPT	AISwitchablePylon.IsEnabled	Defined|Event|Public
SCRIPT	AISwitchablePylon.PostBeginPlay	Defined|Public
SCRIPT	AISwitchablePylon.SetEnabled	Defined|Event|Public
SCRIPT	Alice2DTurret.Fire	Defined|Public
SCRIPT	Alice2DTurret.OnToggle	Defined|Simulated|Public
SCRIPT	Alice2DTurret.PlayFireEffect	Defined|Public
SCRIPT	Alice2DTurret.Tick	Defined|Event|Public
SCRIPT	Alice2DTurretMine.Fire	Defined|Public
SCRIPT	Alice2DTurretMine.PlayMineExplodeEffect	Defined|Public
SCRIPT	AliceAnimNotify_TriggerMeleeAttackSlomo.getAPC	Defined|Public
SCRIPT	AliceAnimNotify_TriggerMeleeAttackSlomo.SetSlomoSoundMode	Defined|Event|Public
SCRIPT	AliceBlockPiece.ApplyCheckpointRecord	Defined|Public|HasOutParms
SCRIPT	AliceBlockPiece.assembleSelf	Defined|Public
SCRIPT	AliceBlockPiece.CanShowUI	Defined|Public
SCRIPT	AliceBlockPiece.CreateCheckpointRecord	Defined|Public|HasOutParms
SCRIPT	AliceBlockPiece.Init	Defined|Public
SCRIPT	AliceBlockPiece.OnCanBeCollect	Defined|Public
SCRIPT	AliceBlockPiece.OnFadeOutEnd	Defined|Public
SCRIPT	AliceBlockPiece.OnTrailFinish	Defined|Public
SCRIPT	AliceBlockPiece.playDisappearPS	Defined|Public
SCRIPT	AliceBlockPiece.ResetFade	Defined|Public
SCRIPT	AliceBlockPiece.setLocMat	Defined|Public
SCRIPT	AliceBlockPiece.startFadeOut	Defined|Public
SCRIPT	AliceBlockPiece.StopMovingEffect	Defined|Public
SCRIPT	AliceBlockPiece.Tick	Defined|Event|Public
SCRIPT	AliceBlockPiece.TriggerMovingEffect	Defined|Public
SCRIPT	AliceBlockPuzzleBoard.AssemblePiece	Defined|Public
SCRIPT	AliceBlockPuzzleBoard.BlockPuzzleComplete	Defined|Public
SCRIPT	AliceBlockPuzzleBoard.BlockPuzzleFail	Defined|Public
SCRIPT	AliceBlockPuzzleBoard.CanMove	Defined|Public
SCRIPT	AliceBlockPuzzleBoard.CheckPuzzleComplete	Defined|Public
SCRIPT	AliceBlockPuzzleBoard.CollectAllPieces	Defined|Public
SCRIPT	AliceBlockPuzzleBoard.CollectBlockPiece	Defined|Public
SCRIPT	AliceBlockPuzzleBoard.EndGame	Defined|Public
SCRIPT	AliceBlockPuzzleBoard.GetBlockZOffset	Defined|Public
SCRIPT	AliceBlockPuzzleBoard.GetCenterLoc	Defined|Public|HasDefaults
SCRIPT	AliceBlockPuzzleBoard.GetCornerRawLoc	Defined|Public|HasDefaults
SCRIPT	AliceBlockPuzzleBoard.GetEmptyBlockLoc	Defined|Public
SCRIPT	AliceBlockPuzzleBoard.GetGridLoc	Defined|Public|HasDefaults
SCRIPT	AliceBlockPuzzleBoard.GetLength	Defined|Public
SCRIPT	AliceBlockPuzzleBoard.getPieceLocMat	Defined|Public
SCRIPT	AliceBlockPuzzleBoard.HandleCommand	Defined|Public
SCRIPT	AliceBlockPuzzleBoard.InitAssamble	Defined|Public
SCRIPT	AliceBlockPuzzleBoard.IsInDelay	Defined|Public
SCRIPT	AliceBlockPuzzleBoard.IsMoving	Defined|Public
SCRIPT	AliceBlockPuzzleBoard.IsReadyToPlay	Defined|Public
SCRIPT	AliceBlockPuzzleBoard.MakeBlockThin	Defined|Public|HasDefaults
SCRIPT	AliceBlockPuzzleBoard.MoveBlockPiece	Defined|Public
SCRIPT	AliceBlockPuzzleBoard.OnAssembleBlock	Defined|Public
SCRIPT	AliceBlockPuzzleBoard.OnSkipBlockPuzzle	Defined|Public
SCRIPT	AliceBlockPuzzleBoard.PostBeginPlay	Defined|Simulated|Event|Public
SCRIPT	AliceBlockPuzzleBoard.PostMove	Defined|Public
SCRIPT	AliceBlockPuzzleBoard.RotateYaw	Defined|Public|HasOutParms|HasDefaults
SCRIPT	AliceBlockPuzzleBoard.setBaseLocMat	Defined|Public
SCRIPT	AliceBlockPuzzleBoard.SetDefaultCursor	Defined|Public
SCRIPT	AliceBlockPuzzleBoard.ShowBoxCursor	Defined|Public|HasDefaults
SCRIPT	AliceBlockPuzzleBoard.ShowGrid	Defined|Public
SCRIPT	AliceBlockPuzzleBoard.ShowSelectedCursor	Defined|Public|HasDefaults
SCRIPT	AliceBlockPuzzleBoard.StartGame	Defined|Public
SCRIPT	AliceBlockPuzzleBoard.Tick	Defined|Simulated|Public
SCRIPT	AliceBlockPuzzleBoard.TickCollect	Defined|Public
SCRIPT	AliceBlockPuzzleBoard.TickMoving	Defined|Public|HasDefaults
SCRIPT	AliceBoostVolume.Touch	Defined|Event|Public
SCRIPT	AliceCamMod_BackOfPlayer.BlendCameraRotation	Defined|Public|HasOutParms
SCRIPT	AliceCamMod_BackOfPlayer.CalcRealBaseRotSpeed	Defined|Public
SCRIPT	AliceCamMod_BackOfPlayer.DEBUG_ShowDirections	Defined|Public|HasDefaults
SCRIPT	AliceCamMod_BackOfPlayer.GetAliceViewDeltaPitch	Defined|Public
SCRIPT	AliceCamMod_BackOfPlayer.GetAliceViewDeltaRoll	Defined|Public
SCRIPT	AliceCamMod_BackOfPlayer.GetAliceViewDeltaYaw	Defined|Public
SCRIPT	AliceCamMod_BackOfPlayer.GetDeltaRotation	Defined|Public|HasOutParms
SCRIPT	AliceCamMod_BackOfPlayer.GetDeltaYaw	Defined|Public|HasDefaults
SCRIPT	AliceCamMod_BackOfPlayer.GetYawPitchSpeed	Defined|Simulated|Public|HasOutParms
SCRIPT	AliceCamMod_BackOfPlayer.ImplementAliceAutomaicCamera	Defined|Simulated|HasOptionalParms|Public|HasOutParms|HasDefaults
SCRIPT	AliceCamMod_BackOfPlayer.ImplementAliceCamBehaviors	Defined|Simulated|Public|HasOutParms
SCRIPT	AliceCamMod_BackOfPlayer.ImplementAliceDefaultCamera	Defined|Simulated|Public|HasOutParms
SCRIPT	AliceCamMod_BackOfPlayer.ImplementAliceFloatCamera	Defined|Simulated|HasOptionalParms|Public|HasOutParms
SCRIPT	AliceCamMod_BackOfPlayer.ImplementAliceForceResetCamera	Defined|Simulated|Public|HasOutParms
SCRIPT	AliceCamMod_BackOfPlayer.ImplementAliceFPSCamera	Defined|Simulated|Public|HasOutParms|HasDefaults
SCRIPT	AliceCamMod_BackOfPlayer.ImplementAliceSemiAutomaicCamera	Defined|Simulated|Public|HasOutParms
SCRIPT	AliceCamMod_BackOfPlayer.ImplementAliceSoftResetCamera	Defined|Simulated|Public|HasOutParms
SCRIPT	AliceCamMod_BackOfPlayer.ImplementAliceSprintCamera	Defined|Simulated|Public|HasOutParms|HasDefaults
SCRIPT	AliceCamMod_BackOfPlayer.ImplementAliceSteamVentCamera	Defined|Simulated|Public|HasOutParms|HasDefaults
SCRIPT	AliceCamMod_BackOfPlayer.ImplementAliceStickToCamera	Defined|Simulated|HasOptionalParms|Public|HasOutParms|HasDefaults
SCRIPT	AliceCamMod_BackOfPlayer.ImplementCameraMagnet	Defined|Simulated|Public|HasOutParms|HasDefaults
SCRIPT	AliceCamMod_BackOfPlayer.InterpolateCameraDirection	Defined|Public|HasOutParms
SCRIPT	AliceCamMod_BackOfPlayer.InterpolateCameraRotation	Defined|Public|HasOutParms
SCRIPT	AliceCamMod_BackOfPlayer.InterpolateRoll	Defined|Public|HasOutParms
SCRIPT	AliceCamMod_BackOfPlayer.IsFacingCamera	Defined|Public
SCRIPT	AliceCamMod_BackOfPlayer.IsInRotationRange	Defined|Public
SCRIPT	AliceCamMod_BackOfPlayer.IsRotated	Defined|Public|HasDefaults
SCRIPT	AliceCamMod_BackOfPlayer.JudgeFacingControl	Defined|Public
SCRIPT	AliceCamMod_BackOfPlayer.ProcessViewRotation	Defined|Simulated|Public|HasOutParms
SCRIPT	AliceCamMod_Targeting.BlendCameraRotation	Defined|Public|HasOutParms
SCRIPT	AliceCamMod_Targeting.DEBUG_ShowDirections	Defined|Public|HasDefaults
SCRIPT	AliceCamMod_Targeting.DEBUG_ShowLockOnTarget	Defined|Public|HasDefaults
SCRIPT	AliceCamMod_Targeting.GetAliceViewDeltaPitch	Defined|Public
SCRIPT	AliceCamMod_Targeting.GetAliceViewDeltaRoll	Defined|Public
SCRIPT	AliceCamMod_Targeting.GetAliceViewDeltaYaw	Defined|Public
SCRIPT	AliceCamMod_Targeting.GetDeltaYaw	Defined|Public|HasDefaults
SCRIPT	AliceCamMod_Targeting.ImplementAliceLockOnCamera	Defined|Simulated|Public|HasOutParms|HasDefaults
SCRIPT	AliceCamMod_Targeting.ImplementAliceStickToCamera	Defined|Simulated|HasOptionalParms|Public|HasOutParms|HasDefaults
SCRIPT	AliceCamMod_Targeting.InterpolateCameraRotation	Defined|Public|HasOutParms
SCRIPT	AliceCamMod_Targeting.ProcessViewRotation	Defined|Simulated|Public|HasOutParms
SCRIPT	AliceCheatManager.AddPFInfo	Defined|Public|HasDefaults
SCRIPT	AliceCheatManager.AllDresses	Defined|Exec|Public
SCRIPT	AliceCheatManager.arm	Defined|Exec|Public
SCRIPT	AliceCheatManager.backupDataForLondonSwitchArcheType	Defined|Public
SCRIPT	AliceCheatManager.canBlock	Defined|Public
SCRIPT	AliceCheatManager.canClockBomb	Defined|Public
SCRIPT	AliceCheatManager.canHysteria	Defined|Public
SCRIPT	AliceCheatManager.ChangeAliceDress	Defined|Exec|Public
SCRIPT	AliceCheatManager.ChangeFloatCamera	Defined|Exec|Public
SCRIPT	AliceCheatManager.ChangeSlideCamera	Defined|Exec|Public
SCRIPT	AliceCheatManager.CollectBlockPuzzle	Defined|Exec|Public
SCRIPT	AliceCheatManager.CompleteBlockPuzzle	Defined|Exec|Public
SCRIPT	AliceCheatManager.ConstrainedAspectRatio	Defined|Exec|Public
SCRIPT	AliceCheatManager.CycleFloat	Defined|Exec|Public
SCRIPT	AliceCheatManager.disarm	Defined|Exec|Public
SCRIPT	AliceCheatManager.DOF	Defined|Exec|Public
SCRIPT	AliceCheatManager.DofBlurAmount	Defined|Exec|Public
SCRIPT	AliceCheatManager.DoTraceDetect	Defined|Public|HasDefaults
SCRIPT	AliceCheatManager.Dress	Defined|Exec|Public
SCRIPT	AliceCheatManager.DutchAngle	Defined|Exec|Public
SCRIPT	AliceCheatManager.EnableAllWeaponsSelect	Defined|Exec|Public
SCRIPT	AliceCheatManager.enableInput	Defined|Exec|Public
SCRIPT	AliceCheatManager.ExecAlice1	Defined|Exec|Public
SCRIPT	AliceCheatManager.forceUnlockAllBink	Defined|Exec|Public
SCRIPT	AliceCheatManager.forceUnlockAllCave	Defined|Exec|Public
SCRIPT	AliceCheatManager.forceUnlockAllChapter	Defined|Exec|Public
SCRIPT	AliceCheatManager.forceUnlockAllEnemy	Defined|Exec|Public
SCRIPT	AliceCheatManager.forceUnlockAllMemory	Defined|Exec|Public
SCRIPT	AliceCheatManager.forceUnlockAllSecret	Defined|Exec|Public
SCRIPT	AliceCheatManager.forceUnlockAllSnout	Defined|Exec|Public
SCRIPT	AliceCheatManager.FreeCamera	Defined|Exec|Public
SCRIPT	AliceCheatManager.GetAllDresses	Defined|Exec|Public
SCRIPT	AliceCheatManager.getLockonBlockActor	Defined|Public
SCRIPT	AliceCheatManager.getMaxHeadSpeed	Defined|Public
SCRIPT	AliceCheatManager.GetSteamVentParam	Defined|Exec|HasOptionalParms|Public|HasOutParms
SCRIPT	AliceCheatManager.getTracedActor	Defined|Public
SCRIPT	AliceCheatManager.getUnshrinkBlockActor	Defined|Public
SCRIPT	AliceCheatManager.getUnshrinkExtent	Defined|Public
SCRIPT	AliceCheatManager.Health	Defined|Exec|Public
SCRIPT	AliceCheatManager.IA	Defined|Exec|Public
SCRIPT	AliceCheatManager.isNewCycleControl	Defined|Public
SCRIPT	AliceCheatManager.isShowPersistentData	Defined|Public
SCRIPT	AliceCheatManager.isShowTrophy	Defined|Public
SCRIPT	AliceCheatManager.isShowVentCylinder	Defined|Public
SCRIPT	AliceCheatManager.LeaveHysteria	Defined|Exec|Public
SCRIPT	AliceCheatManager.LogOutAllPickup	Defined|Exec|Public
SCRIPT	AliceCheatManager.NewCycleControl	Defined|Exec|Public
SCRIPT	AliceCheatManager.NewHoverControl	Defined|Exec|Public
SCRIPT	AliceCheatManager.ResetBlockPuzzle	Defined|Exec|Public
SCRIPT	AliceCheatManager.resetDataForLondonSwitchArcheType	Defined|Public
SCRIPT	AliceCheatManager.ResetKeys	Defined|Exec|Public
SCRIPT	AliceCheatManager.ScaleFOV	Defined|Exec|Public
SCRIPT	AliceCheatManager.SecondController	Defined|Exec|Public
SCRIPT	AliceCheatManager.SetGlideType	Defined|Exec|Public
SCRIPT	AliceCheatManager.sethealth	Defined|Exec|Public
SCRIPT	AliceCheatManager.setLockonBlockActor	Defined|Public
SCRIPT	AliceCheatManager.setMaxHealth	Defined|Exec|Public
SCRIPT	AliceCheatManager.SetSndVol	Defined|Exec|Public
SCRIPT	AliceCheatManager.SetSteamVent	Defined|Exec|HasOptionalParms|Public
SCRIPT	AliceCheatManager.SetSteamVentParam	Defined|Exec|HasOptionalParms|Public
SCRIPT	AliceCheatManager.setTDLineLength	Defined|Exec|Public
SCRIPT	AliceCheatManager.setTDLineNum	Defined|Exec|Public
SCRIPT	AliceCheatManager.setTDPitchOffset	Defined|Exec|Public
SCRIPT	AliceCheatManager.setTDYawRange	Defined|Exec|Public
SCRIPT	AliceCheatManager.setUnshrinkBaseOffsetZ	Defined|Exec|Public
SCRIPT	AliceCheatManager.setUnshrinkBlockActor	Defined|Public
SCRIPT	AliceCheatManager.setUSE	Defined|Exec|Public
SCRIPT	AliceCheatManager.ShouldShowSkipUI	Defined|Public
SCRIPT	AliceCheatManager.ShowChessPuzzle	Defined|Exec|Public
SCRIPT	AliceCheatManager.showHeadSpeed	Defined|Exec|Public
SCRIPT	AliceCheatManager.ShowHitInfo	Defined|Exec|Public
SCRIPT	AliceCheatManager.ShowIPRadius	Defined|Exec|Public
SCRIPT	AliceCheatManager.ShowJumpPadRadius	Defined|Exec|Public
SCRIPT	AliceCheatManager.showKeyBinds	Defined|Exec|Public
SCRIPT	AliceCheatManager.showPersistentData	Defined|Exec|Public
SCRIPT	AliceCheatManager.ShowPFInfos	Defined|Public|HasDefaults
SCRIPT	AliceCheatManager.showTrophy	Defined|Exec|HasOptionalParms|Public
SCRIPT	AliceCheatManager.showVentCylinder	Defined|Exec|Public
SCRIPT	AliceCheatManager.SkipBlockPuzzle	Defined|Exec|Public
SCRIPT	AliceCheatManager.StreamAllLevelsIn	Defined|Exec|Public
SCRIPT	AliceCheatManager.SuperDamage	Defined|Exec|Public
SCRIPT	AliceCheatManager.TankControls	Defined|Exec|Public
SCRIPT	AliceCheatManager.ToggleGhost	Defined|Exec|Public
SCRIPT	AliceCheatManager.ToggleHide	Defined|Exec|HasOptionalParms|Public
SCRIPT	AliceCheatManager.ToggleTrace	Defined|Exec|Public
SCRIPT	AliceCheatManager.traceTest	Defined|Public|HasDefaults
SCRIPT	AliceCheatManager.TSOff	Defined|Exec|Public
SCRIPT	AliceCheatManager.TSOn	Defined|Exec|Public
SCRIPT	AliceCheatManager.Update	Defined|Public
SCRIPT	AliceCheatManager.updateMaxHeadSpeed	Defined|Public
SCRIPT	AliceCheatManager.Walk	Defined|Exec|Public
SCRIPT	AliceCheckpoint.CheckpointIsEmpty	Final|Defined|Event|Public
SCRIPT	AliceCheckpoint.CheckpointIsNewer	Final|Defined|Public
SCRIPT	AliceCheckpoint.CheckpointTimeIsNewer	Final|Defined|Static|Public|HasOutParms
SCRIPT	AliceCheckpoint.PostLoadCheckpoint	Defined|Event|Public
SCRIPT	AliceCheckpoint.PostSaveCheckpoint	Defined|Event|Public
SCRIPT	AliceCheckPointManager.RegisterWhenApplyRecordCallFromBase	Defined|Public
SCRIPT	AliceCheckPointManager.RegisterWhenPostBeginPlayCallFromBase	Defined|Public
SCRIPT	AliceCheckPointManager.UnRegisterWhenApplyRecordCallFromBase	Defined|Public
SCRIPT	AliceCheckPointManager.UpdateRegisterWhenChangeCallFromBase	Defined|Public
SCRIPT	AliceChessBlackPiece.CancelDizzy	Defined|Event|Public
SCRIPT	AliceChessBlackPiece.OnAnimEnd	Defined|Event|Public
SCRIPT	AliceChessBlackPiece.playBreakPS	Defined|Public
SCRIPT	AliceChessBoard.canShowResetMenu	Defined|Public
SCRIPT	AliceChessBoard.CheckGoal	Defined|Public
SCRIPT	AliceChessBoard.CheckStep	Defined|Public
SCRIPT	AliceChessBoard.CheckTrap	Defined|Public
SCRIPT	AliceChessBoard.ChessPuzzleComplete	Defined|Public
SCRIPT	AliceChessBoard.ChessPuzzleFail	Defined|Public
SCRIPT	AliceChessBoard.DetermineBlockAction	Defined|HasOptionalParms|Public|HasOutParms
SCRIPT	AliceChessBoard.DetermineEdgeAction	Defined|HasOptionalParms|Public|HasOutParms
SCRIPT	AliceChessBoard.DoDizzy	Defined|Public
SCRIPT	AliceChessBoard.EndGame	Defined|Public
SCRIPT	AliceChessBoard.GetCenterLoc	Defined|Public|HasDefaults
SCRIPT	AliceChessBoard.GetCornerRawLoc	Defined|Public|HasDefaults
SCRIPT	AliceChessBoard.GetGridLoc	Defined|Public|HasDefaults
SCRIPT	AliceChessBoard.GetLength	Defined|Public
SCRIPT	AliceChessBoard.HandleCommand	Defined|Public
SCRIPT	AliceChessBoard.Init	Defined|Public|HasDefaults
SCRIPT	AliceChessBoard.IsAnyTrapMoving	Defined|Public
SCRIPT	AliceChessBoard.IsBlockEachOther	Defined|HasOptionalParms|Public|HasOutParms
SCRIPT	AliceChessBoard.IsBlocked	Defined|HasOptionalParms|Public|HasOutParms
SCRIPT	AliceChessBoard.IsLocValid	Defined|Public
SCRIPT	AliceChessBoard.IsMirrorInDelay	Defined|Public
SCRIPT	AliceChessBoard.IsMirrorMoving	Defined|Public
SCRIPT	AliceChessBoard.IsMoving	Defined|Public
SCRIPT	AliceChessBoard.MirrorMovePiece	Defined|Public|HasDefaults
SCRIPT	AliceChessBoard.missTrophy	Defined|Public
SCRIPT	AliceChessBoard.MovePiece	Defined|Public|HasDefaults
SCRIPT	AliceChessBoard.PostStep	Defined|Public
SCRIPT	AliceChessBoard.ResetMirrorDelay	Defined|Public
SCRIPT	AliceChessBoard.RotateYaw	Defined|Public|HasOutParms|HasDefaults
SCRIPT	AliceChessBoard.ShowBlock	Defined|Public|HasDefaults
SCRIPT	AliceChessBoard.ShowCurPieceLoc	Defined|Public|HasDefaults
SCRIPT	AliceChessBoard.ShowGoal	Defined|Public
SCRIPT	AliceChessBoard.ShowGrid	Defined|Public|HasDefaults
SCRIPT	AliceChessBoard.StartGame	Defined|Public
SCRIPT	AliceChessBoard.StartMoveTrap	Defined|Public
SCRIPT	AliceChessBoard.Tick	Defined|Simulated|Public
SCRIPT	AliceChessBoard.tryUnlockChessTrophy	Defined|Public
SCRIPT	AliceChessBoard.UpdateDizzyState	Defined|Public
SCRIPT	AliceChessBoard.UpdatePieceAction	Defined|Public
SCRIPT	AliceChessBoard.UpdatePiecePawn	Defined|Public
SCRIPT	AliceChessPiece.OnAnimEnd	Defined|Event|Public
SCRIPT	AliceChessTrap.checkKillAction	Defined|Public|HasDefaults
SCRIPT	AliceChessTrap.CheckTrap	Defined|Public
SCRIPT	AliceChessTrap.ChessTrapAttackHit	Defined|Event|Public
SCRIPT	AliceChessTrap.doKillAction	Defined|Public
SCRIPT	AliceChessTrap.GetCurPathID	Defined|Public
SCRIPT	AliceChessTrap.GetLoc	Defined|Public
SCRIPT	AliceChessTrap.GetNextLoc	Defined|Public
SCRIPT	AliceChessTrap.GetNextPathID	Defined|Public
SCRIPT	AliceChessTrap.Init	Defined|Public
SCRIPT	AliceChessTrap.IsMoving	Defined|Public
SCRIPT	AliceChessTrap.MoveTrap	Defined|Public|HasOutParms|HasDefaults
SCRIPT	AliceChessTrap.onStartMove	Defined|Public
SCRIPT	AliceChessTrap.PostStep	Defined|Public
SCRIPT	AliceChessTrap.setMovingRotation	Defined|Public|HasDefaults
SCRIPT	AliceChessTrap.SetNextPath	Defined|Public
SCRIPT	AliceChessWhitePiece.CancelDizzy	Defined|Event|Public
SCRIPT	AliceChessWhitePiece.OnAnimEnd	Defined|Event|Public
SCRIPT	AliceChessWhitePiece.playBreakPS	Defined|Public
SCRIPT	AliceClonePawn.AnnounceDie	Defined|Public
SCRIPT	AliceClonePawn.CacheAnimNodes	Defined|Simulated|Public
SCRIPT	AliceClonePawn.Destroyed	Defined|Simulated|Event|Public
SCRIPT	AliceClonePawn.Died	Defined|Public
SCRIPT	AliceClonePawn.Dying.AfterExplosion	Defined|Event|Public
SCRIPT	AliceClonePawn.Dying.BeginState	Defined|Event|Public
SCRIPT	AliceClonePawn.Dying.Timer	Defined|Event|Public
SCRIPT	AliceClonePawn.Landed	Defined|Event|Public
SCRIPT	AliceClonePawn.NotifyGFxHUDBombCountingDown	Defined|Public
SCRIPT	AliceClonePawn.OnAnimEnd	Defined|Event|Public
SCRIPT	AliceClonePawn.PostBeginPlay	Defined|Event|Public|HasDefaults
SCRIPT	AliceClonePawn.SetupStart	Defined|Event|Public
SCRIPT	AliceClonePawnDummyWeapon.IsClockStyle	Defined|Simulated|Event|Public
SCRIPT	AliceClonePawnDummyWeapon.PostBeginPlay	Defined|Simulated|Event|Public
SCRIPT	AliceCombatInputManager.Update	Defined|Public
SCRIPT	AliceConfigDataManager.changeDifficulty	Defined|Public
SCRIPT	AliceConfigDataManager.getAliceKeyBind	Defined|Public
SCRIPT	AliceConfigDataManager.getAntiAlias	Defined|Public
SCRIPT	AliceConfigDataManager.getAttackType	Defined|Public
SCRIPT	AliceConfigDataManager.getControlLayout	Defined|Public
SCRIPT	AliceConfigDataManager.getDifficulty	Defined|Public
SCRIPT	AliceConfigDataManager.getDynamicShadow	Defined|Public
SCRIPT	AliceConfigDataManager.getGamepadType	Defined|Public
SCRIPT	AliceConfigDataManager.getGammaConfig	Defined|Public
SCRIPT	AliceConfigDataManager.getGraphicsQuality	Defined|Public
SCRIPT	AliceConfigDataManager.getInvertY	Defined|Public
SCRIPT	AliceConfigDataManager.getLockOnType	Defined|Public
SCRIPT	AliceConfigDataManager.getMotionBlur	Defined|Public
SCRIPT	AliceConfigDataManager.getMouseSpeed	Defined|Public
SCRIPT	AliceConfigDataManager.getMusicVolume	Defined|Public
SCRIPT	AliceConfigDataManager.GetPhysXLevel	Defined|Public
SCRIPT	AliceConfigDataManager.getPostprocess	Defined|Public
SCRIPT	AliceConfigDataManager.getRemovedAliceKeyBind	Defined|Public|HasOutParms
SCRIPT	AliceConfigDataManager.getResolutionX	Defined|Public
SCRIPT	AliceConfigDataManager.getResolutionY	Defined|Public
SCRIPT	AliceConfigDataManager.getScreenPositionX	Defined|Public
SCRIPT	AliceConfigDataManager.getScreenPositionY	Defined|Public
SCRIPT	AliceConfigDataManager.getSoundEffectVolume	Defined|Public
SCRIPT	AliceConfigDataManager.getStereo3D	Defined|Public
SCRIPT	AliceConfigDataManager.getSubtitles	Defined|Public
SCRIPT	AliceConfigDataManager.getTheVeryLastCheckPointGot	Defined|Public
SCRIPT	AliceConfigDataManager.getUIEnemy	Defined|Public
SCRIPT	AliceConfigDataManager.getUIGallary	Defined|Public
SCRIPT	AliceConfigDataManager.getUIMemory	Defined|Public
SCRIPT	AliceConfigDataManager.getUIVideo	Defined|Public
SCRIPT	AliceConfigDataManager.getVoiceVolume	Defined|Public
SCRIPT	AliceConfigDataManager.setAliceKeyBind	Defined|Public
SCRIPT	AliceConfigDataManager.setAllConfigDefault	Defined|Public
SCRIPT	AliceConfigDataManager.setAntiAlias	Defined|Public
SCRIPT	AliceConfigDataManager.setAttackType	Defined|Public
SCRIPT	AliceConfigDataManager.setAudioDefault	Defined|Public
SCRIPT	AliceConfigDataManager.setCameraDefault	Defined|Public
SCRIPT	AliceConfigDataManager.setControlLayout	Defined|Public
SCRIPT	AliceConfigDataManager.setDifficulty	Defined|Public
SCRIPT	AliceConfigDataManager.setDynamicShadow	Defined|Public
SCRIPT	AliceConfigDataManager.setGamepadType	Defined|Public
SCRIPT	AliceConfigDataManager.setGammaConfig	Defined|Public
SCRIPT	AliceConfigDataManager.setGraphicsQuality	Defined|Public
SCRIPT	AliceConfigDataManager.setInGameVideoDefault	Defined|Public
SCRIPT	AliceConfigDataManager.setInvertY	Defined|Public
SCRIPT	AliceConfigDataManager.setKeysDefault	Defined|Public
SCRIPT	AliceConfigDataManager.setLockOnType	Defined|Public
SCRIPT	AliceConfigDataManager.setMotionBlur	Defined|Public
SCRIPT	AliceConfigDataManager.setMouseSpeed	Defined|Public
SCRIPT	AliceConfigDataManager.setMusicVolume	Defined|Public
SCRIPT	AliceConfigDataManager.setPhysXLevel	Defined|Public
SCRIPT	AliceConfigDataManager.setPostprocess	Defined|Public
SCRIPT	AliceConfigDataManager.setScreenPositionX	Defined|Public
SCRIPT	AliceConfigDataManager.setScreenPositionY	Defined|Public
SCRIPT	AliceConfigDataManager.setScreenResolution	Defined|HasOptionalParms|Public
SCRIPT	AliceConfigDataManager.setSoundEffectVolume	Defined|Public
SCRIPT	AliceConfigDataManager.setStereo3D	Defined|Public
SCRIPT	AliceConfigDataManager.setSubtitles	Defined|Public
SCRIPT	AliceConfigDataManager.setTheVeryLastCheckPointGot	Defined|Public
SCRIPT	AliceConfigDataManager.setUIEnemy	Defined|Public
SCRIPT	AliceConfigDataManager.setUIGallary	Defined|Public
SCRIPT	AliceConfigDataManager.setUIMemory	Defined|Public
SCRIPT	AliceConfigDataManager.setUIVideo	Defined|Public
SCRIPT	AliceConfigDataManager.setVideoDefault	Defined|Public
SCRIPT	AliceConfigDataManager.setVoiceVolume	Defined|Public
SCRIPT	AliceCycleFloatManager.CycleFloatInput	Defined|Public
SCRIPT	AliceCycleFloatManager.DebugUpdate	Defined|Public
SCRIPT	AliceCycleFloatManager.DrawDebugUI	Defined|Public
SCRIPT	AliceCycleFloatManager.getDoubleJumpTime	Defined|Public
SCRIPT	AliceCycleFloatManager.GetFloatJumpZ	Defined|Public
SCRIPT	AliceCycleFloatManager.GetFloatPS	Defined|Public
SCRIPT	AliceCycleFloatManager.hackCurCycle	Defined|Public
SCRIPT	AliceCycleFloatManager.Init	Defined|Public
SCRIPT	AliceCycleFloatManager.IsCycleExpired	Defined|Public
SCRIPT	AliceCycleFloatManager.IsCycleExpiredEX	Defined|Public
SCRIPT	AliceCycleFloatManager.jumpPadInit	Defined|Public
SCRIPT	AliceCycleFloatManager.OnEndFloat	Defined|Public
SCRIPT	AliceCycleFloatManager.PlayFloatFailParticle	Defined|Public
SCRIPT	AliceCycleFloatManager.PlayFloatParticle	Defined|Public|HasDefaults
SCRIPT	AliceCycleFloatManager.PlayJumpParticle	Defined|Public
SCRIPT	AliceCycleFloatManager.PostBeginPlay	Defined|Public
SCRIPT	AliceCycleFloatManager.SetActive	Defined|Public
SCRIPT	AliceCycleFloatManager.setDoubleJumpTime	Defined|Public
SCRIPT	AliceCycleFloatManager.showDebugInfo	Defined|Public
SCRIPT	AliceCycleFloatManager.showDebugTime	Defined|Public
SCRIPT	AliceCycleFloatManager.SpawnFloatParticle	Defined|Public
SCRIPT	AliceCycleFloatManager.StartNewCycle	Defined|Public
SCRIPT	AliceCycleFloatManager.StopFloatParticle	Defined|Public
SCRIPT	AliceCycleFloatManager.TimeAtCurCycle	Defined|Public
SCRIPT	AliceCycleFloatManager.TimeAtCycleBegin	Defined|Public
SCRIPT	AliceCycleFloatManager.TimeAtIngoreWindow	Defined|Public
SCRIPT	AliceCycleFloatManager.TimeAtInputWindow	Defined|Public
SCRIPT	AliceCycleFloatManager.TimePastCycle	Defined|Public
SCRIPT	AliceCycleFloatManager.Update	Defined|Public
SCRIPT	AliceDodgeParticleTrace.FinishFlightEffects	Defined|Event|Public
SCRIPT	AliceDodgeParticleTrace.PostBeginPlay	Defined|Simulated|Public
SCRIPT	AliceDodgeParticleTrace.SpawnFlightEffects	Defined|Event|Public
SCRIPT	AliceDroppedItemPickup.Destroyed	Defined|Event|Public
SCRIPT	AliceDroppedItemPickup.PickedUpBy	Defined|Public
SCRIPT	AliceDroppedItemPickup.PostBeginPlay	Defined|Event|Public
SCRIPT	AliceDroppedPickup.FadeOut.BeginState	Defined|Simulated|Public
SCRIPT	AliceDroppedPickup.GiveTo	Defined|Public
SCRIPT	AliceDroppedPickup.Landed	Defined|Simulated|Event|Public
SCRIPT	AliceDroppedPickup.Pickup.Landed	Defined|Simulated|Event|Public
SCRIPT	AliceDroppedPickup.Pickup.ValidTouch	Defined|Public
SCRIPT	AliceDroppedPickup.PreBeginPlay	Defined|Event|Public
SCRIPT	AliceDroppedPickup.SetPickupMesh	Defined|Simulated|Event|Public
SCRIPT	AliceDroppedPickup.SetPickupParticles	Defined|Simulated|Event|Public
SCRIPT	AliceEmitterPool.OnExplosionLightFinished	Defined|Public
SCRIPT	AliceEmitterPool.SpawnEmitter	Defined|HasOptionalParms|Public
SCRIPT	AliceEmitterPool.SpawnExplosionLight	Defined|HasOptionalParms|Public
SCRIPT	AliceFloatVolume.ApplyWind	Defined|Public
SCRIPT	AliceFloatVolume.PawnEnteredVolume	Defined|Simulated|Event|Public
SCRIPT	AliceFloatVolume.PawnLeavingVolume	Defined|Simulated|Event|Public
SCRIPT	AliceGameBitchBabyPawn.HackPawnMarkDeathType	Defined|Public
SCRIPT	AliceGameBitchBabyPawn.ModifyDiedByWeapon	Defined|Public
SCRIPT	AliceGameCloneAliceAIController.PawnDied	Defined|Public
SCRIPT	AliceGameCrowdAgent.InitializeAgent	Defined|Simulated|Public
SCRIPT	AliceGameCrowdAgent.PickBehaviorFrom	Defined|HasOptionalParms|Public
SCRIPT	AliceGameCrowdAgent.PlayAttackAnimation	Defined|Simulated|Event|Public
SCRIPT	AliceGameCrowdAgent.PlayDeathAnimation	Defined|Simulated|Event|Public
SCRIPT	AliceGameCrowdAgent.PlayRunAnimation	Defined|Simulated|Event|Public
SCRIPT	AliceGameCrowdAgent.PostBeginPlay	Defined|Simulated|Public
SCRIPT	AliceGameCrowdAgent.TakeDamage	Defined|HasOptionalParms|Public
SCRIPT	AliceGameCrowdAgent.Tick	Defined|Event|Public
SCRIPT	AliceGameDollMakerBossPawn.PreBeginPlay	Defined|Simulated|Event|Public
SCRIPT	AliceGameDollMakerHandBoy.PreBeginPlay	Defined|Simulated|Event|Public
SCRIPT	AliceGameDollMakerHandGirl.PreBeginPlay	Defined|Simulated|Event|Public
SCRIPT	AliceGameDoomTankPawn.PostBeginPlay	Defined|Simulated|Event|Public
SCRIPT	AliceGameDropActor.OnAnimEnd	Defined|Event|Public
SCRIPT	AliceGameEmitterPool.OnExplosionLightFinished	Defined|Public
SCRIPT	AliceGameEmitterPool.SpawnExplosionLight	Defined|HasOptionalParms|Public
SCRIPT	AliceGameEmitterPool.SpawnTemplateExplosionLight	Defined|HasOptionalParms|Public
SCRIPT	AliceGameEngine.AreStorageWritesAllowed	Defined|Event|HasOptionalParms|Public
SCRIPT	AliceGameEngine.donotShowAutoSaveWarning	Defined|Public
SCRIPT	AliceGameEngine.donotShowStartScreen	Defined|Public
SCRIPT	AliceGameEngine.ExecAntiAlias	Defined|Event|Public
SCRIPT	AliceGameEngine.ExecAttackType	Defined|Event|Public
SCRIPT	AliceGameEngine.ExecControlLayout	Defined|Event|Public
SCRIPT	AliceGameEngine.ExecDynamicShadows	Defined|Event|Public
SCRIPT	AliceGameEngine.ExecGammaConfig	Defined|Event|Public
SCRIPT	AliceGameEngine.ExecGraphicsQuality	Defined|Event|Public
SCRIPT	AliceGameEngine.ExecInvertY	Defined|Event|Public
SCRIPT	AliceGameEngine.ExecMotionBlur	Defined|Event|Public
SCRIPT	AliceGameEngine.ExecMouseSpeed	Defined|Event|Public
SCRIPT	AliceGameEngine.ExecMusicVolume	Defined|Event|Public
SCRIPT	AliceGameEngine.ExecPhysXLevel	Defined|Event|Public
SCRIPT	AliceGameEngine.ExecPostprocess	Defined|Event|Public
SCRIPT	AliceGameEngine.ExecScreenResolution	Defined|Event|Public
SCRIPT	AliceGameEngine.ExecSoundEffectVolume	Defined|Event|Public
SCRIPT	AliceGameEngine.ExecStereo3D	Defined|Event|Public
SCRIPT	AliceGameEngine.ExecSubtitles	Defined|Event|Public
SCRIPT	AliceGameEngine.ExecVoiceVolume	Defined|Event|Public
SCRIPT	AliceGameEngine.IsCurrentDeviceValid	Defined|Event|HasOptionalParms|Public
SCRIPT	AliceGameEngine.isFinishGameOnHard	Defined|Public
SCRIPT	AliceGameEngine.setFinishGameOnHard	Defined|Public
SCRIPT	AliceGameEngine.shouldDefaultInvertControls	Defined|Public
SCRIPT	AliceGameEngine.shouldShowAutoSaveWarning	Defined|Public
SCRIPT	AliceGameEngine.shouldShowStartScreen	Defined|Public
SCRIPT	AliceGameEngine.ShowAutoSaveWarning	Defined|Public
SCRIPT	AliceGameEngine.ShowStartScreen	Defined|Public
SCRIPT	AliceGameInfo.CDLevel	Defined|Exec|HasOptionalParms|Public
SCRIPT	AliceGameInfo.ChangeWeaponDLC_ES	Defined|Public
SCRIPT	AliceGameInfo.ChangeWeaponDLC_HH	Defined|Public
SCRIPT	AliceGameInfo.ChangeWeaponDLC_TC	Defined|Public
SCRIPT	AliceGameInfo.ChangeWeaponDLC_VB	Defined|Public
SCRIPT	AliceGameInfo.ChangeWeaponNormal_ES	Defined|Public
SCRIPT	AliceGameInfo.ChangeWeaponNormal_HH	Defined|Public
SCRIPT	AliceGameInfo.ChangeWeaponNormal_TC	Defined|Public
SCRIPT	AliceGameInfo.ChangeWeaponNormal_VB	Defined|Public
SCRIPT	AliceGameInfo.CheckpointLoadComplete	Defined|Event|Public
SCRIPT	AliceGameInfo.DelayDisappearUI	Defined|Public
SCRIPT	AliceGameInfo.EndLogging	Defined|Public
SCRIPT	AliceGameInfo.forceUpdateEyestaffAmmo	Defined|Public
SCRIPT	AliceGameInfo.forceUpdateTeapotCannonAmmo	Defined|Public
SCRIPT	AliceGameInfo.GenericPlayerInitialization	Defined|Public
SCRIPT	AliceGameInfo.getCurrentGameDifficulty	Defined|Event|Public
SCRIPT	AliceGameInfo.GetDressAbilityActive_Caterpillar	Defined|Public
SCRIPT	AliceGameInfo.GetDressAbilityActive_Cheshire	Defined|Public
SCRIPT	AliceGameInfo.GetDressAbilityActive_Chess	Defined|Public
SCRIPT	AliceGameInfo.GetDressAbilityActive_Default	Defined|Public
SCRIPT	AliceGameInfo.GetDressAbilityActive_Doll	Defined|Public
SCRIPT	AliceGameInfo.GetDressAbilityActive_Hatter	Defined|Public
SCRIPT	AliceGameInfo.GetDressAbilityActive_MatHatter	Defined|Public
SCRIPT	AliceGameInfo.GetDressAbilityActive_Oriental	Defined|Public
SCRIPT	AliceGameInfo.GetDressAbilityActive_QFlesh	Defined|Public
SCRIPT	AliceGameInfo.GetDressAbilityActive_Queen	Defined|Public
SCRIPT	AliceGameInfo.GetDressAbilityActive_Water	Defined|Public
SCRIPT	AliceGameInfo.GetDressAbilityActive_WRabbit	Defined|Public
SCRIPT	AliceGameInfo.GetIsDLC_ES_Enable	Defined|Public
SCRIPT	AliceGameInfo.GetIsDLC_ES_UnLock	Defined|Public
SCRIPT	AliceGameInfo.GetIsDLC_HH_Enable	Defined|Public
SCRIPT	AliceGameInfo.GetIsDLC_HH_UnLock	Defined|Public
SCRIPT	AliceGameInfo.GetIsDLC_TC_Enable	Defined|Public
SCRIPT	AliceGameInfo.GetIsDLC_TC_UnLock	Defined|Public
SCRIPT	AliceGameInfo.GetIsDLC_VB_Enable	Defined|Public
SCRIPT	AliceGameInfo.GetIsDLC_VB_UnLock	Defined|Public
SCRIPT	AliceGameInfo.GetLocalizeString	Defined|Public
SCRIPT	AliceGameInfo.getLowestGameDifficulty	Defined|Event|Public
SCRIPT	AliceGameInfo.GetWeaponIDByClass	Defined|Public
SCRIPT	AliceGameInfo.HideExistingSaveHint	Defined|Event|Public
SCRIPT	AliceGameInfo.HideSaveHintImmediately	Defined|Event|Public
SCRIPT	AliceGameInfo.InitGame	Defined|Event|Public|HasOutParms
SCRIPT	AliceGameInfo.MakeFullSaveCM	Defined|Exec|Public
SCRIPT	AliceGameInfo.NotifyChangedWeapon	Defined|Public
SCRIPT	AliceGameInfo.NotifyDialogueFinish	Defined|Event|Public
SCRIPT	AliceGameInfo.NotifyDialogueStart	Defined|Event|Public
SCRIPT	AliceGameInfo.PostBeginPlay	Defined|Event|Public
SCRIPT	AliceGameInfo.PreBeginPlay	Defined|Event|Public
SCRIPT	AliceGameInfo.ReSetUIAfterLoadCheckPoint	Defined|Public
SCRIPT	AliceGameInfo.Restart	Defined|Exec|Public
SCRIPT	AliceGameInfo.setCurrentGameDifficulty	Defined|Public
SCRIPT	AliceGameInfo.SetDressAbilityActive_Caterpillar	Defined|Public
SCRIPT	AliceGameInfo.SetDressAbilityActive_Cheshire	Defined|Public
SCRIPT	AliceGameInfo.SetDressAbilityActive_Chess	Defined|Public
SCRIPT	AliceGameInfo.SetDressAbilityActive_Default	Defined|Public
SCRIPT	AliceGameInfo.SetDressAbilityActive_Doll	Defined|Public
SCRIPT	AliceGameInfo.SetDressAbilityActive_Hatter	Defined|Public
SCRIPT	AliceGameInfo.SetDressAbilityActive_MatHatter	Defined|Public
SCRIPT	AliceGameInfo.SetDressAbilityActive_Oriental	Defined|Public
SCRIPT	AliceGameInfo.SetDressAbilityActive_QFlesh	Defined|Public
SCRIPT	AliceGameInfo.SetDressAbilityActive_Queen	Defined|Public
SCRIPT	AliceGameInfo.SetDressAbilityActive_Water	Defined|Public
SCRIPT	AliceGameInfo.SetDressAbilityActive_WRabbit	Defined|Public
SCRIPT	AliceGameInfo.SetIsDLC_ES_Enable	Defined|Public
SCRIPT	AliceGameInfo.SetIsDLC_ES_UnLock	Defined|Public
SCRIPT	AliceGameInfo.SetIsDLC_HH_Enable	Defined|Public
SCRIPT	AliceGameInfo.SetIsDLC_HH_UnLock	Defined|Public
SCRIPT	AliceGameInfo.SetIsDLC_TC_Enable	Defined|Public
SCRIPT	AliceGameInfo.SetIsDLC_TC_UnLock	Defined|Public
SCRIPT	AliceGameInfo.SetIsDLC_VB_Enable	Defined|Public
SCRIPT	AliceGameInfo.SetIsDLC_VB_UnLock	Defined|Public
SCRIPT	AliceGameInfo.setLowestGameDifficulty	Defined|Public
SCRIPT	AliceGameInfo.ShowPickTips	Defined|Public
SCRIPT	AliceGameInfo.ShowPickupMemoryFragmentTip	Defined|Public
SCRIPT	AliceGameInfo.ShowPickupNewWeaponTip	Defined|Public
SCRIPT	AliceGameInfo.ShowSaveOrLoadHint	Defined|Event|Public
SCRIPT	AliceGameInfo.ShowStreamHint	Defined|Event|Public
SCRIPT	AliceGameInfo.ShowWeaponUpgradeTip	Defined|Public
SCRIPT	AliceGameInfo.SpawnDefaultPawnFor	Defined|Public|HasDefaults
SCRIPT	AliceGameInfo.ToggleCritical	Defined|Event|Public
SCRIPT	AliceGameInfo.UnLockAllChapter	Defined|Exec|Public
SCRIPT	AliceGameInfo.UpdateAliceHealth	Defined|Public
SCRIPT	AliceGameInfo.UpdateEyestaffAmmo	Defined|Public
SCRIPT	AliceGameInfo.UpdateTeapotCannonAmmo	Defined|Public
SCRIPT	AliceGameInfo.UpdateTeethNumber	Defined|Public
SCRIPT	AliceGameKynapseAIController.ActiveAIEventTrigger	Defined|Simulated|Event|HasOptionalParms|Public
SCRIPT	AliceGameKynapseAIController.BreakByAI	Defined|Simulated|Event|Public
SCRIPT	AliceGameKynapseAIController.DisplayDebug	Defined|Simulated|Public|HasOutParms|HasDefaults
SCRIPT	AliceGameKynapseAIController.Draw3Dtext	Defined|Public|HasDefaults
SCRIPT	AliceGameKynapseAIController.NotifyBeginDying	Defined|Public
SCRIPT	AliceGameKynapseAIController.NotifyTakeHit	Defined|Public
SCRIPT	AliceGameKynapseAIController.NPCJumpPad.BeginState	Defined|Event|Public
SCRIPT	AliceGameKynapseAIController.OnConfigSphinxAgent	Defined|Public
SCRIPT	AliceGameKynapseAIController.OnSphinxAIFollow	Defined|Public
SCRIPT	AliceGameKynapseAIController.OnSphinxNotifyKismetControl	Defined|Public
SCRIPT	AliceGameKynapseAIController.OnSphinxNotifyTeammateFight	Defined|Public
SCRIPT	AliceGameKynapseAIController.OnSphinxSubConditionNotify	Defined|Public
SCRIPT	AliceGameKynapseAIController.PawnDied	Defined|Public
SCRIPT	AliceGameKynapseAIController.ScriptedMove.PoppedState	Defined|Event|Public
SCRIPT	AliceGameKynapseAIController.ScriptedMove.PushedState	Defined|Event|Public
SCRIPT	AliceGameKynapseFlyPawn.GetAdjustedAimFor	Defined|Simulated|Public|HasDefaults
SCRIPT	AliceGameKynapseFlyPawn.PostBeginPlay	Defined|Public
SCRIPT	AliceGameKynapsePawn.AnyLockableSocketaEnable	Defined|Public
SCRIPT	AliceGameKynapsePawn.AttachToAlice	Defined|Simulated|Public
SCRIPT	AliceGameKynapsePawn.Bump	Defined|Event|Public
SCRIPT	AliceGameKynapsePawn.CacheAnimNodes	Defined|Simulated|Public
SCRIPT	AliceGameKynapsePawn.Destroyed	Defined|Simulated|Event|Public
SCRIPT	AliceGameKynapsePawn.DetachFromAlice	Defined|Simulated|Public
SCRIPT	AliceGameKynapsePawn.DetectRagDollHitGround	Defined|Public|HasDefaults
SCRIPT	AliceGameKynapsePawn.Died	Defined|Public
SCRIPT	AliceGameKynapsePawn.DisableAllLockTargets	Defined|Public
SCRIPT	AliceGameKynapsePawn.DoDamageEffects	Defined|Public
SCRIPT	AliceGameKynapsePawn.Dying.BeginState	Defined|Event|Public
SCRIPT	AliceGameKynapsePawn.Dying.SphinxNotifyDestory	Defined|Event|Public
SCRIPT	AliceGameKynapsePawn.EndLeechLoopingEffect	Defined|Public
SCRIPT	AliceGameKynapsePawn.GetActorFaceFXAsset	Defined|Event|Public
SCRIPT	AliceGameKynapsePawn.GetCameraTargetSocketLoc	Defined|Simulated|Public|HasDefaults
SCRIPT	AliceGameKynapsePawn.GetGroundLoc	Defined|Public|HasOutParms|HasDefaults
SCRIPT	AliceGameKynapsePawn.GetManualHPAmount	Defined|Public
SCRIPT	AliceGameKynapsePawn.GetManualXPAmount	Defined|Public
SCRIPT	AliceGameKynapsePawn.GetSocketNumber	Defined|Public
SCRIPT	AliceGameKynapsePawn.GetStringInfo	Defined|Public
SCRIPT	AliceGameKynapsePawn.InterpolationFinished	Defined|Simulated|Event|Public
SCRIPT	AliceGameKynapsePawn.InterpolationStarted	Defined|Simulated|Event|Public
SCRIPT	AliceGameKynapsePawn.IsActorPlayingFaceFXAnim	Defined|Simulated|Public
SCRIPT	AliceGameKynapsePawn.IsRagDollOnGround	Defined|Public
SCRIPT	AliceGameKynapsePawn.IsRagDollStart	Defined|Public
SCRIPT	AliceGameKynapsePawn.IsTargetSocketCritical	Defined|Public
SCRIPT	AliceGameKynapsePawn.KismetFinished	Defined|Simulated|Event|Public
SCRIPT	AliceGameKynapsePawn.KismetStarted	Defined|Simulated|Event|Public
SCRIPT	AliceGameKynapsePawn.Landed	Defined|Event|Public
SCRIPT	AliceGameKynapsePawn.LockableSocketEnable	Defined|Public
SCRIPT	AliceGameKynapsePawn.LockTargetsSet	Defined|Event|Public
SCRIPT	AliceGameKynapsePawn.NotifyDied	Defined|Public
SCRIPT	AliceGameKynapsePawn.NPCOnParticleSystemFinished	Defined|Simulated|Public
SCRIPT	AliceGameKynapsePawn.OnAnimEnd	Defined|Event|Public
SCRIPT	AliceGameKynapsePawn.OnAttachedActorDie	Defined|Simulated|Public
SCRIPT	AliceGameKynapsePawn.OnEventBeLockOn	Defined|Public
SCRIPT	AliceGameKynapsePawn.OnLockedOn	Defined|Public
SCRIPT	AliceGameKynapsePawn.OnNotLockedOn	Defined|Public
SCRIPT	AliceGameKynapsePawn.OnPlayFaceFXAnim	Defined|Simulated|Public
SCRIPT	AliceGameKynapsePawn.OnToggleSpawnXPAndHP	Defined|Simulated|Event|Public
SCRIPT	AliceGameKynapsePawn.PlayActorFaceFXAnim	Defined|Event|Public
SCRIPT	AliceGameKynapsePawn.PlayParticleEffect	Defined|Event|Public
SCRIPT	AliceGameKynapsePawn.PlayParticleEffectFromSphinxSequence	Defined|Event|Public|HasDefaults
SCRIPT	AliceGameKynapsePawn.PlayPhysMatEffectInDamageZone	Defined|Public|HasDefaults
SCRIPT	AliceGameKynapsePawn.PlayRagDollPMEffect	Defined|Public
SCRIPT	AliceGameKynapsePawn.PostBeginPlay	Defined|Event|Public|HasDefaults
SCRIPT	AliceGameKynapsePawn.PostSetSonarActive	Defined|Event|Public
SCRIPT	AliceGameKynapsePawn.SetNewWeapon	Defined|Simulated|Event|Public
SCRIPT	AliceGameKynapsePawn.SetWeaponParaInfo	Defined|Simulated|Public
SCRIPT	AliceGameKynapsePawn.ShouldDoKnockBack	Defined|Simulated|Public
SCRIPT	AliceGameKynapsePawn.ShouldHideLockOnUI	Defined|Simulated|Public
SCRIPT	AliceGameKynapsePawn.StartLeechLoopingEffect	Defined|Public
SCRIPT	AliceGameKynapsePawn.StartLookatAlice	Defined|Public
SCRIPT	AliceGameKynapsePawn.StopActorFaceFXAnim	Defined|Event|Public
SCRIPT	AliceGameKynapsePawn.TakeDamage	Defined|Event|HasOptionalParms|Public
SCRIPT	AliceGameKynapsePawn.TakeFallingDamage	Defined|Public
SCRIPT	AliceGameKynapsePawn.Tick	Defined|Event|Public
SCRIPT	AliceGameKynapsePawn.ToggleLoopParticle	Defined|Event|Public
SCRIPT	AliceGameKynapsePawn.ToggleLoopSound	Defined|Event|Public
SCRIPT	AliceGameKynapsePawn.ToggleSkeletalControl	Defined|Event|Public
SCRIPT	AliceGameKynapsePawn.ToggleTargetSocketCritical	Defined|Event|Public
SCRIPT	AliceGameKynapsePawn.UpdateCriticalControl	Defined|Public
SCRIPT	AliceGameKynapsePawn.VerifyLockOnInfo	Defined|Public|HasDefaults
SCRIPT	AliceGameNPCAttachedActor.CacheAnimNodes	Defined|Simulated|Public
SCRIPT	AliceGameNPCAttachedActor.Damage.BeginState	Defined|Event|Public
SCRIPT	AliceGameNPCAttachedActor.Dying.BeginState	Defined|Event|Public
SCRIPT	AliceGameNPCAttachedActor.IdleState.BeginState	Defined|Event|Public
SCRIPT	AliceGameNPCAttachedActor.OnAnimEnd	Defined|Event|Public
SCRIPT	AliceGameNPCAttachedActor.PostBeginPlay	Defined|Simulated|Event|Public
SCRIPT	AliceGameNPCAttachedActor.TakeDamage	Defined|Event|HasOptionalParms|Public
SCRIPT	AliceGamePawn.AnimCfg_AnimEndNotify	Defined|Simulated|Public
SCRIPT	AliceGamePawn.BodyImpactBlendOutNotify	Final|Defined|Simulated|Event|Public
SCRIPT	AliceGamePawn.BodyImpactBlendOutNotifyPhysicsModify	Defined|Simulated|Public
SCRIPT	AliceGamePawn.CacheAnimNodes	Defined|Simulated|Public
SCRIPT	AliceGamePawn.CanChainSpecialMove	Final|Defined|Simulated|Public
SCRIPT	AliceGamePawn.CanDoSpecialMove	Final|Defined|Simulated|Event|HasOptionalParms|Public
SCRIPT	AliceGamePawn.CausePain	Defined|Public
SCRIPT	AliceGamePawn.CheckClimbingMeshTranslation	Defined|Public|HasDefaults
SCRIPT	AliceGamePawn.CheckDefaultMeshTranslation	Defined|Simulated|Public|HasDefaults
SCRIPT	AliceGamePawn.ClearAnimNodes	Defined|Simulated|Public
SCRIPT	AliceGamePawn.ClearFlagOfPlayingTransitionAnim	Defined|Public
SCRIPT	AliceGamePawn.ClimbEdge	Defined|Public|HasDefaults
SCRIPT	AliceGamePawn.CrushedBy	Defined|Public
SCRIPT	AliceGamePawn.DecalTrace	Defined|Simulated|HasOptionalParms|Public|Delegate|HasOutParms
SCRIPT	AliceGamePawn.DecalTrace_360AroundPawn_Backward	Final|Defined|Simulated|HasOptionalParms|Public|HasOutParms|HasDefaults
SCRIPT	AliceGamePawn.DecalTrace_360AroundPawn_Down	Final|Defined|Simulated|HasOptionalParms|Public|HasOutParms|HasDefaults
SCRIPT	AliceGamePawn.DecalTrace_360AroundPawn_Forward	Final|Defined|Simulated|HasOptionalParms|Public|HasOutParms|HasDefaults
SCRIPT	AliceGamePawn.DecalTrace_360AroundPawn_Left	Final|Defined|Simulated|HasOptionalParms|Public|HasOutParms|HasDefaults
SCRIPT	AliceGamePawn.DecalTrace_360AroundPawn_Right	Final|Defined|Simulated|HasOptionalParms|Public|HasOutParms|HasDefaults
SCRIPT	AliceGamePawn.DecalTrace_360AroundPawn_Up	Final|Defined|Simulated|HasOptionalParms|Public|HasOutParms|HasDefaults
SCRIPT	AliceGamePawn.DisableHeadTrack	Final|Defined|Simulated|HasOptionalParms|Public
SCRIPT	AliceGamePawn.DoSpecialMove	Defined|Simulated|Event|HasOptionalParms|Public|HasDefaults
SCRIPT	AliceGamePawn.DoSpecialMoveFromStruct	Final|Defined|Simulated|HasOptionalParms|Public
SCRIPT	AliceGamePawn.EnableSpringForImpactBones	Final|Defined|Simulated|Public|HasDefaults
SCRIPT	AliceGamePawn.EndClimbEdge	Defined|Public
SCRIPT	AliceGamePawn.EndPreparingClimbing	Defined|Public
SCRIPT	AliceGamePawn.EndSpecialMove	Final|Defined|Simulated|Exec|HasOptionalParms|Public
SCRIPT	AliceGamePawn.FillSMStructFromParams	Final|Defined|Simulated|HasOptionalParms|Public|HasDefaults
SCRIPT	AliceGamePawn.FindClimbLocation	Defined|Public|HasDefaults
SCRIPT	AliceGamePawn.FindClimbRotation	Defined|Public|HasDefaults
SCRIPT	AliceGamePawn.ForceStopBeingGrabbed	Defined|Simulated|Event|Public
SCRIPT	AliceGamePawn.GetActorEyesViewPoint	Defined|Simulated|Event|Public|HasOutParms
SCRIPT	AliceGamePawn.GetDamageVar	Defined|Public
SCRIPT	AliceGamePawn.GetHeadLookTargetLocation	Defined|Simulated|Event|Public
SCRIPT	AliceGamePawn.GetImpactPhysicsImpulse	Final|Defined|Simulated|HasOptionalParms|Public|HasOutParms|HasDefaults
SCRIPT	AliceGamePawn.GetPhysicalMaterial	Defined|Public
SCRIPT	AliceGamePawn.GetPhysicsImpactRemappedBone	Final|Defined|Simulated|Public
SCRIPT	AliceGamePawn.GetPhysMatFromTerrain	Defined|Public
SCRIPT	AliceGamePawn.GetRandomOffsetVector_XY	Final|Defined|Simulated|Public|HasDefaults
SCRIPT	AliceGamePawn.GetWaterSplashCue	Defined|Public
SCRIPT	AliceGamePawn.GetWaterSplashParticle	Defined|Public
SCRIPT	AliceGamePawn.gibbedBy	Defined|Public
SCRIPT	AliceGamePawn.InitSkelControl	Defined|Public
SCRIPT	AliceGamePawn.IsBlendingPhysicsBodyImpact	Final|Defined|Simulated|Public
SCRIPT	AliceGamePawn.IsDoingAttackSpecialMove	Defined|Simulated|Public
SCRIPT	AliceGamePawn.IsDoingDeflectSpinning	Defined|Simulated|Event|Public
SCRIPT	AliceGamePawn.IsDoingNonLockMeleeAttackSpecialMove	Final|Defined|Simulated|Public
SCRIPT	AliceGamePawn.IsInInvincibleState	Defined|Public
SCRIPT	AliceGamePawn.IsPawnInAStance	Defined|Public
SCRIPT	AliceGamePawn.IsRunning	Defined|Public
SCRIPT	AliceGamePawn.LeaveADecal	Final|Defined|Simulated|HasOptionalParms|Public|HasDefaults
SCRIPT	AliceGamePawn.LeaveDecal360AroundPawn	Final|Defined|Simulated|Public
SCRIPT	AliceGamePawn.LeaveDecalOnPawn	Final|Defined|Simulated|Public
SCRIPT	AliceGamePawn.LocalDoSpecialMove	Defined|Simulated|HasOptionalParms|Public
SCRIPT	AliceGamePawn.LocalEndSpecialMove	Final|Defined|Simulated|Event|HasOptionalParms|Public
SCRIPT	AliceGamePawn.MAT_PreAnimControl	Defined|Event|Public
SCRIPT	AliceGamePawn.OnAnimEnd	Defined|Event|Public
SCRIPT	AliceGamePawn.OnCauseAliceDamage	Defined|Simulated|Event|Public
SCRIPT	AliceGamePawn.OnHeadLookAt	Defined|Simulated|Event|Public
SCRIPT	AliceGamePawn.OnInterruptSpeech	Defined|Public
SCRIPT	AliceGamePawn.PainTimer	Defined|Event|Public
SCRIPT	AliceGamePawn.PlayFootStepWaterEffect	Defined|Event|Public|HasDefaults
SCRIPT	AliceGamePawn.PlayPhysicsBodyImpact	Final|Defined|Simulated|Public|HasDefaults
SCRIPT	AliceGamePawn.PlaySpeechGesture	Defined|Simulated|Exec|Event|Public
SCRIPT	AliceGamePawn.PostBeginPlay	Defined|Event|Public
SCRIPT	AliceGamePawn.PreBeginPlay	Defined|Simulated|Event|Public
SCRIPT	AliceGamePawn.ResetClothHair	Defined|Event|HasOptionalParms|Public
SCRIPT	AliceGamePawn.ResetCollisionSize	Defined|Public
SCRIPT	AliceGamePawn.SetClimbingCollisionSize	Defined|Public
SCRIPT	AliceGamePawn.SetHeadTrackActor	Final|Defined|Simulated|Event|HasOptionalParms|Public
SCRIPT	AliceGamePawn.SetKnockBackPara	Defined|Public|HasDefaults
SCRIPT	AliceGamePawn.SetLookAtControllerTrackActor	Defined|HasOptionalParms|Public
SCRIPT	AliceGamePawn.SetNormalWalkParameters	Defined|Public
SCRIPT	AliceGamePawn.SetPawnStance	Defined|Event|Public
SCRIPT	AliceGamePawn.SetSwimParameters	Defined|Public
SCRIPT	AliceGamePawn.SetWaterWalkParameters	Defined|Public
SCRIPT	AliceGamePawn.SetWeaponParaInfo	Defined|Simulated|Public
SCRIPT	AliceGamePawn.ShouldDoKnockBack	Defined|Simulated|Public
SCRIPT	AliceGamePawn.SMStructToString	Final|Defined|Simulated|Public
SCRIPT	AliceGamePawn.SpeakLineFinished	Final|Defined|Simulated|Event|Public|HasDefaults
SCRIPT	AliceGamePawn.SpecialMoveAssigned	Defined|Simulated|Public
SCRIPT	AliceGamePawn.SpecialMoveEnded	Final|Defined|Simulated|Public
SCRIPT	AliceGamePawn.SpecialMoveMessageEvent	Final|Defined|Simulated|Public
SCRIPT	AliceGamePawn.SpecialMoveStarted	Final|Defined|Simulated|Public
SCRIPT	AliceGamePawn.SpecialMoveToString	Final|Defined|Simulated|Public
SCRIPT	AliceGamePawn.StartBeingGrabbed	Defined|Simulated|Event|Public
SCRIPT	AliceGamePawn.StartInvincibleState	Defined|Public
SCRIPT	AliceGamePawn.StartPhysicsBodyImpact	Final|Defined|Simulated|Public
SCRIPT	AliceGamePawn.StartPhysicsBodyImpactPhysicsModify	Defined|Simulated|Public
SCRIPT	AliceGamePawn.StartPreparingClimbing	Defined|Public
SCRIPT	AliceGamePawn.StopCauseDamage	Defined|Public
SCRIPT	AliceGamePawn.StopToggleLookAt	Defined|Public
SCRIPT	AliceGamePawn.VerifySMHasBeenInstanced	Final|Defined|Simulated|Public
SCRIPT	AliceGamePawn.WasPawnInAStance	Defined|Public
SCRIPT	AliceGamePawn.WeaponListInit	Defined|Simulated|Public|HasDefaults
SCRIPT	AliceGameProjectile.AltinatePSFromProjectile	Defined|Public
SCRIPT	AliceGameProjectile.Bump	Defined|Event|Public
SCRIPT	AliceGameProjectile.CalcCamera	Defined|Simulated|Public|HasOutParms
SCRIPT	AliceGameProjectile.CalculateTravelTime	Final|Defined|Static|Public
SCRIPT	AliceGameProjectile.CreateProjectileLight	Defined|Simulated|Event|Public
SCRIPT	AliceGameProjectile.Destroyed	Defined|Simulated|Public
SCRIPT	AliceGameProjectile.EffectIsRelevant	Defined|Simulated|HasOptionalParms|Public
SCRIPT	AliceGameProjectile.Explode	Defined|Simulated|HasOptionalParms|Public
SCRIPT	AliceGameProjectile.GetDLCWeaponFlag	Defined|Simulated|Public
SCRIPT	AliceGameProjectile.GetExplodePhysMaterial	Defined|Public
SCRIPT	AliceGameProjectile.getHitNormal	Defined|Public
SCRIPT	AliceGameProjectile.GetHomingTarget	Defined|Event|Public
SCRIPT	AliceGameProjectile.GetPhysicalMaterial	Defined|Public
SCRIPT	AliceGameProjectile.GetPhysMatFromTerrain	Defined|Public
SCRIPT	AliceGameProjectile.GetRange	Defined|Simulated|Static|Public
SCRIPT	AliceGameProjectile.GetTimeToLocation	Defined|Simulated|Public
SCRIPT	AliceGameProjectile.GetWeaponLevel	Defined|Public
SCRIPT	AliceGameProjectile.HideProjectile	Defined|Simulated|Public
SCRIPT	AliceGameProjectile.HitWall	Defined|Simulated|Event|Public
SCRIPT	AliceGameProjectile.Init	Defined|Public
SCRIPT	AliceGameProjectile.InRebound	Defined|Simulated|Public
SCRIPT	AliceGameProjectile.Landed	Defined|Simulated|Event|Public
SCRIPT	AliceGameProjectile.MyOnParticleSystemFinished	Defined|Simulated|Public
SCRIPT	AliceGameProjectile.OnRigidBallExplode	Defined|Public
SCRIPT	AliceGameProjectile.PlayExplosionEffect	Defined|HasOptionalParms|Public|HasDefaults
SCRIPT	AliceGameProjectile.PlayLineCheckExplosionEffect	Defined|HasOptionalParms|Public|HasDefaults
SCRIPT	AliceGameProjectile.PlayRangeAttackEffect	Defined|Simulated|Event|Public|HasDefaults
SCRIPT	AliceGameProjectile.PlayShieldRangeAttackEffect	Defined|Simulated|Event|Public|HasDefaults
SCRIPT	AliceGameProjectile.PostBeginPlay	Defined|Simulated|Public
SCRIPT	AliceGameProjectile.setHitNormal	Defined|Public
SCRIPT	AliceGameProjectile.SetInitialState	Defined|Simulated|Event|Public
SCRIPT	AliceGameProjectile.ShouldSpawnExplosionLight	Defined|Simulated|Public
SCRIPT	AliceGameProjectile.ShutDown	Defined|Simulated|Public|HasDefaults
SCRIPT	AliceGameProjectile.SpawnExplosionDecal	Defined|HasOptionalParms|Public|HasDefaults
SCRIPT	AliceGameProjectile.SpawnExplosionEffects	Defined|Simulated|HasOptionalParms|Public
SCRIPT	AliceGameProjectile.SpawnFlightEffects	Defined|Simulated|Public
SCRIPT	AliceGameProjectile.SplashDecalOnNPC	Defined|Simulated|Public|HasDefaults
SCRIPT	AliceGameProjectile.StaticGetTimeToLocation	Defined|Simulated|Static|Public
SCRIPT	AliceGameProjectile.TornOff	Defined|Event|Public
SCRIPT	AliceGameProjectile.Touch	Defined|Simulated|Event|Public
SCRIPT	AliceGameProjectile.WaitingForVelocity.Tick	Defined|Simulated|Public
SCRIPT	AliceGameSkeletalMeshActorMAT.CacheAnimNodes	Defined|Simulated|Public
SCRIPT	AliceGameSkeletalMeshActorMAT.ClearAnimNodes	Defined|Simulated|Public
SCRIPT	AliceGameSkeletalMeshActorMAT.GetActorFaceFXAsset	Defined|Simulated|Event|Public
SCRIPT	AliceGameSkeletalMeshActorMAT.GetFaceFXAudioComponent	Defined|Simulated|Event|Public
SCRIPT	AliceGameSkeletalMeshActorMAT.IsActorPlayingFaceFXAnim	Defined|Simulated|Public
SCRIPT	AliceGameSkeletalMeshActorMAT.PlayActorFaceFXAnim	Defined|Simulated|Event|Public
SCRIPT	AliceGameSpeakPawn.CacheAnimNodes	Defined|Simulated|Public
SCRIPT	AliceGameSpeakPawn.PostBeginPlay	Defined|Event|Public
SCRIPT	AliceGameWeapon.AddAmmo	Defined|Public
SCRIPT	AliceGameWeapon.AmmoMaxed	Defined|Simulated|Public
SCRIPT	AliceGameWeapon.AttachMuzzleFlash	Defined|Simulated|Public
SCRIPT	AliceGameWeapon.AttachWeaponToAlice	Defined|Simulated|HasOptionalParms|Public
SCRIPT	AliceGameWeapon.CalcInventoryWeight	Defined|Simulated|Public
SCRIPT	AliceGameWeapon.CauseMuzzleFlash	Defined|Simulated|Event|Public
SCRIPT	AliceGameWeapon.CauseMuzzleFlashLight	Defined|Simulated|Event|Public
SCRIPT	AliceGameWeapon.ConsumeAmmo	Defined|Public
SCRIPT	AliceGameWeapon.DesireAmmo	Defined|Simulated|Public
SCRIPT	AliceGameWeapon.DetachMuzzleFlash	Defined|Simulated|Public
SCRIPT	AliceGameWeapon.GetAmmoCount	Defined|Simulated|Public
SCRIPT	AliceGameWeapon.GetHand	Defined|Simulated|Public
SCRIPT	AliceGameWeapon.HasAmmo	Defined|Simulated|HasOptionalParms|Public
SCRIPT	AliceGameWeapon.HasAnyAmmo	Defined|Simulated|Public
SCRIPT	AliceGameWeapon.Loaded	Defined|Simulated|HasOptionalParms|Public
SCRIPT	AliceGameWeapon.MuzzleFlashTimer	Defined|Simulated|Event|Public
SCRIPT	AliceGameWeapon.NeedAmmo	Defined|Simulated|Public
SCRIPT	AliceGameWeapon.PlayChargedFiringSound	Defined|Simulated|Public
SCRIPT	AliceGameWeapon.PlayFireEffects	Defined|Simulated|HasOptionalParms|Public
SCRIPT	AliceGameWeapon.PlayFiringSound	Defined|Simulated|Public
SCRIPT	AliceGameWeapon.PlayWeaponAnimation	Defined|Simulated|HasOptionalParms|Public
SCRIPT	AliceGameWeapon.PostBeginPlay	Defined|Simulated|Public
SCRIPT	AliceGameWeapon.ProjectileFire	Defined|Simulated|Public
SCRIPT	AliceGameWeapon.SetMuzzleFlashParams	Defined|Simulated|Public
SCRIPT	AliceGameWeapon.ShakeView	Defined|Simulated|Public
SCRIPT	AliceGameWeapon.StartFire	Defined|Simulated|Public
SCRIPT	AliceGameWeapon.StopMuzzleFlash	Defined|Simulated|Event|Public
SCRIPT	AliceGameWeaponBase.CacheAnimNodes	Defined|Simulated|Public
SCRIPT	AliceGameWeaponBase.GetDLCWeaponFlag	Defined|Simulated|Public
SCRIPT	AliceGameWeaponBase.GetMuzzleSocketMesh	Defined|Simulated|Public
SCRIPT	AliceGameWeaponBase.GetWeaponHitPhysMat	Defined|Public
SCRIPT	AliceGameWeaponBase.GetWeaponLevel	Defined|Public
SCRIPT	AliceGameWeaponBase.InstantFire	Defined|Simulated|Public
SCRIPT	AliceGameWeaponBase.IsEnableWeaponEnviorCollision	Defined|Event|Public
SCRIPT	AliceGameWeaponBase.PlayPhysicalMaterialEffect	Defined|Event|Public|HasDefaults
SCRIPT	AliceGameWeaponBase.PlayPhysicalMaterialHitWall	Defined|Event|Public|HasDefaults
SCRIPT	AliceGameWeaponBase.PostBeginPlay	Defined|Event|Public
SCRIPT	AliceGameWeaponBase.ProcessInstantHit	Defined|Simulated|HasOptionalParms|Public
SCRIPT	AliceGameWeaponBase.SetWeaponEnviorCollision	Defined|Event|Public
SCRIPT	AliceGameWeaponBase.ShowWeaponHitInfo	Defined|Public|HasDefaults
SCRIPT	AliceGFxMovie_BlockChess.closeMoveCircle	Defined|Public
SCRIPT	AliceGFxMovie_BlockChess.showMaxStepChess	Defined|Public
SCRIPT	AliceGFxMovie_BlockChess.showMoveCircle	Defined|Public
SCRIPT	AliceGFxMovie_Credits.PlayMusic	Defined|Public
SCRIPT	AliceGFxMovie_HUD.BombCount	Defined|Public
SCRIPT	AliceGFxMovie_HUD.CancelHysteriaCount	Defined|Public
SCRIPT	AliceGFxMovie_HUD.CancelHysteriaReady	Defined|Public
SCRIPT	AliceGFxMovie_HUD.ChangeAimIcon	Defined|Public
SCRIPT	AliceGFxMovie_HUD.ChangeAliceEnvironment	Defined|Public
SCRIPT	AliceGFxMovie_HUD.changeRangedWeapon	Defined|Public
SCRIPT	AliceGFxMovie_HUD.ChangeResolution	Defined|Public
SCRIPT	AliceGFxMovie_HUD.closeMoveCircle	Defined|Public
SCRIPT	AliceGFxMovie_HUD.deathQuitGame	Defined|Public
SCRIPT	AliceGFxMovie_HUD.deathRestartGame	Defined|Public
SCRIPT	AliceGFxMovie_HUD.DrawChessDesc	Defined|Public|HasDefaults
SCRIPT	AliceGFxMovie_HUD.DrawObjectiveDesc	Defined|Public|HasDefaults
SCRIPT	AliceGFxMovie_HUD.exitInteractState	Defined|Public
SCRIPT	AliceGFxMovie_HUD.forceSetEyestaffAmmo	Defined|Public
SCRIPT	AliceGFxMovie_HUD.forceSetTeapotCannonAmmo	Defined|Public
SCRIPT	AliceGFxMovie_HUD.getAliceHealth	Defined|Public
SCRIPT	AliceGFxMovie_HUD.getAliceHealthMax	Defined|Public
SCRIPT	AliceGFxMovie_HUD.GetBActorUIScale	Defined|Public|HasDefaults
SCRIPT	AliceGFxMovie_HUD.GetNPCUIScale	Defined|Public|HasDefaults
SCRIPT	AliceGFxMovie_HUD.GetSMAInfoUIScale	Defined|Public|HasDefaults
SCRIPT	AliceGFxMovie_HUD.Hide	Defined|Public
SCRIPT	AliceGFxMovie_HUD.hideHUD	Defined|Public
SCRIPT	AliceGFxMovie_HUD.HideUpgradeUI	Defined|Public
SCRIPT	AliceGFxMovie_HUD.HysteriaInto	Defined|Public
SCRIPT	AliceGFxMovie_HUD.HysteriaOut	Defined|Public
SCRIPT	AliceGFxMovie_HUD.HysteriaReady	Defined|Public
SCRIPT	AliceGFxMovie_HUD.NotifyChangedWeapon	Defined|Public
SCRIPT	AliceGFxMovie_HUD.notifyUIUpgradeHealth	Defined|Public
SCRIPT	AliceGFxMovie_HUD.OnClose	Defined|Event|Public
SCRIPT	AliceGFxMovie_HUD.PlaySound	Defined|Public
SCRIPT	AliceGFxMovie_HUD.PlaySoundWhenPause	Defined|Public
SCRIPT	AliceGFxMovie_HUD.PlayTutorialSound	Defined|Public
SCRIPT	AliceGFxMovie_HUD.ReSetUIAfterLoadCheckPoint	Defined|Public
SCRIPT	AliceGFxMovie_HUD.SetCinematicMode	Defined|Public
SCRIPT	AliceGFxMovie_HUD.SetEyestaffAmmo	Defined|Public|HasDefaults
SCRIPT	AliceGFxMovie_HUD.SetMFTotalCount	Defined|Public
SCRIPT	AliceGFxMovie_HUD.SetTeapotCannonAmmo	Defined|Public|HasDefaults
SCRIPT	AliceGFxMovie_HUD.ShowAmmoUI	Defined|Public|HasDefaults
SCRIPT	AliceGFxMovie_HUD.showBlockPuzzleLeftStep	Defined|Public
SCRIPT	AliceGFxMovie_HUD.showBlockPuzzleUI	Defined|Public
SCRIPT	AliceGFxMovie_HUD.ShowBombCountDown	Defined|Public
SCRIPT	AliceGFxMovie_HUD.showBombHit	Defined|Public
SCRIPT	AliceGFxMovie_HUD.ShowCancelMatineeHint	Defined|Public
SCRIPT	AliceGFxMovie_HUD.showCat	Defined|Public
SCRIPT	AliceGFxMovie_HUD.showChessPuzzleLeftStep	Defined|Public
SCRIPT	AliceGFxMovie_HUD.ShowCrossHair	Defined|Public
SCRIPT	AliceGFxMovie_HUD.showDeath	Defined|Public
SCRIPT	AliceGFxMovie_HUD.showHealthyUpgrade	Defined|Public
SCRIPT	AliceGFxMovie_HUD.ShowHUD	Defined|Public
SCRIPT	AliceGFxMovie_HUD.ShowInteractDescrible	Defined|Public
SCRIPT	AliceGFxMovie_HUD.ShowInteractPressX	Defined|Public
SCRIPT	AliceGFxMovie_HUD.ShowKismetCustomUI	Defined|Public
SCRIPT	AliceGFxMovie_HUD.ShowLockOnIndicator	Defined|Public
SCRIPT	AliceGFxMovie_HUD.ShowLockOnUI	Defined|Public
SCRIPT	AliceGFxMovie_HUD.ShowLockOnUIHint	Defined|Public
SCRIPT	AliceGFxMovie_HUD.showMoveCircle	Defined|Public
SCRIPT	AliceGFxMovie_HUD.ShowPickupTip	Defined|Public
SCRIPT	AliceGFxMovie_HUD.ShowPOIUIHint	Defined|Public
SCRIPT	AliceGFxMovie_HUD.ShowSaveHint	Defined|Public
SCRIPT	AliceGFxMovie_HUD.ShowWeaponFoundUI	Defined|Public|HasDefaults
SCRIPT	AliceGFxMovie_HUD.ShowWeaponUpgradeUI	Defined|Public|HasDefaults
SCRIPT	AliceGFxMovie_HUD.ToggleCritical	Defined|Public
SCRIPT	AliceGFxMovie_HUD.UpdateAimTargetUI	Defined|Public
SCRIPT	AliceGFxMovie_HUD.UpdateAliceHealth	Defined|Public
SCRIPT	AliceGFxMovie_HUD.UpdateCrossHairPosition	Defined|Public
SCRIPT	AliceGFxMovie_HUD.UpdateCrossHairPosition6	Defined|Public
SCRIPT	AliceGFxMovie_HUD.UpdateTargetPosition	Defined|Public
SCRIPT	AliceGFxMovie_HUD.UpdateTargetPosition6	Defined|Public
SCRIPT	AliceGFxMovie_HUD.UpdateTargetPosition7	Defined|Public
SCRIPT	AliceGFxMovie_HUD.UpdateTargetPositionNULL	Defined|Public
SCRIPT	AliceGFxMovie_HUD.UpdateTeethNumber	Defined|Public
SCRIPT	AliceGfxMovie_inGameMenu.ChangeAimIcon	Defined|Public
SCRIPT	AliceGfxMovie_inGameMenu.ChangeResolution	Defined|Public
SCRIPT	AliceGfxMovie_inGameMenu.continueGame	Defined|Public
SCRIPT	AliceGfxMovie_inGameMenu.getControlLayout	Defined|Public
SCRIPT	AliceGfxMovie_inGameMenu.getGOD	Defined|Public
SCRIPT	AliceGfxMovie_inGameMenu.getIA	Defined|Public
SCRIPT	AliceGfxMovie_inGameMenu.getIvMouse	Defined|Public
SCRIPT	AliceGfxMovie_inGameMenu.GetLockOnModeSetting	Defined|Public
SCRIPT	AliceGfxMovie_inGameMenu.getSuperDamage	Defined|Public
SCRIPT	AliceGfxMovie_inGameMenu.God	Defined|Public
SCRIPT	AliceGfxMovie_inGameMenu.gotoPage	Defined|Public
SCRIPT	AliceGfxMovie_inGameMenu.IA	Defined|Public
SCRIPT	AliceGfxMovie_inGameMenu.InvertMouse	Defined|Public
SCRIPT	AliceGfxMovie_inGameMenu.leaveControl	Defined|Public
SCRIPT	AliceGfxMovie_inGameMenu.LoadCheckpoint	Defined|Public
SCRIPT	AliceGfxMovie_inGameMenu.OnClose	Defined|Event|Public
SCRIPT	AliceGfxMovie_inGameMenu.OpenMenu	Defined|Public
SCRIPT	AliceGfxMovie_inGameMenu.PlaySound	Defined|Public
SCRIPT	AliceGfxMovie_inGameMenu.PlaySoundWhenPause	Defined|Public
SCRIPT	AliceGfxMovie_inGameMenu.QuitGame	Defined|Public
SCRIPT	AliceGfxMovie_inGameMenu.setControlLayout	Defined|Public
SCRIPT	AliceGfxMovie_inGameMenu.SetGFXMovie	Defined|Public
SCRIPT	AliceGfxMovie_inGameMenu.SetInput	Defined|Public
SCRIPT	AliceGfxMovie_inGameMenu.SetLockOnModeSetting	Defined|Public
SCRIPT	AliceGfxMovie_inGameMenu.SuperDamage	Defined|Public
SCRIPT	AliceGfxMovie_musicChallenge.PlaySound	Defined|Public
SCRIPT	AliceGfxMovie_riddle.PlayQuestionSound	Defined|Public
SCRIPT	AliceGfxMovie_riddle.PlayWrongSound	Defined|Public
SCRIPT	AliceGfxMovie_riddle.stopSound	Defined|Public
SCRIPT	AliceGfxMovie_titlePlayerMenu.AliceMove	Defined|Public
SCRIPT	AliceGfxMovie_titlePlayerMenu.AliceRotate	Defined|Public
SCRIPT	AliceGfxMovie_titlePlayerMenu.backtoTitle	Defined|Public
SCRIPT	AliceGfxMovie_titlePlayerMenu.CameraMove	Defined|Public
SCRIPT	AliceGfxMovie_titlePlayerMenu.CameraOffsetRange	Defined|Public
SCRIPT	AliceGfxMovie_titlePlayerMenu.ChangeAliceWonderlandDress	Defined|Public
SCRIPT	AliceGfxMovie_titlePlayerMenu.continueGame	Defined|Public
SCRIPT	AliceGfxMovie_titlePlayerMenu.createUserProfile	Defined|Public
SCRIPT	AliceGfxMovie_titlePlayerMenu.delUserProfile	Defined|Public
SCRIPT	AliceGfxMovie_titlePlayerMenu.donotShowAutoSaveWarning	Defined|Public
SCRIPT	AliceGfxMovie_titlePlayerMenu.ExecAlice1	Defined|Public
SCRIPT	AliceGfxMovie_titlePlayerMenu.GameCallback	Defined|Event|HasOptionalParms|Public
SCRIPT	AliceGfxMovie_titlePlayerMenu.getChapterUnlocked	Defined|Public
SCRIPT	AliceGfxMovie_titlePlayerMenu.getIsJPNSKU	Defined|Public
SCRIPT	AliceGfxMovie_titlePlayerMenu.getIsSpecialPCEdition	Defined|Public
SCRIPT	AliceGfxMovie_titlePlayerMenu.getMenuName	Defined|Public
SCRIPT	AliceGfxMovie_titlePlayerMenu.getUserProfileList	Defined|Public
SCRIPT	AliceGfxMovie_titlePlayerMenu.GotoCust	Defined|Public
SCRIPT	AliceGfxMovie_titlePlayerMenu.InputKey	Defined|Public
SCRIPT	AliceGfxMovie_titlePlayerMenu.IsChapterUnLocked	Defined|Public
SCRIPT	AliceGfxMovie_titlePlayerMenu.IsControllerLoggedIn	Defined|Public
SCRIPT	AliceGfxMovie_titlePlayerMenu.isFinishGameOnHard	Defined|Public
SCRIPT	AliceGfxMovie_titlePlayerMenu.leaveControl	Defined|Public
SCRIPT	AliceGfxMovie_titlePlayerMenu.LoadCheckpoint	Defined|Public
SCRIPT	AliceGfxMovie_titlePlayerMenu.MoveCameraSpeed	Defined|Public
SCRIPT	AliceGfxMovie_titlePlayerMenu.OnLoginCancelled	Defined|Protected
SCRIPT	AliceGfxMovie_titlePlayerMenu.OnLoginChange	Defined|Protected
SCRIPT	AliceGfxMovie_titlePlayerMenu.PlayMusic	Defined|Public
SCRIPT	AliceGfxMovie_titlePlayerMenu.PlaySound	Defined|Public
SCRIPT	AliceGfxMovie_titlePlayerMenu.sendUserProfileList	Defined|Public
SCRIPT	AliceGfxMovie_titlePlayerMenu.SetAliceRotation	Defined|Public
SCRIPT	AliceGfxMovie_titlePlayerMenu.SetCurrentPlayDataIndex	Defined|Public
SCRIPT	AliceGfxMovie_titlePlayerMenu.SetGFXMovie	Defined|Public
SCRIPT	AliceGfxMovie_titlePlayerMenu.SetNotShowingAutoSaveWarning	Defined|Public
SCRIPT	AliceGfxMovie_titlePlayerMenu.SetShowingAutoSaveWarning	Defined|Public
SCRIPT	AliceGfxMovie_titlePlayerMenu.shouldDefaultInvertControls	Defined|Public
SCRIPT	AliceGfxMovie_titlePlayerMenu.shouldPromptVideoConfig	Defined|Public
SCRIPT	AliceGfxMovie_titlePlayerMenu.shouldShowAutoSaveWarning	Defined|Public
SCRIPT	AliceGfxMovie_titlePlayerMenu.ShowAutoSaveWarning	Defined|Public
SCRIPT	AliceGfxMovie_titlePlayerMenu.ShowLoginUIWithCancelWarning	Defined|Public
SCRIPT	AliceGfxMovie_titlePlayerMenu.TitleOnStartPressed	Defined|Public
SCRIPT	AliceGfxMovie_titlePlayerMenu.TitleOnStartShown	Defined|Public
SCRIPT	AliceGfxMovie_titlePlayerMenu.UT_SetStoryMode	Defined|Public
SCRIPT	AliceGfxMovie_titlePlayerMenu.UT_UnlockTrophyDressUps	Defined|Public
SCRIPT	AliceGfxMovie_titlePlayerMenu.ViewAsset	Defined|Public
SCRIPT	AliceGFXMovie.backAliceKey	Defined|Public
SCRIPT	AliceGFXMovie.backMainMenu	Defined|Public
SCRIPT	AliceGFXMovie.belongToType	Defined|Public
SCRIPT	AliceGFXMovie.CanPressRestartGame	Defined|Public
SCRIPT	AliceGFXMovie.canShowResetMenu	Defined|Public
SCRIPT	AliceGFXMovie.canUpgradeWeapon	Defined|Public
SCRIPT	AliceGFXMovie.canWeaponUpgrade	Defined|Public
SCRIPT	AliceGFXMovie.changeDifficulty	Defined|Public
SCRIPT	AliceGFXMovie.changeDlcWeapon	Defined|Public
SCRIPT	AliceGFXMovie.ChangeWeaponDLC_ES	Defined|Public
SCRIPT	AliceGFXMovie.ChangeWeaponDLC_HH	Defined|Public
SCRIPT	AliceGFXMovie.ChangeWeaponDLC_TC	Defined|Public
SCRIPT	AliceGFXMovie.ChangeWeaponDLC_VB	Defined|Public
SCRIPT	AliceGFXMovie.ChangeWeaponNormal_ES	Defined|Public
SCRIPT	AliceGFXMovie.ChangeWeaponNormal_HH	Defined|Public
SCRIPT	AliceGFXMovie.ChangeWeaponNormal_TC	Defined|Public
SCRIPT	AliceGFXMovie.ChangeWeaponNormal_VB	Defined|Public
SCRIPT	AliceGFXMovie.ChangeWeaponTo	Defined|Public
SCRIPT	AliceGFXMovie.closeRedeemPurchasePop	Defined|Public
SCRIPT	AliceGFXMovie.DeleteGameData	Defined|Public
SCRIPT	AliceGFXMovie.DLCExitToStore	Defined|Public
SCRIPT	AliceGFXMovie.DLCGetStatus	Defined|Public
SCRIPT	AliceGFXMovie.DLCPurchase	Defined|Public
SCRIPT	AliceGFXMovie.DLCRedeemCode	Defined|Public
SCRIPT	AliceGFXMovie.DLCStartCheckThread	Defined|Public
SCRIPT	AliceGFXMovie.DLCStopCheckThread	Defined|Public
SCRIPT	AliceGFXMovie.donotShowStartScreen	Defined|Public
SCRIPT	AliceGFXMovie.exitGame	Defined|Public
SCRIPT	AliceGFXMovie.finishFirstWeaponUpgrade	Defined|Public
SCRIPT	AliceGFXMovie.GameCallback	Defined|Event|HasOptionalParms|Public
SCRIPT	AliceGFXMovie.getAbilityGot	Defined|Public
SCRIPT	AliceGFXMovie.getAliceKeyBind	Defined|Public
SCRIPT	AliceGFXMovie.GetAlicePlayerController	Defined|Public
SCRIPT	AliceGFXMovie.getAllMemoryByChapter	Defined|Public
SCRIPT	AliceGFXMovie.getAntiAlias	Defined|Public
SCRIPT	AliceGFXMovie.getBinkPlayed	Defined|Public
SCRIPT	AliceGFXMovie.GetCalloutPlatform	Defined|Public
SCRIPT	AliceGFXMovie.getCaveCompleted	Defined|Public
SCRIPT	AliceGFXMovie.getCaveCompletedInChapter	Defined|Public
SCRIPT	AliceGFXMovie.GetChapterCompleted	Defined|Public
SCRIPT	AliceGFXMovie.getCompletePercent	Defined|Public
SCRIPT	AliceGFXMovie.getConfigDataManager	Defined|Public
SCRIPT	AliceGFXMovie.getControlLayout	Defined|Public
SCRIPT	AliceGFXMovie.GetCurAliceWonderlandDress	Defined|Public
SCRIPT	AliceGFXMovie.getDifficulty	Defined|Public
SCRIPT	AliceGFXMovie.GetDressAbilityActive	Defined|Public
SCRIPT	AliceGFXMovie.getDynamicShadows	Defined|Public
SCRIPT	AliceGFXMovie.GetEyeStaffLevel	Defined|Public
SCRIPT	AliceGFXMovie.getGamepadType	Defined|Public
SCRIPT	AliceGFXMovie.getGamma	Defined|Public
SCRIPT	AliceGFXMovie.getGammaConfig	Defined|Public
SCRIPT	AliceGFXMovie.getGraphicsQuality	Defined|Public
SCRIPT	AliceGFXMovie.GetGStoryMode	Defined|Public
SCRIPT	AliceGFXMovie.getHealthUpgradePickupCount	Defined|Public
SCRIPT	AliceGFXMovie.GetHobbyHorseLevel	Defined|Public
SCRIPT	AliceGFXMovie.getInvertY	Defined|Public
SCRIPT	AliceGFXMovie.GetIsDLC_ES_Enable	Defined|Public
SCRIPT	AliceGFXMovie.GetIsDLC_HH_Enable	Defined|Public
SCRIPT	AliceGFXMovie.GetIsDLC_TC_Enable	Defined|Public
SCRIPT	AliceGFXMovie.GetIsDLC_VB_Enable	Defined|Public
SCRIPT	AliceGFXMovie.GetLanguage	Defined|Public
SCRIPT	AliceGFXMovie.getLastCheckPoint	Defined|Public
SCRIPT	AliceGFXMovie.getLockOnType	Defined|Public
SCRIPT	AliceGFXMovie.GetMapName	Defined|Public
SCRIPT	AliceGFXMovie.getMemoryCompleted	Defined|Public
SCRIPT	AliceGFXMovie.getMemoryFragment	Defined|Public
SCRIPT	AliceGFXMovie.getMemoryFragmentByType	Defined|Public
SCRIPT	AliceGFXMovie.getMemoryList	Defined|Public
SCRIPT	AliceGFXMovie.getMotionBlur	Defined|Public
SCRIPT	AliceGFXMovie.getMouseSpeed	Defined|Public
SCRIPT	AliceGFXMovie.getMusicVolume	Defined|Public
SCRIPT	AliceGFXMovie.GetNumOfSupportedResolutions	Defined|Public
SCRIPT	AliceGFXMovie.GetPhysXLevel	Defined|Public
SCRIPT	AliceGFXMovie.GetPlatform	Defined|Public
SCRIPT	AliceGFXMovie.getPostprocess	Defined|Public
SCRIPT	AliceGFXMovie.getResolutionX	Defined|Public
SCRIPT	AliceGFXMovie.getResolutionY	Defined|Public
SCRIPT	AliceGFXMovie.getScreenPositionX	Defined|Public
SCRIPT	AliceGFXMovie.getScreenPositionY	Defined|Public
SCRIPT	AliceGFXMovie.getSecretPick	Defined|Public
SCRIPT	AliceGFXMovie.getSecretPickByChap	Defined|Public
SCRIPT	AliceGFXMovie.getSnoutActive	Defined|Public
SCRIPT	AliceGFXMovie.getSnoutByChap	Defined|Public
SCRIPT	AliceGFXMovie.getSoundEffectVolume	Defined|Public
SCRIPT	AliceGFXMovie.getStereo3D	Defined|Public
SCRIPT	AliceGFXMovie.getSubtitles	Defined|Public
SCRIPT	AliceGFXMovie.GetSupportedResolutions	Defined|Public
SCRIPT	AliceGFXMovie.GetTeaPotLevel	Defined|Public
SCRIPT	AliceGFXMovie.getTeethNumber	Defined|Public
SCRIPT	AliceGFXMovie.getUIEnemy	Defined|Public
SCRIPT	AliceGFXMovie.getUIGallary	Defined|Public
SCRIPT	AliceGFXMovie.getUIMemory	Defined|Public
SCRIPT	AliceGFXMovie.getUIVideo	Defined|Public
SCRIPT	AliceGFXMovie.getUnlockEnemy	Defined|Public
SCRIPT	AliceGFXMovie.getUpgradeHealth	Defined|Public
SCRIPT	AliceGFXMovie.getVoiceVolume	Defined|Public
SCRIPT	AliceGFXMovie.GetVorpalBladeLevel	Defined|Public
SCRIPT	AliceGFXMovie.getWeaponUpgradeXp	Defined|Public
SCRIPT	AliceGFXMovie.HaveLastChapter	Defined|Public
SCRIPT	AliceGFXMovie.HaveLastCheckpointFile	Defined|Public
SCRIPT	AliceGFXMovie.interface_LoadConfigData	Defined|Public
SCRIPT	AliceGFXMovie.interface_ResetConfigData	Defined|Public
SCRIPT	AliceGFXMovie.interface_SaveConfigData	Defined|Public
SCRIPT	AliceGFXMovie.IsFrechKeyboard	Defined|Public
SCRIPT	AliceGFXMovie.IsPepperGrinderAvailable	Defined|Public
SCRIPT	AliceGFXMovie.IsPlayingBinkFile	Defined|Public
SCRIPT	AliceGFXMovie.IsTeapotCannonAvailable	Defined|Public
SCRIPT	AliceGFXMovie.OnClose	Defined|Event|Public
SCRIPT	AliceGFXMovie.openExtra	Defined|Public
SCRIPT	AliceGFXMovie.PauseGame	Defined|Public
SCRIPT	AliceGFXMovie.PlayChangeAnim	Defined|Public|HasDefaults
SCRIPT	AliceGFXMovie.PlayMemory	Defined|HasOptionalParms|Public
SCRIPT	AliceGFXMovie.PlaySound	Defined|Public
SCRIPT	AliceGFXMovie.PlaySoundWhenPause	Defined|Public
SCRIPT	AliceGFXMovie.PlayWeaponPickupSound	Defined|Public
SCRIPT	AliceGFXMovie.PS3UseCircleToAccept	Defined|Public
SCRIPT	AliceGFXMovie.reloadTitleMenu	Defined|Public
SCRIPT	AliceGFXMovie.Restart	Defined|Public
SCRIPT	AliceGFXMovie.SavePersistentSaveData	Defined|Public
SCRIPT	AliceGFXMovie.setAliceKeyBind	Defined|Public
SCRIPT	AliceGFXMovie.setAntiAlias	Defined|Public
SCRIPT	AliceGFXMovie.setAudioDefault	Defined|Public
SCRIPT	AliceGFXMovie.setControlLayout	Defined|Public
SCRIPT	AliceGFXMovie.setDifficulty	Defined|Public
SCRIPT	AliceGFXMovie.setDynamicShadows	Defined|Public
SCRIPT	AliceGFXMovie.setGamepadType	Defined|Public
SCRIPT	AliceGFXMovie.setGamma	Defined|Public
SCRIPT	AliceGFXMovie.setGammaConfig	Defined|Public
SCRIPT	AliceGFXMovie.setGraphicsQuality	Defined|Public
SCRIPT	AliceGFXMovie.setInGameVideoDefault	Defined|Public
SCRIPT	AliceGFXMovie.SetInMainMenu	Defined|Public
SCRIPT	AliceGFXMovie.setInvertY	Defined|Public
SCRIPT	AliceGFXMovie.setKeysDefault	Defined|Public
SCRIPT	AliceGFXMovie.setLastCheckPoint	Defined|Public
SCRIPT	AliceGFXMovie.setLockOnType	Defined|Public
SCRIPT	AliceGFXMovie.setMotionBlur	Defined|Public
SCRIPT	AliceGFXMovie.setMouseSpeed	Defined|Public
SCRIPT	AliceGFXMovie.setMusicVolume	Defined|Public
SCRIPT	AliceGFXMovie.setPhysXLevel	Defined|Public
SCRIPT	AliceGFXMovie.setPostprocess	Defined|Public
SCRIPT	AliceGFXMovie.SetRenderSubtitles	Defined|Public
SCRIPT	AliceGFXMovie.setScreenPositionX	Defined|Public
SCRIPT	AliceGFXMovie.setScreenPositionY	Defined|Public
SCRIPT	AliceGFXMovie.setScreenResolution	Defined|Public
SCRIPT	AliceGFXMovie.SetSelfGFXMovie	Defined|Public
SCRIPT	AliceGFXMovie.setSoundEffectVolume	Defined|Public
SCRIPT	AliceGFXMovie.setStereo3D	Defined|Public
SCRIPT	AliceGFXMovie.setSubtitles	Defined|Public
SCRIPT	AliceGFXMovie.setTeethNumber	Defined|Public
SCRIPT	AliceGFXMovie.setUIEnemy	Defined|Public
SCRIPT	AliceGFXMovie.setUIGallary	Defined|Public
SCRIPT	AliceGFXMovie.setUIMemory	Defined|Public
SCRIPT	AliceGFXMovie.setUIVideo	Defined|Public
SCRIPT	AliceGFXMovie.setVideoDefault	Defined|Public
SCRIPT	AliceGFXMovie.setVoiceVolume	Defined|Public
SCRIPT	AliceGFXMovie.shouldShowStartScreen	Defined|Public
SCRIPT	AliceGFXMovie.shouldUnlockAllBink	Defined|Public
SCRIPT	AliceGFXMovie.shouldUnlockAllMemory	Defined|Public
SCRIPT	AliceGFXMovie.shouldUnlockAllSecret	Defined|Public
SCRIPT	AliceGFXMovie.shouldUnlockAllSnout	Defined|Public
SCRIPT	AliceGFXMovie.ShowSaveOrLoadHint	Defined|Public
SCRIPT	AliceGFXMovie.ShowStartScreen	Defined|Public
SCRIPT	AliceGFXMovie.ShowStreamHint	Defined|Public
SCRIPT	AliceGFXMovie.Start	Defined|HasOptionalParms|Public
SCRIPT	AliceGFXMovie.StartNewGame	Defined|Public
SCRIPT	AliceGFXMovie.StopMemory	Defined|Public
SCRIPT	AliceGFXMovie.UpgradeWeapon	Defined|Public
SCRIPT	AliceGFXMovie.UserTick	Defined|Event|Public
SCRIPT	AliceGFxMovieGameMenu.continueGame	Defined|Public
SCRIPT	AliceGFxMovieGameMenu.OnClose	Defined|Event|Public
SCRIPT	AliceGFxMovieGameMenu.PlaySound	Defined|Public
SCRIPT	AliceGFxMovieGameMenu.QuitGame	Defined|Public
SCRIPT	AliceGFxMovieGameMenu.RestartGame	Defined|Public
SCRIPT	AliceGFxMovieGameMenu.setres	Defined|Public
SCRIPT	AliceGFxMovieGameMenu.SetupResolution	Defined|Public
SCRIPT	AliceGFxMovieGameMenu.Start	Defined|HasOptionalParms|Public|HasDefaults
SCRIPT	AliceGFXMovieInput.Tick	Defined|Event|Public
SCRIPT	AliceGib.BecomeViewTarget	Defined|Event|Public
SCRIPT	AliceGib.CalcCamera	Defined|Simulated|Public|HasOutParms|HasDefaults
SCRIPT	AliceGib.ChooseGib	Defined|Simulated|Public|HasDefaults
SCRIPT	AliceGib.DisplayDebug	Defined|Simulated|Public|HasOutParms
SCRIPT	AliceGib.LeaveADecal	Defined|Simulated|Public|HasDefaults
SCRIPT	AliceGib.PreBeginPlay	Defined|Simulated|Event|Public
SCRIPT	AliceGib.RigidBodyCollision	Defined|Simulated|Event|Public|HasOutParms
SCRIPT	AliceGib.SetTexturesToBeResident	Defined|Simulated|Public
SCRIPT	AliceGib.Timer	Defined|Public
SCRIPT	AliceGib.TurnOnCollision	Defined|Simulated|Public
SCRIPT	AliceHealthPickupFactory.HealAmount	Defined|Public
SCRIPT	AliceHealthPickupFactory.IsValidPick	Defined|Public|HasDefaults
SCRIPT	AliceHealthPickupFactory.PickedUpBy	Defined|Public
SCRIPT	AliceHealthPickupFactory.Pickup.ValidTouch	Defined|Public
SCRIPT	AliceHealthPickupFactory.PostBeginPlay	Defined|Simulated|Event|Public
SCRIPT	AliceHealthPickupFactory.SetPickupHidden	Defined|Simulated|Public
SCRIPT	AliceHealthPickupFactory.SetPickupVisible	Defined|Simulated|Public
SCRIPT	AliceHealthPickupFactory.ShowAmmoCollision	Defined|Public
SCRIPT	AliceHealthPickupFactory.SpawnCopyFor	Defined|Public
SCRIPT	AliceHealthPickupFactory.Tick	Defined|Event|Public
SCRIPT	AliceHobbyHorseGhost.Destroyed	Defined|Simulated|Public
SCRIPT	AliceHobbyHorseGhost.Explode	Defined|Simulated|HasOptionalParms|Public
SCRIPT	AliceHobbyHorseGhost.GetWeaponLevel	Defined|Public
SCRIPT	AliceHobbyHorseGhost.HideProjectile	Defined|Simulated|Public
SCRIPT	AliceHobbyHorseGhost.PlayPhysicalMaterialEffect	Defined|Event|Public|HasDefaults
SCRIPT	AliceHobbyHorseGhost.PlayShieldPhysicsMaterialEffect	Defined|Event|Public|HasDefaults
SCRIPT	AliceHobbyHorseGhost.PostBeginPlay	Defined|Simulated|Public
SCRIPT	AliceHobbyHorseGhost.ShutDown	Defined|Simulated|Public
SCRIPT	AliceHobbyHorseGhost.SpawnFlightEffects	Defined|Event|Public
SCRIPT	AliceHoverVolume.ApplyWind	Defined|Public
SCRIPT	AliceHoverVolume.GetAccel	Defined|Public
SCRIPT	AliceHoverVolume.GetAdjustVelocity	Defined|Public|HasDefaults
SCRIPT	AliceHoverVolume.GetHoverZSpeed	Defined|Public
SCRIPT	AliceHoverVolume.IsEnterFromBottom	Defined|Public
SCRIPT	AliceHoverVolume.PawnEnteredVolume	Defined|Simulated|Event|Public
SCRIPT	AliceHoverVolume.PawnLeavingVolume	Defined|Simulated|Event|Public
SCRIPT	AliceHoverVolume.TestHeight	Defined|Public|HasDefaults
SCRIPT	AliceHoverVolume.Update	Defined|Public
SCRIPT	AliceHud.PostRender	Defined|Event|Public
SCRIPT	AliceInventory.ClientLostItem	Defined|Net|NetReliable|Simulated|Public|NetClient
SCRIPT	AliceInventory.Destroyed	Defined|Simulated|Event|Public
SCRIPT	AliceInventory.DropFrom	Defined|Public
SCRIPT	AliceInventoryManager.AddAmmoToWeapon	Defined|Public
SCRIPT	AliceInventoryManager.AddInventory	Defined|Simulated|HasOptionalParms|Public
SCRIPT	AliceInventoryManager.AddMemoryFragment	Defined|Public
SCRIPT	AliceInventoryManager.CheckWeaponUpgrade	Defined|Public
SCRIPT	AliceInventoryManager.GetBestWeapon	Defined|Simulated|HasOptionalParms|Public
SCRIPT	AliceInventoryManager.GetMemoryFragmentCount	Defined|Public
SCRIPT	AliceInventoryManager.GetWeaponList	Defined|Simulated|HasOptionalParms|Public|HasOutParms
SCRIPT	AliceInventoryManager.HasInventoryOfClass	Defined|Public
SCRIPT	AliceInventoryManager.NeedsAmmo	Defined|Public
SCRIPT	AliceInventoryManager.PassingComboInfomation	Defined|Public
SCRIPT	AliceItemPickupFactory.BotDesireability	Defined|Public
SCRIPT	AliceItemPickupFactory.DelayTimeOver	Defined|Public
SCRIPT	AliceItemPickupFactory.GetLocalString	Defined|Static|HasOptionalParms|Public
SCRIPT	AliceItemPickupFactory.GetRespawnTime	Defined|Public
SCRIPT	AliceItemPickupFactory.InitializePickup	Defined|Simulated|Public
SCRIPT	AliceItemPickupFactory.Landed	Defined|Event|Public
SCRIPT	AliceItemPickupFactory.LineTrail	Defined|Public|HasDefaults
SCRIPT	AliceItemPickupFactory.SetRespawn	Defined|Public
SCRIPT	AliceItemPickupFactory.SpawnCopyFor	Defined|Public
SCRIPT	AliceObjectiveManager.AddObjective	Final|Defined|Public
SCRIPT	AliceObjectiveManager.ClearObjectives	Final|Defined|Public
SCRIPT	AliceObjectiveManager.CompleteObjective	Final|Defined|Public
SCRIPT	AliceObjectiveManager.DrawObjectives	Defined|Public
SCRIPT	AliceObjectiveManager.FailObjective	Final|Defined|Public
SCRIPT	AliceObjectiveManager.OnManageObjectives	Final|Defined|Public
SCRIPT	AliceObjectiveManager.UpdateObjective	Final|Defined|Protected
SCRIPT	AlicePawn.ActivateContextEventClass	Final|Defined|Simulated|HasOptionalParms|Public|HasOutParms
SCRIPT	AlicePawn.ActivateDamage	Defined|Simulated|Public|HasDefaults
SCRIPT	AlicePawn.ActivateHealthLevel	Defined|Simulated|Public|HasDefaults
SCRIPT	AlicePawn.AddMorphWindEffect	Defined|Event|Public
SCRIPT	AlicePawn.AdjustCameraDistInLockOn	Defined|Simulated|Public
SCRIPT	AlicePawn.AdjustCameraDistInLockOnBActor	Defined|Simulated|Public
SCRIPT	AlicePawn.AdjustCombatCameraRotation	Defined|Simulated|Public|HasOutParms|HasDefaults
SCRIPT	AlicePawn.AdjustSteamVentVelocity	Defined|Event|Public|HasOutParms
SCRIPT	AlicePawn.AliceForcePlayCameraAnim	Defined|Simulated|Public|HasDefaults
SCRIPT	AlicePawn.AliceForceStopCameraAnim	Defined|Simulated|Public
SCRIPT	AlicePawn.AliceHairAir	Defined|Exec|Public
SCRIPT	AlicePawn.AliceHairWater	Defined|Exec|Public
SCRIPT	AlicePawn.AlicePlayCameraAnim	Defined|Simulated|Public
SCRIPT	AlicePawn.AliceStopCameraAnim	Defined|Simulated|Public
SCRIPT	AlicePawn.AliceStopMotion	Defined|Exec|Public
SCRIPT	AlicePawn.AliceUpdateCameraAnim	Defined|Event|Public
SCRIPT	AlicePawn.AllowNPCAttach	Defined|Event|Public
SCRIPT	AlicePawn.ApplyCameraOffset	Defined|Simulated|Public|HasDefaults
SCRIPT	AlicePawn.AttachNPC	Defined|Public
SCRIPT	AlicePawn.AttachUmbrella	Defined|Simulated|Public
SCRIPT	AlicePawn.AttachWatch	Defined|Public|HasDefaults
SCRIPT	AlicePawn.BackupAliceCameraProperties	Defined|Simulated|Event|Public|HasOutParms
SCRIPT	AlicePawn.BackupAliceCameraPropertiesWithFlags	Defined|Simulated|Public|HasOutParms
SCRIPT	AlicePawn.BaseChange	Defined|Singular|Event|Public
SCRIPT	AlicePawn.BlendAliceCameraFloat	Defined|Simulated|Public|HasOutParms
SCRIPT	AlicePawn.BlendAliceCameraProperties	Defined|Simulated|Public
SCRIPT	AlicePawn.BlendAliceCameraRotator	Defined|Simulated|Public|HasOutParms
SCRIPT	AlicePawn.BlendAliceCameraVector	Defined|Simulated|Public|HasOutParms
SCRIPT	AlicePawn.BlendCameraPreset	Defined|Simulated|Public|HasDefaults
SCRIPT	AlicePawn.BlendFPSCameraSettings	Defined|Simulated|Public
SCRIPT	AlicePawn.BlendShrinkCameraDistance	Defined|Simulated|HasOptionalParms|Public
SCRIPT	AlicePawn.BlendToTargetCameraDistance	Defined|Simulated|Public
SCRIPT	AlicePawn.Bump	Defined|Event|Public
SCRIPT	AlicePawn.CacheAnimNodes	Defined|Simulated|Public
SCRIPT	AlicePawn.CalcCamera	Defined|Simulated|Public|HasOutParms
SCRIPT	AlicePawn.CalcCamera2D	Defined|Simulated|Public|HasOutParms|HasDefaults
SCRIPT	AlicePawn.CalcCamera3D	Defined|Simulated|Public|HasOutParms|HasDefaults
SCRIPT	AlicePawn.CalcCameraInterp	Defined|Simulated|Public|HasOutParms|HasDefaults
SCRIPT	AlicePawn.CalcCameraSpecial	Defined|Simulated|Public|HasOutParms|HasDefaults
SCRIPT	AlicePawn.CalcPotentialValue	Defined|Public|HasOutParms
SCRIPT	AlicePawn.CanDoContextAction	Defined|Simulated|Public
SCRIPT	AlicePawn.CanJump	Defined|Public
SCRIPT	AlicePawn.CannotJumpNow	Defined|Public
SCRIPT	AlicePawn.CannotUnShrink	Defined|Public
SCRIPT	AlicePawn.CanPlayHysteriaAnim	Defined|Public
SCRIPT	AlicePawn.ChangeFloatCamera	Defined|Public
SCRIPT	AlicePawn.ChangeWeaponLevelForHysteriaMode	Defined|Public
SCRIPT	AlicePawn.ChangeWonderlandDress	Defined|HasOptionalParms|Public
SCRIPT	AlicePawn.CheckCurrentHealth	Defined|Simulated|Public
SCRIPT	AlicePawn.checkFakeAttached	Defined|Public
SCRIPT	AlicePawn.CheckHysteriaMode	Defined|Public
SCRIPT	AlicePawn.CheckPendingAndCurrentDress	Defined|Public
SCRIPT	AlicePawn.CheckSwitchTargetDelay	Defined|Simulated|Public
SCRIPT	AlicePawn.ClampAngle	Defined|Public|HasOutParms
SCRIPT	AlicePawn.ClampVector	Defined|Public|HasDefaults
SCRIPT	AlicePawn.ClearAliceCameraDelays	Defined|Simulated|Public
SCRIPT	AlicePawn.ClearCamMatEffects	Defined|Simulated|Public
SCRIPT	AlicePawn.ClearDelayAttachWeapon	Defined|Simulated|Public
SCRIPT	AlicePawn.clearFakeAttached	Defined|Public
SCRIPT	AlicePawn.ClearTimerToHideWeapon	Defined|Simulated|Public
SCRIPT	AlicePawn.ClimbEdge	Defined|Public
SCRIPT	AlicePawn.ConvertToPawnSpace	Defined|Public|HasOutParms|HasDefaults
SCRIPT	AlicePawn.CostEndurance	Defined|Public
SCRIPT	AlicePawn.CreateGhost	Defined|Event|Public
SCRIPT	AlicePawn.DeactivateDamage	Defined|Simulated|Public|HasDefaults
SCRIPT	AlicePawn.DeactivateHealthLevel	Defined|Simulated|Public|HasDefaults
SCRIPT	AlicePawn.DebugLeaveHysteria	Defined|Public
SCRIPT	AlicePawn.DelayAttachWeapon	Defined|Simulated|Public|HasDefaults
SCRIPT	AlicePawn.DelayedChangeWonderlandDress	Defined|HasOptionalParms|Public
SCRIPT	AlicePawn.DelayWeaponFadeIn	Defined|Simulated|Public
SCRIPT	AlicePawn.Destroyed	Defined|Simulated|Event|Public
SCRIPT	AlicePawn.DetachNPC	Defined|Public
SCRIPT	AlicePawn.DetachWatch	Defined|Public
SCRIPT	AlicePawn.Died	Defined|Public
SCRIPT	AlicePawn.DiscardWatch	Defined|Exec|Public
SCRIPT	AlicePawn.DisplayDebug	Defined|Simulated|Public|HasOutParms|HasDefaults
SCRIPT	AlicePawn.DoDamageEffects	Defined|Public
SCRIPT	AlicePawn.DoHitShieldReaction	Defined|Event|Public
SCRIPT	AlicePawn.DoJump	Defined|Public
SCRIPT	AlicePawn.Draw3Dtext	Defined|Public|HasDefaults
SCRIPT	AlicePawn.drawlineFacingSlideTarget	Defined|Public
SCRIPT	AlicePawn.DrawTargetCone	Defined|Exec|Public
SCRIPT	AlicePawn.EnableCamPPEffects	Defined|Simulated|Event|Public
SCRIPT	AlicePawn.EnableEndurance	Defined|Exec|Public
SCRIPT	AlicePawn.EnableHysteriaMeshes	Defined|Public|HasDefaults
SCRIPT	AlicePawn.EnablePPEffect	Defined|Simulated|Public|HasOutParms
SCRIPT	AlicePawn.EnableSwitchLockOnCamera	Defined|Simulated|Public
SCRIPT	AlicePawn.EndFrozen	Defined|Public
SCRIPT	AlicePawn.EndGlideLoopingEffect	Defined|Public
SCRIPT	AlicePawn.EndGrabbed	Defined|Public
SCRIPT	AlicePawn.EnduanceUsedUp	Defined|Public
SCRIPT	AlicePawn.EntryHysteriaMode	Defined|Public
SCRIPT	AlicePawn.FadeInUmbrella	Defined|Simulated|Public
SCRIPT	AlicePawn.FadeInWeapon	Defined|Simulated|Public|HasDefaults
SCRIPT	AlicePawn.FadeOutUmbrella	Defined|Simulated|Event|Public
SCRIPT	AlicePawn.FadeOutWeapon	Defined|Simulated|HasOptionalParms|Public|HasDefaults
SCRIPT	AlicePawn.FindCamPPEffects	Defined|Simulated|Public
SCRIPT	AlicePawn.FindoutCollisionHeightWhenClimbing	Defined|Public
SCRIPT	AlicePawn.ForceAttachWatchAfterDodge	Defined|Public|HasDefaults
SCRIPT	AlicePawn.ForceDetachAllNPC	Defined|Public
SCRIPT	AlicePawn.ForceDoJumpSpecialMove	Defined|Simulated|Event|Public
SCRIPT	AlicePawn.ForceHideFadeOutUmbrella	Defined|Public
SCRIPT	AlicePawn.ForceWeaponSetHidden	Defined|Public
SCRIPT	AlicePawn.GetActorEyesViewPoint	Defined|Simulated|Event|Public|HasOutParms
SCRIPT	AlicePawn.GetAdjustedAimFor	Defined|Simulated|Public|HasDefaults
SCRIPT	AlicePawn.GetAliceFootPoint	Defined|Simulated|Public|HasOutParms|HasDefaults
SCRIPT	AlicePawn.GetaUp	Defined|Event|Public
SCRIPT	AlicePawn.GetCamDistScaleWhenFacingCam	Defined|Simulated|Public|HasDefaults
SCRIPT	AlicePawn.GetCheshireCatSkelActor	Defined|Public
SCRIPT	AlicePawn.GetCurrentWeaponType	Defined|Event|HasOptionalParms|Public
SCRIPT	AlicePawn.GetDefaultWonderlandDress	Defined|Public
SCRIPT	AlicePawn.GetHairInfoFromHairComponent	Defined|Event|Public|HasOutParms
SCRIPT	AlicePawn.GetLookAtPriority	Defined|Simulated|Public
SCRIPT	AlicePawn.GetMaxStrafeSpeed	Defined|Public|HasDefaults
SCRIPT	AlicePawn.GetSmartDropHealthArray	Defined|Public
SCRIPT	AlicePawn.GetSpeedThresholdWalkNRun	Defined|Simulated|Public
SCRIPT	AlicePawn.GetSteamVentAccel	Defined|Event|Public
SCRIPT	AlicePawn.GetT1BossXPAmount	Defined|Public
SCRIPT	AlicePawn.GetT1LgeXPAmount	Defined|Public
SCRIPT	AlicePawn.GetT1MedXPAmount	Defined|Public
SCRIPT	AlicePawn.GetT2LgeXPAmount	Defined|Public
SCRIPT	AlicePawn.GetT2MedXPAmount	Defined|Public
SCRIPT	AlicePawn.GetT2SmlXPAmount	Defined|Public
SCRIPT	AlicePawn.GetTokenAmount	Defined|Public
SCRIPT	AlicePawn.GetUnshrinkBaseOffsetZ	Defined|Event|Public
SCRIPT	AlicePawn.getUnshrinkExtent	Defined|Event|Public
SCRIPT	AlicePawn.GetWeaponMorphTime	Defined|Simulated|Public
SCRIPT	AlicePawn.GetWeaponStartTraceLocation	Defined|Simulated|Event|HasOptionalParms|Public
SCRIPT	AlicePawn.GetXPValue	Defined|Public
SCRIPT	AlicePawn.GiantStomp	Defined|Event|Public|HasDefaults
SCRIPT	AlicePawn.HideAlicePawn	Defined|Event|Public
SCRIPT	AlicePawn.HitWall	Defined|Event|Public|HasDefaults
SCRIPT	AlicePawn.InitShadowMode	Defined|Public
SCRIPT	AlicePawn.InteractBlockPiece	Defined|Exec|Public
SCRIPT	AlicePawn.isAButtonPressed	Defined|Event|Public
SCRIPT	AlicePawn.IsAliceCameraFloatDirty	Defined|Simulated|Public
SCRIPT	AlicePawn.IsAliceCameraRotatorDirty	Defined|Simulated|Public
SCRIPT	AlicePawn.IsAliceCameraVectorDirty	Defined|Simulated|Public
SCRIPT	AlicePawn.IsAliceHoldingWatch	Defined|Public
SCRIPT	AlicePawn.IsAttachedByNPCs	Defined|Public
SCRIPT	AlicePawn.IsCurCameraMagnet	Defined|Simulated|Public
SCRIPT	AlicePawn.IsCycleExpired	Defined|Event|Public
SCRIPT	AlicePawn.IsCycleExpiredEX	Defined|Event|Public
SCRIPT	AlicePawn.IsDoubleJumping	Defined|Event|Public
SCRIPT	AlicePawn.IsFighting	Defined|Simulated|Public
SCRIPT	AlicePawn.IsInContextActorRange	Defined|Simulated|Event|Public
SCRIPT	AlicePawn.isInConversationMode	Defined|Public
SCRIPT	AlicePawn.isInEncroachState	Defined|Public
SCRIPT	AlicePawn.IsInShadowMode	Defined|Simulated|Public
SCRIPT	AlicePawn.IsLockOnBlocked	Defined|Public|HasDefaults
SCRIPT	AlicePawn.IsMeleeFiring	Defined|Simulated|Public
SCRIPT	AlicePawn.isNewCycleControl	Defined|Event|Public
SCRIPT	AlicePawn.IsNewSteamVent	Defined|Public
SCRIPT	AlicePawn.IsRangeFiring	Defined|Simulated|Public
SCRIPT	AlicePawn.IsReadyToCollectBlockPiece	Defined|Public
SCRIPT	AlicePawn.JumpButtonReleased	Defined|Exec|Public
SCRIPT	AlicePawn.JumpOffPawn	Defined|Public
SCRIPT	AlicePawn.KillAllNpc	Defined|Exec|Public
SCRIPT	AlicePawn.Landed	Defined|Event|Public
SCRIPT	AlicePawn.LeaveHysteriaMode	Defined|Public
SCRIPT	AlicePawn.LeaveSprintState	Defined|Public
SCRIPT	AlicePawn.LeaveSwimMode	Defined|Public
SCRIPT	AlicePawn.LoadCurCameraDistFOVInfo	Defined|Simulated|Public
SCRIPT	AlicePawn.LockOnModeCameraOffsetAdjustment	Defined|Simulated|Public|HasOutParms|HasDefaults
SCRIPT	AlicePawn.MergeACP	Defined|Simulated|Event|Public|HasOutParms
SCRIPT	AlicePawn.ModifyCameraPostProcessSettings	Defined|Event|Public|HasOutParms
SCRIPT	AlicePawn.NameAbilityCameras	Defined|Simulated|Public
SCRIPT	AlicePawn.NotifyAllNpcAliceTakeDamage	Defined|Public
SCRIPT	AlicePawn.NotifyAttachNPC	Defined|Event|Public
SCRIPT	AlicePawn.NotifyDetachNPC	Defined|Event|Public
SCRIPT	AlicePawn.OnAnimEnd	Defined|Event|Public
SCRIPT	AlicePawn.OnSlideToTargetEnd	Defined|Public
SCRIPT	AlicePawn.OnSwitchLockOnTarget	Defined|Simulated|Public
SCRIPT	AlicePawn.PendingHideWeapon	Defined|Simulated|Public
SCRIPT	AlicePawn.PickedUpNewWeapon	Defined|Public|HasDefaults
SCRIPT	AlicePawn.PlayAttackForceFeedback	Defined|Event|Public
SCRIPT	AlicePawn.PlayBubbleEffect	Defined|Public|HasDefaults
SCRIPT	AlicePawn.PlayColdBreath	Defined|Public|HasDefaults
SCRIPT	AlicePawn.PlayDeathEffect	Defined|Simulated|Public
SCRIPT	AlicePawn.PlayDeathParticleAndSound	Defined|Event|Public|HasDefaults
SCRIPT	AlicePawn.PlayEnterHysteriaEffect	Defined|Public
SCRIPT	AlicePawn.PlayEnterHysteriaEffect2	Defined|Public
SCRIPT	AlicePawn.PlayEnterHysteriaEffect3	Defined|Public
SCRIPT	AlicePawn.PlayFrozenBreakParticle	Defined|Public
SCRIPT	AlicePawn.PlayFrozenParticle	Defined|Public
SCRIPT	AlicePawn.PlayGlideBeginParticle	Defined|Public
SCRIPT	AlicePawn.PlayGlideParticle	Defined|Public
SCRIPT	AlicePawn.PlayHealthDamageEffect	Defined|Simulated|HasOptionalParms|Public|HasOutParms
SCRIPT	AlicePawn.PlayLandedParticle	Defined|Public|HasDefaults
SCRIPT	AlicePawn.PlayParticle	Defined|HasOptionalParms|Public
SCRIPT	AlicePawn.PlayRespawnEffect	Defined|Simulated|Public
SCRIPT	AlicePawn.PlaySlideCameraAnim	Defined|Public
SCRIPT	AlicePawn.PlayWeaponSwitch	Defined|Simulated|Public|HasDefaults
SCRIPT	AlicePawn.PostBeginPlay	Defined|Event|Public
SCRIPT	AlicePawn.PostDealWithDataAfterSwitched	Defined|Event|Public
SCRIPT	AlicePawn.PostSetPhysFalling	Defined|Event|Public
SCRIPT	AlicePawn.PreBeginPlay	Defined|Simulated|Event|Public
SCRIPT	AlicePawn.PreLoadCheckpoint	Defined|Event|Public
SCRIPT	AlicePawn.PrepareForSwitchArchetype	Defined|Simulated|Public
SCRIPT	AlicePawn.RecoverEndurance	Defined|Public
SCRIPT	AlicePawn.ResetAliceCameraDelays	Defined|Simulated|Public
SCRIPT	AlicePawn.ResetAliceCameraProperties	Defined|Simulated|Event|HasOptionalParms|Public
SCRIPT	AlicePawn.ResetDressMorphingData	Defined|Simulated|Public
SCRIPT	AlicePawn.ResetEdgeJump	Defined|Public
SCRIPT	AlicePawn.ResetGlideCameraInertiaFlags	Defined|Public
SCRIPT	AlicePawn.ResetRepulsor	Defined|Public
SCRIPT	AlicePawn.ResetRotation	Defined|Public|HasDefaults
SCRIPT	AlicePawn.ResetTimeVaryingMaterials	Defined|Public
SCRIPT	AlicePawn.ResetUpperBodyComponent	Defined|Public
SCRIPT	AlicePawn.RevertDeathMaterial	Defined|Event|Public|HasDefaults
SCRIPT	AlicePawn.SaveCurCameraDistFOVInfo	Defined|Simulated|Public
SCRIPT	AlicePawn.SaveTargetCameraDistFOVInfo	Defined|Simulated|Public
SCRIPT	AlicePawn.SetAliceAbilityCamera	Defined|Simulated|Event|HasOptionalParms|Public|HasOutParms|HasDefaults
SCRIPT	AlicePawn.SetAliceCameraFloat	Defined|Simulated|Public|HasOutParms
SCRIPT	AlicePawn.SetAliceCameraProperties	Defined|Simulated|Event|HasOptionalParms|Public
SCRIPT	AlicePawn.SetAliceCameraRotator	Defined|Simulated|Public|HasOutParms
SCRIPT	AlicePawn.SetAliceCameraVector	Defined|Simulated|Public|HasOutParms
SCRIPT	AlicePawn.SetBaseEyeheight	Defined|Simulated|Public
SCRIPT	AlicePawn.SetBlankACP	Defined|Simulated|Event|Public|HasOutParms
SCRIPT	AlicePawn.SetBubbleEffect	Defined|Public
SCRIPT	AlicePawn.SetCameraMagnet	Defined|Simulated|Public
SCRIPT	AlicePawn.SetCameraStickToAlice	Defined|Simulated|Public|HasDefaults
SCRIPT	AlicePawn.SetCanSpin	Defined|Exec|Public
SCRIPT	AlicePawn.SetClothSpec	Defined|Exec|Public
SCRIPT	AlicePawn.SetColdBreath	Defined|Event|Public
SCRIPT	AlicePawn.SetConversing	Defined|Simulated|Event|HasOptionalParms|Public
SCRIPT	AlicePawn.SetDamageEffect	Defined|Simulated|Public
SCRIPT	AlicePawn.SetDelayedCameraPOV	Defined|Public|HasOutParms
SCRIPT	AlicePawn.SetForegroundUIDOFParameters	Defined|Public|HasOutParms
SCRIPT	AlicePawn.SetGlideType	Defined|Public
SCRIPT	AlicePawn.SetHairInfoToHairComponent	Defined|Event|Public|HasOutParms
SCRIPT	AlicePawn.SetLockOnDOFParameters	Defined|Public|HasOutParms
SCRIPT	AlicePawn.SetMaterialsIntoAliceSkelComponents	Defined|Public
SCRIPT	AlicePawn.SetNormalWalkParameters	Defined|Public
SCRIPT	AlicePawn.SetSwimParameters	Defined|Public
SCRIPT	AlicePawn.SetTimerToHideWeapon	Defined|Simulated|Public
SCRIPT	AlicePawn.SetUsingCommLink	Defined|Simulated|Public
SCRIPT	AlicePawn.SetWaterWalkParameters	Defined|Public
SCRIPT	AlicePawn.SetWonderlandDress	Defined|Event|Public|HasOutParms
SCRIPT	AlicePawn.SetWonderlandDressDLCMODInfo	Defined|Simulated|Public
SCRIPT	AlicePawn.SetWonderlandDressWithWeaponDLCMODInfo	Defined|Simulated|Public
SCRIPT	AlicePawn.SetXPValue	Defined|Public
SCRIPT	AlicePawn.ShieldDamage	Defined|Event|HasOptionalParms|Public
SCRIPT	AlicePawn.ShouldDoKnockBack	Defined|Simulated|Public
SCRIPT	AlicePawn.showHysteriaInfo	Defined|Public|HasOutParms
SCRIPT	AlicePawn.showSaveLoadConfigInfo	Defined|Public
SCRIPT	AlicePawn.SmokeParticleTest	Defined|Event|Public
SCRIPT	AlicePawn.SmokeSkinTest	Defined|Event|Public
SCRIPT	AlicePawn.StartCombatToStrafeCamBlendDelay	Defined|Simulated|Public
SCRIPT	AlicePawn.StartFrozen	Defined|Public
SCRIPT	AlicePawn.StartGlideLoopingEffect	Defined|Public
SCRIPT	AlicePawn.StartHysteriaMode	Defined|Public
SCRIPT	AlicePawn.StartRoll	Defined|Event|Public
SCRIPT	AlicePawn.StopAllAliceCameraAnims	Defined|Simulated|Public
SCRIPT	AlicePawn.StopHealthDamageEffect	Defined|Simulated|HasOptionalParms|Public|HasOutParms
SCRIPT	AlicePawn.StopHysteriaMode	Defined|Public
SCRIPT	AlicePawn.StopRoll	Defined|Event|Public
SCRIPT	AlicePawn.StopSlideCameraAnim	Defined|Public
SCRIPT	AlicePawn.StopWeaponFire	Defined|Public
SCRIPT	AlicePawn.StopWeaponParticleTrail	Defined|Public
SCRIPT	AlicePawn.SwimmingDressTest	Defined|Exec|Public
SCRIPT	AlicePawn.SwitchCameraZoom	Defined|Public
SCRIPT	AlicePawn.SwitchHairInTransition	Defined|Public
SCRIPT	AlicePawn.SwitchHowToTriggerFloatMode	Defined|Exec|Public
SCRIPT	AlicePawn.SwitchLockOnCamera	Defined|Public
SCRIPT	AlicePawn.SwitchToDress	Defined|Simulated|Public
SCRIPT	AlicePawn.SwitchToWaterWalkDress	Defined|Exec|Public
SCRIPT	AlicePawn.TakeDamage	Defined|Event|HasOptionalParms|Public|HasDefaults
SCRIPT	AlicePawn.ThrowWeapon	Defined|Exec|Public
SCRIPT	AlicePawn.Tick	Defined|Simulated|Public
SCRIPT	AlicePawn.ToggleCloseFollowCamera	Defined|Simulated|Public
SCRIPT	AlicePawn.ToggleCommLink	Defined|Exec|Public
SCRIPT	AlicePawn.TranferToCombatCamera	Defined|Simulated|Public|HasOutParms
SCRIPT	AlicePawn.TriggerCameraEvent	Defined|Event|Public
SCRIPT	AlicePawn.TriggerContextEventClass	Defined|Simulated|HasOptionalParms|Public|HasOutParms
SCRIPT	AlicePawn.TriggerDressPhysic	Defined|Public
SCRIPT	AlicePawn.TriggerEdgeJump	Defined|Event|Public
SCRIPT	AlicePawn.TriggerFloatDown	Defined|Exec|Public
SCRIPT	AlicePawn.TriggerHysteria	Defined|Exec|Public
SCRIPT	AlicePawn.TriggerPushDown	Defined|Simulated|Event|Public
SCRIPT	AlicePawn.tryResolveEncroach	Defined|Public|HasDefaults
SCRIPT	AlicePawn.TryToResetSprintCameraAnim	Defined|Public
SCRIPT	AlicePawn.UpdateBlobShadow	Defined|Public|HasDefaults
SCRIPT	AlicePawn.UpdateCameraMagnet	Defined|Simulated|Public|HasDefaults
SCRIPT	AlicePawn.UpdateFreezingHit	Defined|Public
SCRIPT	AlicePawn.UpdateInUIMode	Defined|Simulated|Public
SCRIPT	AlicePawn.WeaponSetHidden	Defined|HasOptionalParms|Public
SCRIPT	AlicePersistentDataManager.getAbilityGot	Defined|Public
SCRIPT	AlicePersistentDataManager.getAbilityName	Defined|Public
SCRIPT	AlicePersistentDataManager.getBigMemoryCompleted	Defined|Public
SCRIPT	AlicePersistentDataManager.getBinkPlayed	Defined|Public
SCRIPT	AlicePersistentDataManager.getChallengeCaveCompleted	Defined|Public
SCRIPT	AlicePersistentDataManager.GetChapterCompleted	Defined|Public
SCRIPT	AlicePersistentDataManager.getMemoryFragment	Defined|Public
SCRIPT	AlicePersistentDataManager.getSecretPick	Defined|Public
SCRIPT	AlicePersistentDataManager.getSountActive	Defined|Public
SCRIPT	AlicePersistentDataManager.getUnlockEnemy	Defined|Public
SCRIPT	AlicePersistentDataManager.getUpgradeHealth	Defined|Public
SCRIPT	AlicePersistentDataManager.isSmallSecret	Defined|Public
SCRIPT	AlicePersistentDataManager.LogOutAllPickup	Defined|Public
SCRIPT	AlicePersistentDataManager.PreSavePersistentData	Defined|Public
SCRIPT	AlicePersistentDataManager.SetAbility	Defined|Public
SCRIPT	AlicePersistentDataManager.setBigMemoryCompleted	Defined|Public
SCRIPT	AlicePersistentDataManager.setBinkPlayed	Defined|Public
SCRIPT	AlicePersistentDataManager.setChallengeCaveCompleted	Defined|Public
SCRIPT	AlicePersistentDataManager.setChapterCompleted	Defined|Public
SCRIPT	AlicePersistentDataManager.setMemoryFragment	Defined|Public
SCRIPT	AlicePersistentDataManager.setSecretPick	Defined|Public
SCRIPT	AlicePersistentDataManager.setSountActive	Defined|Public
SCRIPT	AlicePersistentDataManager.setUnlockEnemy	Defined|Public
SCRIPT	AlicePersistentDataManager.setUpgradeHealth	Defined|Public
SCRIPT	AlicePersistentDataManager.showDebugInfo	Defined|Public
SCRIPT	AlicePhysicalMaterialProperty.DetermineBallisticDecalData	Final|Defined|Simulated|Static|Public|HasOutParms
SCRIPT	AlicePhysicalMaterialProperty.DetermineBallisticParticle	Final|Defined|Simulated|Static|Public
SCRIPT	AlicePhysicalMaterialProperty.DetermineBallisticParticleFromWeapon	Final|Defined|Simulated|Static|Public
SCRIPT	AlicePhysicalMaterialProperty.DetermineBallisticSound	Final|Defined|Simulated|Static|Public
SCRIPT	AlicePhysicalMaterialProperty.DetermineBallisticSoundFromWeapon	Final|Defined|Simulated|Static|Public
SCRIPT	AlicePhysicalMaterialProperty.DetermineCriticalBallisticParticle	Final|Defined|Simulated|Static|Public
SCRIPT	AlicePhysicalMaterialProperty.DetermineCriticalBallisticSound	Final|Defined|Simulated|Static|Public
SCRIPT	AlicePhysicalMaterialProperty.DetermineCriticalProjectileParticle	Final|Defined|Simulated|Static|Public
SCRIPT	AlicePhysicalMaterialProperty.DetermineCriticalProjectileSound	Final|Defined|Simulated|Static|Public
SCRIPT	AlicePhysicalMaterialProperty.DetermineCriticalWeaponParticle	Final|Defined|Simulated|Static|Public
SCRIPT	AlicePhysicalMaterialProperty.DetermineCriticalWeaponSound	Final|Defined|Simulated|Static|Public
SCRIPT	AlicePhysicalMaterialProperty.DetermineFootStepDecalData	Final|Defined|Simulated|Static|Public|HasDefaults
SCRIPT	AlicePhysicalMaterialProperty.DetermineLandedParticle	Final|Defined|Simulated|Static|Public
SCRIPT	AlicePhysicalMaterialProperty.DetermineLandedSound	Final|Defined|Simulated|Static|Public
SCRIPT	AlicePhysicalMaterialProperty.DetermineProjectileDecalData	Final|Defined|Simulated|Static|Public|HasOutParms
SCRIPT	AlicePhysicalMaterialProperty.DetermineProjectileDecalDataForHitSpinningUmbrella	Final|Defined|Simulated|Static|Public|HasOutParms
SCRIPT	AlicePhysicalMaterialProperty.DetermineProjectileParticle	Final|Defined|Simulated|Static|Public|HasOutParms
SCRIPT	AlicePhysicalMaterialProperty.DetermineProjectileParticleForHitSpinningUmbrella	Final|Defined|Simulated|Static|Public
SCRIPT	AlicePhysicalMaterialProperty.DetermineProjectileParticleFromProj	Final|Defined|Simulated|Static|Public|HasOutParms
SCRIPT	AlicePhysicalMaterialProperty.DetermineProjectileParticleFromProjForHitSpinningUmbrella	Final|Defined|Simulated|Static|Public
SCRIPT	AlicePhysicalMaterialProperty.DetermineProjectileSound	Final|Defined|Simulated|Static|Public|HasOutParms
SCRIPT	AlicePhysicalMaterialProperty.DetermineProjectileSoundForHitSpinningUmbrella	Final|Defined|Simulated|Static|Public
SCRIPT	AlicePhysicalMaterialProperty.DetermineProjectileSoundFromProj	Final|Defined|Simulated|Static|Public|HasOutParms
SCRIPT	AlicePhysicalMaterialProperty.DetermineProjectileSoundFromProjForHitSpinningUmbrella	Final|Defined|Simulated|Static|Public
SCRIPT	AlicePhysicalMaterialProperty.DetermineWeaponCameraEffect	Final|Defined|Simulated|Static|Public|HasOutParms
SCRIPT	AlicePhysicalMaterialProperty.DetermineWeaponCameraEffectForHitSpinningUmbrella	Final|Defined|Simulated|Static|Public
SCRIPT	AlicePhysicalMaterialProperty.DetermineWeaponDecalData	Final|Defined|Simulated|Static|Public|HasOutParms
SCRIPT	AlicePhysicalMaterialProperty.DetermineWeaponParticle	Final|Defined|Simulated|Static|Public|HasOutParms
SCRIPT	AlicePhysicalMaterialProperty.DetermineWeaponParticleForHitSpinningUmbrella	Final|Defined|Simulated|Static|Public
SCRIPT	AlicePhysicalMaterialProperty.DetermineWeaponParticleFromWeapon	Final|Defined|Simulated|Static|Public|HasOutParms
SCRIPT	AlicePhysicalMaterialProperty.DetermineWeaponParticleFromWeaponForHitSpinningUmbrella	Final|Defined|Simulated|Static|Public
SCRIPT	AlicePhysicalMaterialProperty.DetermineWeaponSound	Final|Defined|Simulated|Static|Public|HasOutParms
SCRIPT	AlicePhysicalMaterialProperty.DetermineWeaponSoundForHitSpinningUmbrella	Final|Defined|Simulated|Static|Public
SCRIPT	AlicePhysicalMaterialProperty.DetermineWeaponSoundFromWeapon	Final|Defined|Simulated|Static|Public|HasOutParms
SCRIPT	AlicePhysicalMaterialProperty.DetermineWeaponSoundFromWeaponForHitSpinningUmbrella	Final|Defined|Simulated|Static|Public
SCRIPT	AlicePhysicalMaterialProperty.GetBallisticDecalData	Final|Defined|Simulated|Static|Public|HasOutParms|HasDefaults
SCRIPT	AlicePhysicalMaterialProperty.GetCookedDecalData	Final|Defined|Simulated|Static|Public|HasDefaults
SCRIPT	AlicePhysicalMaterialProperty.GetPhysMatFromBreakableActor	Final|Defined|Simulated|Static|Public
SCRIPT	AlicePhysicalMaterialProperty.GetPhysMatFromInterpActor	Final|Defined|Simulated|Static|Public
SCRIPT	AlicePhysicalMaterialProperty.GetProjectileDecalData	Final|Defined|Simulated|Static|Public|HasOutParms|HasDefaults
SCRIPT	AlicePhysicalMaterialProperty.GetProjectileDecalDataForHitSpinningUmbrella	Final|Defined|Simulated|Static|Public|HasOutParms|HasDefaults
SCRIPT	AlicePhysicalMaterialProperty.GetWeaponDecalData	Final|Defined|Simulated|Static|Public|HasOutParms|HasDefaults
SCRIPT	AlicePickupFactory.Disabled.BotDesireability	Defined|Public
SCRIPT	AlicePickupFactory.DisablePickup	Defined|Simulated|Public
SCRIPT	AlicePickupFactory.GetPickupStatName	Defined|Public
SCRIPT	AlicePickupFactory.InitPickupMeshEffects	Defined|Simulated|Event|Public
SCRIPT	AlicePickupFactory.PickedUpBy	Defined|Public
SCRIPT	AlicePickupFactory.Pickup.BeginState	Defined|Public
SCRIPT	AlicePickupFactory.Pickup.EndState	Defined|Simulated|Public
SCRIPT	AlicePickupFactory.PostBeginPlay	Defined|Simulated|Public
SCRIPT	AlicePickupFactory.ReplicatedEvent	Defined|Simulated|Public
SCRIPT	AlicePickupFactory.RespawnEffect	Defined|Simulated|Public
SCRIPT	AlicePickupFactory.SetInitialState	Defined|Simulated|Event|Public
SCRIPT	AlicePickupFactory.SetPickupHidden	Defined|Simulated|Public
SCRIPT	AlicePickupFactory.SetPickupMesh	Defined|Simulated|Public
SCRIPT	AlicePickupFactory.SetPickupVisible	Defined|Simulated|Public
SCRIPT	AlicePickupFactory.SetResOut	Defined|Simulated|Public
SCRIPT	AlicePickupFactory.ShutDown	Defined|Simulated|Public
SCRIPT	AlicePickupFactory.Sleeping.BeginState	Defined|Public
SCRIPT	AlicePickupFactory.Sleeping.EndState	Defined|Public
SCRIPT	AlicePickupFactory.Sleeping.PulseThresholdMet	Defined|Public
SCRIPT	AlicePickupFactory.StartPulse	Defined|Simulated|Public
SCRIPT	AlicePickupFactory.StopsProjectile	Defined|Simulated|Public|HasDefaults
SCRIPT	AlicePickupInventory.BotDesireability	Defined|Static|Public
SCRIPT	AlicePlayer_CombatMovementState.Idle.Update	Defined|Event|Public
SCRIPT	AlicePlayer_CombatMovementState.Walking.Update	Defined|Event|Public
SCRIPT	AlicePlayer_HangMovementState.Idle.Update	Defined|Event|Public
SCRIPT	AlicePlayer_HangMovementState.Walking.Update	Defined|Event|Public
SCRIPT	AlicePlayer_MovementStateBase.Braking.Update	Defined|Event|Public
SCRIPT	AlicePlayer_MovementStateBase.CalculateMovementParameters	Defined|Public
SCRIPT	AlicePlayer_MovementStateBase.Idle.Update	Defined|Event|Public
SCRIPT	AlicePlayer_MovementStateBase.RevertToIdle	Defined|Event|Public
SCRIPT	AlicePlayer_MovementStateBase.Rotating.Update	Defined|Event|Public
SCRIPT	AlicePlayer_MovementStateBase.Running.Update	Defined|Event|Public
SCRIPT	AlicePlayer_MovementStateBase.SetPlayerBasicMovementState	Defined|Public
SCRIPT	AlicePlayer_MovementStateBase.Sprint.Update	Defined|Event|Public
SCRIPT	AlicePlayer_MovementStateBase.Starting.Update	Defined|Event|Public
SCRIPT	AlicePlayer_MovementStateBase.Walking.Update	Defined|Event|Public
SCRIPT	AlicePlayer_StandMovementState.Braking.BeginState	Defined|Event|Public
SCRIPT	AlicePlayer_StandMovementState.Braking.Update	Defined|Event|Public
SCRIPT	AlicePlayer_StandMovementState.Idle.BeginState	Defined|Event|Public
SCRIPT	AlicePlayer_StandMovementState.Idle.EndState	Defined|Event|Public
SCRIPT	AlicePlayer_StandMovementState.Idle.Update	Defined|Event|Public
SCRIPT	AlicePlayer_StandMovementState.Rotating.BeginState	Defined|Event|Public
SCRIPT	AlicePlayer_StandMovementState.Rotating.EndRotating	Defined|Public
SCRIPT	AlicePlayer_StandMovementState.Rotating.EndState	Defined|Event|Public
SCRIPT	AlicePlayer_StandMovementState.Rotating.Update	Defined|Event|Public
SCRIPT	AlicePlayer_StandMovementState.Running.BeginState	Defined|Event|Public
SCRIPT	AlicePlayer_StandMovementState.Running.EndState	Defined|Event|Public
SCRIPT	AlicePlayer_StandMovementState.Running.Update	Defined|Event|Public
SCRIPT	AlicePlayer_StandMovementState.Sprint.BeginState	Defined|Event|Public
SCRIPT	AlicePlayer_StandMovementState.Sprint.EndState	Defined|Event|Public
SCRIPT	AlicePlayer_StandMovementState.Sprint.Update	Defined|Public
SCRIPT	AlicePlayer_StandMovementState.TurningWhileRunning.Update	Defined|Public
SCRIPT	AlicePlayer_StandMovementState.Walking.BeginState	Defined|Event|Public
SCRIPT	AlicePlayer_StandMovementState.Walking.EndState	Defined|Event|Public
SCRIPT	AlicePlayer_StandMovementState.Walking.Update	Defined|Event|Public
SCRIPT	AlicePlayerCamera.ApplyCamDistInertia	Defined|Public|HasDefaults
SCRIPT	AlicePlayerCamera.ApplyCameraInertia	Defined|Public|HasOutParms
SCRIPT	AlicePlayerCamera.CameraFloatInertiaFunction	Defined|Public
SCRIPT	AlicePlayerCamera.CameraRotInertiaFunction	Defined|Public|HasDefaults
SCRIPT	AlicePlayerCamera.CameraVectInertiaFunction	Defined|Public|HasDefaults
SCRIPT	AlicePlayerCamera.CanBlockCamera	Defined|Event|Public
SCRIPT	AlicePlayerCamera.CanSee	Defined|Simulated|HasOptionalParms|Public|HasDefaults
SCRIPT	AlicePlayerCamera.CanSeeEx	Defined|Simulated|HasOptionalParms|Public|HasDefaults
SCRIPT	AlicePlayerCamera.ClearFocusActor	Defined|Public
SCRIPT	AlicePlayerCamera.DoInterpolation	Defined|Simulated|Public|HasOutParms|HasDefaults
SCRIPT	AlicePlayerCamera.GetActualLookatLocation	Defined|Public|HasOutParms
SCRIPT	AlicePlayerCamera.InitializeFor	Defined|Public
SCRIPT	AlicePlayerCamera.InSight	Defined|Simulated|HasOptionalParms|Public|HasDefaults
SCRIPT	AlicePlayerCamera.InSightCheck	Defined|Event|Public
SCRIPT	AlicePlayerCamera.InSightEx	Defined|Simulated|HasOptionalParms|Public|HasOutParms|HasDefaults
SCRIPT	AlicePlayerCamera.InterpolateRotation	Defined|Public|HasOutParms
SCRIPT	AlicePlayerCamera.InterpolateVector	Defined|Public|HasOutParms
SCRIPT	AlicePlayerCamera.PostBeginPlay	Defined|Event|Public
SCRIPT	AlicePlayerCamera.PreventCameraPenetration	Defined|HasOptionalParms|Public|HasOutParms|HasDefaults
SCRIPT	AlicePlayerCamera.ResetCustomFOV	Defined|Public
SCRIPT	AlicePlayerCamera.SetProjectionInfo	Defined|Simulated|Public
SCRIPT	AlicePlayerCamera.TickCheatCommand	Defined|Public|HasDefaults
SCRIPT	AlicePlayerCamera.ToggleHide	Defined|Public
SCRIPT	AlicePlayerCamera.UpdateCamera	Defined|Simulated|Event|Public
SCRIPT	AlicePlayerCamera.WillBeInSight	Defined|Simulated|HasOptionalParms|Public|HasOutParms|HasDefaults
SCRIPT	AlicePlayerController.AbortConversation	Defined|Exec|Public
SCRIPT	AlicePlayerController.ActivateFirstPersonView	Defined|Public
SCRIPT	AlicePlayerController.AddNewAliceWeapon	Defined|Public|HasDefaults
SCRIPT	AlicePlayerController.AddPointOfInterest	Defined|Simulated|Public
SCRIPT	AlicePlayerController.AddSonarDetectedActor	Defined|Public
SCRIPT	AlicePlayerController.AliceControllerTick	Defined|Event|Public
SCRIPT	AlicePlayerController.AliceRespawn.BeginState	Defined|Event|Public
SCRIPT	AlicePlayerController.AliceRespawn.EndState	Defined|Event|Public
SCRIPT	AlicePlayerController.ApplyCheckpointRecord	Defined|Public|HasOutParms|HasDefaults
SCRIPT	AlicePlayerController.AttachedByNPCs.BeginState	Defined|Event|Public
SCRIPT	AlicePlayerController.AttachedByNPCs.EndState	Defined|Event|Public
SCRIPT	AlicePlayerController.AttachedByNPCs.PlayAliceScareSound	Defined|Public
SCRIPT	AlicePlayerController.AttachedByNPCs.PlayerMove	Defined|Public
SCRIPT	AlicePlayerController.AttachedByNPCs.ProcessMove	Defined|Public
SCRIPT	AlicePlayerController.AttachedByNPCs.TakeDurationDamage	Defined|Public
SCRIPT	AlicePlayerController.AttachedByNPCs.TriggerDodge	Defined|Exec|Public
SCRIPT	AlicePlayerController.AttachedByNPCs.UpdateAccel	Defined|Public|HasOutParms
SCRIPT	AlicePlayerController.AttachedByNPCs.UpdateAttachedNPC	Defined|Public
SCRIPT	AlicePlayerController.AttachedByNPCs.UpdateDeltaRotation	Defined|Public|HasOutParms
SCRIPT	AlicePlayerController.AtTimeTick	Defined|Public
SCRIPT	AlicePlayerController.AutoResetCameraPitch	Defined|Public|HasDefaults
SCRIPT	AlicePlayerController.AW	Defined|Exec|HasOptionalParms|Public
SCRIPT	AlicePlayerController.backtoTitle	Defined|Public
SCRIPT	AlicePlayerController.BeforeUnHideAlice	Defined|Public
SCRIPT	AlicePlayerController.belongToType	Defined|Public
SCRIPT	AlicePlayerController.BugItForGameController	Defined|Exec|HasOptionalParms|Public
SCRIPT	AlicePlayerController.CalcAliceIdleDuration	Defined|Public
SCRIPT	AlicePlayerController.CalcAngleBetweenVectors	Defined|Event|Public|HasDefaults
SCRIPT	AlicePlayerController.CalcCameraLocInfo	Defined|Public|HasDefaults
SCRIPT	AlicePlayerController.calcCompletePercent	Defined|Public
SCRIPT	AlicePlayerController.CalculateJumpInitVelocity	Defined|Public|HasDefaults
SCRIPT	AlicePlayerController.CanChangeWeapon	Defined|Public
SCRIPT	AlicePlayerController.canClockBomb	Defined|Public
SCRIPT	AlicePlayerController.CanCollectBlockPiece	Defined|Public
SCRIPT	AlicePlayerController.CanDodge	Defined|Public
SCRIPT	AlicePlayerController.CanFire	Defined|Simulated|Public
SCRIPT	AlicePlayerController.CanFirstPersonView	Defined|Public
SCRIPT	AlicePlayerController.CanPressRestartGame	Defined|Public
SCRIPT	AlicePlayerController.CanSwitchRangeWeapon	Defined|Public
SCRIPT	AlicePlayerController.CanUnpause	Defined|Public|Delegate
SCRIPT	AlicePlayerController.ChangeAimIcon	Defined|Public
SCRIPT	AlicePlayerController.ChangeAliceEnvironment	Defined|Public
SCRIPT	AlicePlayerController.ChangeAliceWonderlandDress	Defined|Simulated|Public
SCRIPT	AlicePlayerController.ChangeAliceWonderlandDressCPP	Defined|Simulated|Event|Public
SCRIPT	AlicePlayerController.ChangeCameraMode	Defined|Exec|Public
SCRIPT	AlicePlayerController.ChangeCameraModePC	Defined|Exec|Public
SCRIPT	AlicePlayerController.ChangeDifficultLevel	Defined|Exec|HasOptionalParms|Public
SCRIPT	AlicePlayerController.ChangeResolution	Defined|Public
SCRIPT	AlicePlayerController.ChangeShrinkingMode	Defined|Exec|Public
SCRIPT	AlicePlayerController.ChangeTargetFromDeadActor	Defined|Public
SCRIPT	AlicePlayerController.ChangeWeaponTo	Defined|Public
SCRIPT	AlicePlayerController.ChangeWeaponToEyeStaff	Defined|Public
SCRIPT	AlicePlayerController.ChangeWeaponToHobbyHorse	Defined|Public
SCRIPT	AlicePlayerController.ChangeWeaponToTeapotCannon	Defined|Public
SCRIPT	AlicePlayerController.ChangeWeaponToVorpalBlade	Defined|Public
SCRIPT	AlicePlayerController.CheckAutoResetCameraPitch	Defined|Public
SCRIPT	AlicePlayerController.CheckEnabledPointsOfInterest	Final|Defined|Public
SCRIPT	AlicePlayerController.CheckIfEnterFPSAfterQuitLockOn	Defined|Public
SCRIPT	AlicePlayerController.CheshireCatAppear	Defined|Exec|Public
SCRIPT	AlicePlayerController.ClearAllTargets	Defined|Public
SCRIPT	AlicePlayerController.ClearFocusPoint	Defined|Simulated|HasOptionalParms|Public
SCRIPT	AlicePlayerController.ClearOnRequestUnloadLevel	Defined|Event|Public
SCRIPT	AlicePlayerController.ClearPlayerPawnMovementFlags	Defined|Public
SCRIPT	AlicePlayerController.ClearPOIIconDurations	Defined|Public
SCRIPT	AlicePlayerController.ClearPreTargetInfo	Defined|Public
SCRIPT	AlicePlayerController.ClearTargetInfo	Defined|Public
SCRIPT	AlicePlayerController.ClientClearForcedCameraFOV	Defined|Public
SCRIPT	AlicePlayerController.ClientRestart	Defined|Net|NetReliable|Simulated|Public|NetClient
SCRIPT	AlicePlayerController.ClientSetCinematicMode	Defined|Net|NetReliable|Simulated|Public|NetClient
SCRIPT	AlicePlayerController.ClientSetConversationMode	Final|Defined|Net|NetReliable|Simulated|Event|HasOptionalParms|Public|NetClient
SCRIPT	AlicePlayerController.CloneAlice	Defined|Event|Public|HasDefaults
SCRIPT	AlicePlayerController.CloneButtonPressed	Defined|Exec|Public
SCRIPT	AlicePlayerController.closeMoveCircle	Defined|Public
SCRIPT	AlicePlayerController.closeRedeemPurchasePop	Defined|Public
SCRIPT	AlicePlayerController.CollectBlockPiece	Defined|Public
SCRIPT	AlicePlayerController.ComboInputAcceptFinish	Defined|Simulated|Public
SCRIPT	AlicePlayerController.ComboInputAcceptStart	Defined|Simulated|Public
SCRIPT	AlicePlayerController.ContinueToGame	Defined|Public|HasDefaults
SCRIPT	AlicePlayerController.CreateCheckpointRecord	Defined|Public|HasOutParms
SCRIPT	AlicePlayerController.CycleFloatInputA	Defined|Exec|Public
SCRIPT	AlicePlayerController.CycleFloatInputRB	Defined|Exec|Public
SCRIPT	AlicePlayerController.DeactivateFirstPersonView	Defined|Public
SCRIPT	AlicePlayerController.Dead.BeginState	Defined|Event|Public
SCRIPT	AlicePlayerController.Dead.EndState	Defined|Event|Public
SCRIPT	AlicePlayerController.Dead.PlayerMove	Defined|Public
SCRIPT	AlicePlayerController.DelayNextClockBomb	Defined|Event|Public
SCRIPT	AlicePlayerController.DelayNextDeflect	Defined|Public
SCRIPT	AlicePlayerController.DelayNextDodge	Defined|Public
SCRIPT	AlicePlayerController.DetectCameraMagnets	Defined|Public|HasDefaults
SCRIPT	AlicePlayerController.DetonateClockBomb	Defined|Public
SCRIPT	AlicePlayerController.DisableAllDLCWeapons	Defined|Exec|Public
SCRIPT	AlicePlayerController.DisableCheshireCatMagnet	Defined|Public
SCRIPT	AlicePlayerController.DisableShowPathMagnet	Defined|Public
SCRIPT	AlicePlayerController.DisplayDebug	Defined|Simulated|Public|HasOutParms|HasDefaults
SCRIPT	AlicePlayerController.Dodge	Defined|Public|HasDefaults
SCRIPT	AlicePlayerController.DodgeHorizontallyWhenTargeting	Defined|Public
SCRIPT	AlicePlayerController.DodgeVerticallyWhenTargeting	Defined|Public
SCRIPT	AlicePlayerController.DoDodge	Defined|Public
SCRIPT	AlicePlayerController.DoesSupportMSAA	Defined|Public
SCRIPT	AlicePlayerController.DoSpecialMove	Final|Defined|Event|HasOptionalParms|Public|HasDefaults
SCRIPT	AlicePlayerController.DoTap2HoldAction	Defined|Public
SCRIPT	AlicePlayerController.EnableAllDLCWeapons	Defined|Exec|Public
SCRIPT	AlicePlayerController.EnableARM	Defined|Public
SCRIPT	AlicePlayerController.EnableCameraInterp	Defined|Simulated|Event|Public
SCRIPT	AlicePlayerController.EndMemoryMode	Defined|Public
SCRIPT	AlicePlayerController.EndSlideParticle	Defined|Public
SCRIPT	AlicePlayerController.EndSpecialMove	Final|Defined|Public
SCRIPT	AlicePlayerController.EnterFPS	Defined|Exec|Public
SCRIPT	AlicePlayerController.EnterFPSByRS	Defined|Exec|Public
SCRIPT	AlicePlayerController.EnteringShrinkingMode	Defined|Public
SCRIPT	AlicePlayerController.ExecWonderlandDeathParticleFinished	Defined|Public
SCRIPT	AlicePlayerController.EyeStaffFirePress	Defined|Exec|Public
SCRIPT	AlicePlayerController.EyeStaffFireRelease	Defined|Exec|Public
SCRIPT	AlicePlayerController.FadeOutTest	Defined|Exec|Public|HasDefaults
SCRIPT	AlicePlayerController.FallingSkipFloat	Defined|Event|Public
SCRIPT	AlicePlayerController.FindBestPOIToLookAt	Final|Defined|Simulated|HasOptionalParms|Public
SCRIPT	AlicePlayerController.FindNonLockOnPossibleTarget	Defined|Public|HasDefaults
SCRIPT	AlicePlayerController.FireGiantWeapon	Defined|Exec|Public
SCRIPT	AlicePlayerController.FireToLockOn	Defined|Exec|Public
SCRIPT	AlicePlayerController.FirstPersonView.BeginState	Defined|Event|Public
SCRIPT	AlicePlayerController.FirstPersonView.EndState	Defined|Event|Public
SCRIPT	AlicePlayerController.FirstPersonView.PlayerMove	Defined|Public
SCRIPT	AlicePlayerController.FirstPersonView.TriggerDodge	Defined|Exec|Public
SCRIPT	AlicePlayerController.FirstPersonView.UpdateRotation	Defined|Public
SCRIPT	AlicePlayerController.FlushWeaponLevelRealTime	Defined|Public
SCRIPT	AlicePlayerController.ForceLookAtPointOfInterest	Final|Defined|Simulated|HasOptionalParms|Public
SCRIPT	AlicePlayerController.ForceLookDurationExpired	Final|Defined|Public
SCRIPT	AlicePlayerController.ForceResetCamera	Defined|Exec|Public
SCRIPT	AlicePlayerController.forceUpdateRangeWeaponUI	Defined|Public
SCRIPT	AlicePlayerController.ForceUpdateTarget	Defined|Public
SCRIPT	AlicePlayerController.Frozen.BeginState	Defined|Event|Public
SCRIPT	AlicePlayerController.Frozen.EndState	Defined|Event|Public
SCRIPT	AlicePlayerController.Frozen.PlayerMove	Defined|Public
SCRIPT	AlicePlayerController.Frozen.ProcessMove	Defined|Public
SCRIPT	AlicePlayerController.Frozen.TriggerDodge	Defined|Exec|Public
SCRIPT	AlicePlayerController.GetAdjustedAimFor	Defined|Public|HasDefaults
SCRIPT	AlicePlayerController.getAliceGameEngine	Defined|Public
SCRIPT	AlicePlayerController.getAliceStateName	Defined|Public
SCRIPT	AlicePlayerController.getBKActorInInputCone	Defined|Event|Public|HasDefaults
SCRIPT	AlicePlayerController.GetCameraMagnets	Defined|HasOptionalParms|Public
SCRIPT	AlicePlayerController.GetChallengeRooms	Defined|Public|HasOutParms
SCRIPT	AlicePlayerController.GetChapterCompleted	Defined|Public
SCRIPT	AlicePlayerController.GetClockBombCountDownTime	Defined|Public
SCRIPT	AlicePlayerController.getControlLayout	Defined|Public
SCRIPT	AlicePlayerController.GetCurAliceWonderlandDress	Defined|Simulated|Public
SCRIPT	AlicePlayerController.GetCurrentChapterChallengeRooms	Defined|Public
SCRIPT	AlicePlayerController.GetCurrentChapterMemories	Defined|Public
SCRIPT	AlicePlayerController.GetCurrentChapterSnouts	Defined|Public
SCRIPT	AlicePlayerController.GetCurrentMovementState	Defined|Event|Public
SCRIPT	AlicePlayerController.GetCurrentWeaponLevel	Defined|Public
SCRIPT	AlicePlayerController.GetEyeStaffLevel	Defined|Public
SCRIPT	AlicePlayerController.getFacingSlideTarget	Defined|Event|Public
SCRIPT	AlicePlayerController.GetFloatAnimInfo	Defined|Event|Public|HasOutParms
SCRIPT	AlicePlayerController.GetHobbyHorseLevel	Defined|Public
SCRIPT	AlicePlayerController.GetInputVector	Defined|Public
SCRIPT	AlicePlayerController.getInputVectorSlideToTarget	Defined|Event|Public
SCRIPT	AlicePlayerController.GetMapName	Defined|Exec|Public
SCRIPT	AlicePlayerController.GetMemoriesCollected	Defined|Public|HasOutParms
SCRIPT	AlicePlayerController.getNPCInInputCone	Defined|Event|Public|HasDefaults
SCRIPT	AlicePlayerController.GetNumOfSupportedResolutions	Defined|Public
SCRIPT	AlicePlayerController.GetOriForward	Defined|Event|Public
SCRIPT	AlicePlayerController.GetOriStrafe	Defined|Event|Public
SCRIPT	AlicePlayerController.GetOverallCompletion	Defined|Public
SCRIPT	AlicePlayerController.GetPOILocation	Defined|Public|HasOutParms
SCRIPT	AlicePlayerController.GetPressedKey	Defined|Public|HasOutParms
SCRIPT	AlicePlayerController.GetRSValue	Defined|Public
SCRIPT	AlicePlayerController.getSafeTeleportLoc	Defined|Public
SCRIPT	AlicePlayerController.GetSlideParameters	Defined|Public
SCRIPT	AlicePlayerController.GetSnoutsPeppered	Defined|Public|HasOutParms
SCRIPT	AlicePlayerController.GetSupportedResolutions	Defined|Public|HasOutParms
SCRIPT	AlicePlayerController.GetTeaPotLevel	Defined|Public
SCRIPT	AlicePlayerController.GetVorpalBladeLevel	Defined|Public
SCRIPT	AlicePlayerController.GetXPValue	Defined|Public
SCRIPT	AlicePlayerController.GiantStomp	Defined|Exec|Public
SCRIPT	AlicePlayerController.GiantStompOnButtonB	Defined|Exec|Public
SCRIPT	AlicePlayerController.GotoNextState	Defined|Public
SCRIPT	AlicePlayerController.Grabbed.BeginState	Defined|Event|Public
SCRIPT	AlicePlayerController.Grabbed.EndState	Defined|Event|Public
SCRIPT	AlicePlayerController.Grabbed.InterpolateAlignBoxPosition	Defined|Public
SCRIPT	AlicePlayerController.Grabbed.PlayerMove	Defined|Public
SCRIPT	AlicePlayerController.Grabbed.TriggerDodge	Defined|Exec|Public
SCRIPT	AlicePlayerController.HandleTargetSwitchCommond	Defined|Public
SCRIPT	AlicePlayerController.HasLineOfSightToPOI	Defined|Simulated|Public|HasDefaults
SCRIPT	AlicePlayerController.hideHUD	Defined|Exec|Public
SCRIPT	AlicePlayerController.HideSkipUI	Defined|Public
SCRIPT	AlicePlayerController.HideWeapon	Defined|Exec|Public
SCRIPT	AlicePlayerController.HobbyHorseFirePress	Defined|Exec|Public
SCRIPT	AlicePlayerController.HobbyHorseFireRelease	Defined|Exec|Public
SCRIPT	AlicePlayerController.HoldActionDone	Defined|Public
SCRIPT	AlicePlayerController.HoldCheckTimer	Defined|Public
SCRIPT	AlicePlayerController.HoldEnoughToTriggerNewSwitch	Defined|Public
SCRIPT	AlicePlayerController.InitInputSystem	Defined|Event|Public
SCRIPT	AlicePlayerController.InitPlayerMovementStates	Defined|Public
SCRIPT	AlicePlayerController.InitTargetingModes	Defined|Public
SCRIPT	AlicePlayerController.interface_gotoState	Defined|Public
SCRIPT	AlicePlayerController.IsAliceUnderWater	Defined|Public
SCRIPT	AlicePlayerController.IsAllowChangeWeapon	Defined|Public
SCRIPT	AlicePlayerController.IsAnyAvailableRangeWeapon	Defined|Public
SCRIPT	AlicePlayerController.IsAnyAvailableWeapon	Defined|Public
SCRIPT	AlicePlayerController.IsCheshireCatCanAppear	Defined|Public
SCRIPT	AlicePlayerController.isContextActorPressurePad	Defined|Public
SCRIPT	AlicePlayerController.IsDeflecting	Defined|Event|Public
SCRIPT	AlicePlayerController.IsDodging	Defined|Event|Public
SCRIPT	AlicePlayerController.IsDoingASpecialMove	Defined|Public
SCRIPT	AlicePlayerController.IsDoingSpecialMove	Defined|Simulated|Public
SCRIPT	AlicePlayerController.IsEyeStaffFinded	Defined|Public
SCRIPT	AlicePlayerController.IsFirstPersonViewActivated	Defined|Public
SCRIPT	AlicePlayerController.IsHobbyHorseFinded	Defined|Public
SCRIPT	AlicePlayerController.IsInFixedCamera	Defined|Public
SCRIPT	AlicePlayerController.IsInGrabbedDelay	Defined|Event|Public
SCRIPT	AlicePlayerController.IsInPOIMode	Defined|Public
SCRIPT	AlicePlayerController.IsInputEnoughToTriggerDodge	Defined|Public
SCRIPT	AlicePlayerController.IsJumping	Defined|Event|Public
SCRIPT	AlicePlayerController.isJumpPadJumping	Defined|Public
SCRIPT	AlicePlayerController.IsLastTickRSTriggered	Defined|Public
SCRIPT	AlicePlayerController.IsLeftStickDownPressed	Defined|Public|HasDefaults
SCRIPT	AlicePlayerController.IsLoadingAliceWonderlandDress	Defined|Simulated|Public
SCRIPT	AlicePlayerController.IsLockOnBActor	Defined|Public
SCRIPT	AlicePlayerController.IsLockOnDeadNPC	Defined|Public
SCRIPT	AlicePlayerController.IsLockOnNPC	Defined|Public
SCRIPT	AlicePlayerController.IsMaintainingMovement	Defined|Simulated|Public
SCRIPT	AlicePlayerController.IsMeleeCharging	Defined|Public
SCRIPT	AlicePlayerController.isNewCycleControl	Defined|Public
SCRIPT	AlicePlayerController.IsNewHoverControl	Defined|Public
SCRIPT	AlicePlayerController.IsOnAliceIdleTimeOut	Defined|Public
SCRIPT	AlicePlayerController.IsOnAliceQuitIdle	Defined|Public
SCRIPT	AlicePlayerController.IsOnSlidePlatform	Defined|Public|HasDefaults
SCRIPT	AlicePlayerController.IsPepperGrinderAvailable	Defined|Public
SCRIPT	AlicePlayerController.IsRSTriggered	Defined|Public
SCRIPT	AlicePlayerController.isShowPersistentData	Defined|Public
SCRIPT	AlicePlayerController.isShowTrophy	Defined|Public
SCRIPT	AlicePlayerController.isShowVentCylinder	Defined|Public
SCRIPT	AlicePlayerController.IsTeapotCannonAvailable	Defined|Public
SCRIPT	AlicePlayerController.IsTeaPotFinded	Defined|Public
SCRIPT	AlicePlayerController.IsVorpalBladeFinded	Defined|Public
SCRIPT	AlicePlayerController.LeaveChessPuzzleMode	Defined|Public
SCRIPT	AlicePlayerController.LeavingbShrinkingMode	Defined|Public|HasDefaults
SCRIPT	AlicePlayerController.LoadingBinkIsFinished	Defined|Event|Public
SCRIPT	AlicePlayerController.LoadingMapIsStart	Defined|Event|Public
SCRIPT	AlicePlayerController.LockOnModeActivated	Defined|Public
SCRIPT	AlicePlayerController.LockOnModeDeactivated	Defined|Public
SCRIPT	AlicePlayerController.LowerSalary	Defined|Exec|HasOptionalParms|Public
SCRIPT	AlicePlayerController.MeleeAttack	Defined|Exec|Public
SCRIPT	AlicePlayerController.MeleeFire	Defined|Public
SCRIPT	AlicePlayerController.ModifyRotationSpeed	Defined|Public|HasOutParms
SCRIPT	AlicePlayerController.NewTapToTriggerNewSwitch	Defined|Public
SCRIPT	AlicePlayerController.NotifyChangedWeapon	Defined|Public
SCRIPT	AlicePlayerController.NotifyComboBlendingStart	Defined|Simulated|Public
SCRIPT	AlicePlayerController.notifyInputKey	Defined|Public
SCRIPT	AlicePlayerController.NotifyPhysicsVolumeChange	Defined|Event|Public
SCRIPT	AlicePlayerController.NotifyTakeHit	Defined|Public
SCRIPT	AlicePlayerController.notifyUIUpgradeHealth	Defined|Public
SCRIPT	AlicePlayerController.OnActivateSonar	Defined|Public
SCRIPT	AlicePlayerController.onAliceJump	Defined|Public
SCRIPT	AlicePlayerController.OnAssembleBlock	Defined|Simulated|Public
SCRIPT	AlicePlayerController.OnBigMemoryCompleted	Defined|Public
SCRIPT	AlicePlayerController.OnBinkPlay	Defined|Event|Public
SCRIPT	AlicePlayerController.OnBreakableActorDestroyed	Defined|Public
SCRIPT	AlicePlayerController.OnChallengeCaveCompleted	Defined|Public
SCRIPT	AlicePlayerController.OnChangeWonderlandDress	Defined|Simulated|Public
SCRIPT	AlicePlayerController.OnChapterCompleted	Defined|Public
SCRIPT	AlicePlayerController.OnDeactivateShieldBlocking	Defined|Public
SCRIPT	AlicePlayerController.OnDeathParticleFinished	Defined|Public
SCRIPT	AlicePlayerController.OnDLCContentInstalled	Defined|Event|Public
SCRIPT	AlicePlayerController.OnEmitCameraEffect	Defined|Public
SCRIPT	AlicePlayerController.OnExitMemorySoundMode	Defined|Public
SCRIPT	AlicePlayerController.OnForceResetCamera	Defined|Public
SCRIPT	AlicePlayerController.OnInteractInLondon	Defined|Public
SCRIPT	AlicePlayerController.OnLoginChange	Defined|Public
SCRIPT	AlicePlayerController.OnLoginStatusChange	Defined|Public
SCRIPT	AlicePlayerController.OnMakeBlockThin	Defined|Simulated|Public
SCRIPT	AlicePlayerController.OnManageObjectives	Defined|Simulated|Public
SCRIPT	AlicePlayerController.OnNPCDied	Defined|Public
SCRIPT	AlicePlayerController.OnPlayShrinkParticle	Defined|Public
SCRIPT	AlicePlayerController.OnRespawnParticleFinished	Defined|Public
SCRIPT	AlicePlayerController.OnSetAbilityCamera	Defined|Simulated|Public
SCRIPT	AlicePlayerController.OnSetSonarActor	Defined|Public
SCRIPT	AlicePlayerController.OnSetSoundMode	Defined|Public
SCRIPT	AlicePlayerController.OnSetVentState	Defined|Public
SCRIPT	AlicePlayerController.OnShrinkingCoolDown	Defined|Public
SCRIPT	AlicePlayerController.OnSkipBlockPuzzle	Defined|Simulated|Public
SCRIPT	AlicePlayerController.OnSMLaned	Defined|Public
SCRIPT	AlicePlayerController.OnSwitchAliceTransitionHair	Defined|Simulated|Public
SCRIPT	AlicePlayerController.OnSwitchLand	Defined|Simulated|Public
SCRIPT	AlicePlayerController.OnTeleport	Defined|Simulated|Public|HasDefaults
SCRIPT	AlicePlayerController.OnToggleCameraMagnetEffect	Defined|Simulated|Public
SCRIPT	AlicePlayerController.OnToggleCameraPreset	Defined|Simulated|Event|Public
SCRIPT	AlicePlayerController.OnToggleCheshireCat	Defined|Simulated|Event|Public
SCRIPT	AlicePlayerController.OnToggleGlide	Defined|Public
SCRIPT	AlicePlayerController.OnTriggerAllGameFinish	Defined|Public
SCRIPT	AlicePlayerController.OnTriggerBlockPuzzle	Defined|Public
SCRIPT	AlicePlayerController.OnTriggerChessDizzy	Defined|Simulated|Public
SCRIPT	AlicePlayerController.OnTriggerChessPuzzle	Defined|Simulated|Public
SCRIPT	AlicePlayerController.OnUnlockEnemy	Defined|Public
SCRIPT	AlicePlayerController.OnUpgradeHealth	Defined|Public
SCRIPT	AlicePlayerController.OnWonderlandDeathParticleFinished	Defined|Public
SCRIPT	AlicePlayerController.OnWonderlandDeathParticleFinished2	Defined|Public
SCRIPT	AlicePlayerController.Pickup	Defined|Exec|Public
SCRIPT	AlicePlayerController.PlayDeadEffect	Defined|Public
SCRIPT	AlicePlayerController.PlayerBlockPuzzle.BeginState	Defined|Event|Public
SCRIPT	AlicePlayerController.PlayerBlockPuzzle.EndState	Defined|Event|Public
SCRIPT	AlicePlayerController.PlayerBlockPuzzle.HandleCommand	Defined|Public
SCRIPT	AlicePlayerController.PlayerBlockPuzzle.MoveBlockPieceA	Defined|Exec|Public
SCRIPT	AlicePlayerController.PlayerBlockPuzzle.MoveBlockPieceB	Defined|Exec|Public
SCRIPT	AlicePlayerController.PlayerBlockPuzzle.PlayerMove	Defined|Public
SCRIPT	AlicePlayerController.PlayerChessPuzzle.BeginState	Defined|Event|Public
SCRIPT	AlicePlayerController.PlayerChessPuzzle.EndState	Defined|Event|Public
SCRIPT	AlicePlayerController.PlayerChessPuzzle.HandleCommand	Defined|Public
SCRIPT	AlicePlayerController.PlayerChessPuzzle.PlayerMove	Defined|Public
SCRIPT	AlicePlayerController.PlayerClimbing.BeginState	Defined|Event|Public
SCRIPT	AlicePlayerController.PlayerClimbing.DetermineBalancing	Defined|Public
SCRIPT	AlicePlayerController.PlayerClimbing.EndState	Defined|Event|Public
SCRIPT	AlicePlayerController.PlayerClimbing.NotifyPhysicsVolumeChange	Defined|Event|Public
SCRIPT	AlicePlayerController.PlayerClimbing.PlayerMove	Defined|Public
SCRIPT	AlicePlayerController.PlayerClimbing.ProcessMove	Defined|Public
SCRIPT	AlicePlayerController.PlayerFloat.AddSkirtFloatingEffect	Defined|Public
SCRIPT	AlicePlayerController.PlayerFloat.BeginState	Defined|Event|Public
SCRIPT	AlicePlayerController.PlayerFloat.EndState	Defined|Event|Public
SCRIPT	AlicePlayerController.PlayerFloat.ForceEndStateInCinematic	Defined|Public
SCRIPT	AlicePlayerController.PlayerFloat.GetFloatAnimInfo	Defined|Event|Public|HasOutParms
SCRIPT	AlicePlayerController.PlayerFloat.PlayerMove	Defined|Public
SCRIPT	AlicePlayerController.PlayerFloat.ProcessMove	Defined|Public
SCRIPT	AlicePlayerController.PlayerFloat.UpdateAccel	Defined|Public|HasOutParms
SCRIPT	AlicePlayerController.PlayerFloat.UpdateDeltaRotation	Defined|Public|HasOutParms
SCRIPT	AlicePlayerController.PlayerFloat.UpdateForwardAccel	Defined|Public|HasOutParms
SCRIPT	AlicePlayerController.PlayerFloat.UpdateRightAccel	Defined|Public|HasOutParms
SCRIPT	AlicePlayerController.PlayerFloat.UpdateRotation	Defined|Public
SCRIPT	AlicePlayerController.PlayerInteractInLondon.BeginState	Defined|Event|Public
SCRIPT	AlicePlayerController.PlayerInteractInLondon.delayBackHere	Defined|Public
SCRIPT	AlicePlayerController.PlayerInteractInLondon.EndState	Defined|Event|Public
SCRIPT	AlicePlayerController.PlayerInteractInLondon.exitInteractState	Defined|Public
SCRIPT	AlicePlayerController.PlayerInteractInLondon.gfxCallBack	Defined|Public
SCRIPT	AlicePlayerController.PlayerInteractInLondon.giveupFocus	Defined|Public
SCRIPT	AlicePlayerController.PlayerInteractInLondon.interactInLondonX	Defined|Exec|Public
SCRIPT	AlicePlayerController.PlayerInteractInLondon.showDescrible	Defined|Public
SCRIPT	AlicePlayerController.PlayerInteractInLondon.showPressX	Defined|Public
SCRIPT	AlicePlayerController.PlayerJumpPad.BeginState	Defined|Event|Public
SCRIPT	AlicePlayerController.PlayerJumpPad.EndState	Defined|Event|Public
SCRIPT	AlicePlayerController.PlayerJumpPad.LaunchFromJumpPad	Defined|Exec|Public
SCRIPT	AlicePlayerController.PlayerJumpPad.PlayerMove	Defined|Public
SCRIPT	AlicePlayerController.PlayerJumpPad.UpdateAccel	Defined|Public|HasOutParms
SCRIPT	AlicePlayerController.PlayerJumpPad.UpdateDeltaRotation	Defined|Public|HasOutParms
SCRIPT	AlicePlayerController.PlayerJumpPad.UpdateForwardAccel	Defined|Public|HasOutParms
SCRIPT	AlicePlayerController.PlayerJumpPad.UpdateRightAccel	Defined|Public|HasOutParms
SCRIPT	AlicePlayerController.PlayerJumpPad.UpdateRotation	Defined|Public
SCRIPT	AlicePlayerController.PlayerLockOnTarget.BeginState	Defined|Event|Public
SCRIPT	AlicePlayerController.PlayerLockOnTarget.canBlock	Defined|Public
SCRIPT	AlicePlayerController.PlayerLockOnTarget.DodgePC	Defined|Exec|Public
SCRIPT	AlicePlayerController.PlayerLockOnTarget.EndState	Defined|Event|Public
SCRIPT	AlicePlayerController.PlayerLockOnTarget.IsPlayerPawnFarEnoughFromTarget	Defined|Public
SCRIPT	AlicePlayerController.PlayerLockOnTarget.OnActivateShieldBlocking	Defined|Public
SCRIPT	AlicePlayerController.PlayerLockOnTarget.OnDeactivateShieldBlocking	Defined|Public
SCRIPT	AlicePlayerController.PlayerLockOnTarget.PlayerMove	Defined|Public
SCRIPT	AlicePlayerController.PlayerLockOnTarget.ProcessMove	Defined|Public
SCRIPT	AlicePlayerController.PlayerLockOnTarget.ShieldBeakButtonPressedWhenLockOn	Defined|Exec|Public
SCRIPT	AlicePlayerController.PlayerLockOnTarget.ShieldBeakButtonReleasedWhenLockOn	Defined|Exec|Public
SCRIPT	AlicePlayerController.PlayerLockOnTarget.TriggerBlock	Defined|Exec|Public
SCRIPT	AlicePlayerController.PlayerLockOnTarget.TriggerDodge	Defined|Exec|Public
SCRIPT	AlicePlayerController.PlayerLockOnTarget.UpdateLockonDeltaRot	Defined|Event|Public
SCRIPT	AlicePlayerController.PlayerRoll.BeginState	Defined|Event|Public
SCRIPT	AlicePlayerController.PlayerRoll.BoostRoll	Defined|Exec|Public
SCRIPT	AlicePlayerController.PlayerRoll.Bump	Defined|Public
SCRIPT	AlicePlayerController.PlayerRoll.ChargePinballCannon	Defined|Exec|Public
SCRIPT	AlicePlayerController.PlayerRoll.EndState	Defined|Public
SCRIPT	AlicePlayerController.PlayerRoll.getVolume1ByVelocity	Defined|Public
SCRIPT	AlicePlayerController.PlayerRoll.getVolume2ByVelocity	Defined|Public
SCRIPT	AlicePlayerController.PlayerRoll.HeadSwitchEject	Defined|Exec|Public
SCRIPT	AlicePlayerController.PlayerRoll.IsOnGround	Defined|Public
SCRIPT	AlicePlayerController.PlayerRoll.OnTeleport	Defined|Simulated|Public
SCRIPT	AlicePlayerController.PlayerRoll.PlayerMove	Defined|Public
SCRIPT	AlicePlayerController.PlayerRoll.ShootPinball	Defined|Exec|Public
SCRIPT	AlicePlayerController.PlayerRoll.updatePinballSound	Defined|Public
SCRIPT	AlicePlayerController.PlayerSlide.BeginState	Defined|Event|Public
SCRIPT	AlicePlayerController.PlayerSlide.Bump	Defined|Public
SCRIPT	AlicePlayerController.PlayerSlide.EndState	Defined|Event|Public
SCRIPT	AlicePlayerController.PlayerSlide.GetInputStrength	Defined|Public|HasOutParms
SCRIPT	AlicePlayerController.PlayerSlide.PlayerMove	Defined|Public
SCRIPT	AlicePlayerController.PlayerSlide.ProcessMove	Defined|Public
SCRIPT	AlicePlayerController.PlayerSlide.UpdateAccel	Defined|Public|HasOutParms
SCRIPT	AlicePlayerController.PlayerSteamVent.AddSkirtFloatingEffect	Defined|Public
SCRIPT	AlicePlayerController.PlayerSteamVent.allSteamVentNone	Defined|Public
SCRIPT	AlicePlayerController.PlayerSteamVent.BeginState	Defined|Event|Public
SCRIPT	AlicePlayerController.PlayerSteamVent.changeAnim	Defined|Public
SCRIPT	AlicePlayerController.PlayerSteamVent.EndState	Defined|Event|Public
SCRIPT	AlicePlayerController.PlayerSteamVent.getSteamVentForwardSpeed	Defined|Public
SCRIPT	AlicePlayerController.PlayerSteamVent.getSteamVentRotationSpeed	Defined|Public
SCRIPT	AlicePlayerController.PlayerSteamVent.getSteamVentStrafeSpeed	Defined|Public
SCRIPT	AlicePlayerController.PlayerSteamVent.PlayerMove	Defined|Public
SCRIPT	AlicePlayerController.PlayerSteamVent.ProcessMove	Defined|Public
SCRIPT	AlicePlayerController.PlayerSteamVent.tryUnlockVentTrophy	Defined|Public
SCRIPT	AlicePlayerController.PlayerSteamVent.UpdateAccel	Defined|Public|HasOutParms
SCRIPT	AlicePlayerController.PlayerSteamVent.UpdateDeltaRotation	Defined|Public|HasOutParms
SCRIPT	AlicePlayerController.PlayerSteamVent.updateHover	Defined|Public
SCRIPT	AlicePlayerController.PlayerSwimming.BeginState	Defined|Event|Public
SCRIPT	AlicePlayerController.PlayerSwimming.BoostSwim	Defined|Exec|Public
SCRIPT	AlicePlayerController.PlayerSwimming.Bump	Defined|Public
SCRIPT	AlicePlayerController.PlayerSwimming.EndState	Defined|Event|Public
SCRIPT	AlicePlayerController.PlayerSwimming.GetBankInfo	Defined|Public|HasOutParms
SCRIPT	AlicePlayerController.PlayerSwimming.IsAliceUnderWater	Defined|Public
SCRIPT	AlicePlayerController.PlayerSwimming.NotifyPhysicsVolumeChange	Defined|Event|Public
SCRIPT	AlicePlayerController.PlayerSwimming.OnBoostSwimCoolDownFinished	Defined|Public
SCRIPT	AlicePlayerController.PlayerSwimming.OnBoostSwimStop	Defined|Public
SCRIPT	AlicePlayerController.PlayerSwimming.OnIdleToSwimFinished	Defined|Public
SCRIPT	AlicePlayerController.PlayerSwimming.OnSwimTurnFinished	Defined|Public
SCRIPT	AlicePlayerController.PlayerSwimming.OnTurnBack180Finished	Defined|Public
SCRIPT	AlicePlayerController.PlayerSwimming.PlayerMove	Defined|Public
SCRIPT	AlicePlayerController.PlayerSwimming.ProcessMove	Defined|Public
SCRIPT	AlicePlayerController.PlayerSwimming.ProcessSwimMove	Defined|Public
SCRIPT	AlicePlayerController.PlayerSwimming.RestorePitch	Defined|Public
SCRIPT	AlicePlayerController.PlayerSwimming.SwimAttack	Defined|Exec|Public
SCRIPT	AlicePlayerController.PlayerSwimming.SwimTurnBack180	Defined|Exec|Public
SCRIPT	AlicePlayerController.PlayerSwimming.TurnAround	Defined|Public
SCRIPT	AlicePlayerController.PlayerSwimming.TurnToDesiredRotationSlowly	Defined|Public
SCRIPT	AlicePlayerController.PlayerSwimming.TurnToIdle	Defined|Public
SCRIPT	AlicePlayerController.PlayerSwimming.UpdateRotation	Defined|Public
SCRIPT	AlicePlayerController.PlayerTick	Defined|Event|Public
SCRIPT	AlicePlayerController.PlayerWalking.BeginState	Defined|Event|Public
SCRIPT	AlicePlayerController.PlayerWalking.CheckInputForAutoClimb	Defined|Public
SCRIPT	AlicePlayerController.PlayerWalking.CheckIsHoldingSprintButton	Defined|Public
SCRIPT	AlicePlayerController.PlayerWalking.EndState	Defined|Event|Public
SCRIPT	AlicePlayerController.PlayerWalking.NotifyPhysicsVolumeChange	Defined|Event|Public
SCRIPT	AlicePlayerController.PlayerWalking.PlayerMove	Defined|Public
SCRIPT	AlicePlayerController.PlayerWalking.ProcessMove	Defined|Public
SCRIPT	AlicePlayerController.PlayerWalking.ShowSpline	Defined|Exec|Public
SCRIPT	AlicePlayerController.PlayerWalking.StartClockBombContextAction	Defined|Exec|Public
SCRIPT	AlicePlayerController.PlayerWalking.StartContextAction	Defined|Exec|Public
SCRIPT	AlicePlayerController.PlayerWalking.ToggleSonar	Defined|Exec|Public
SCRIPT	AlicePlayerController.PlayerWalking.TriggerDodge	Defined|Exec|Public
SCRIPT	AlicePlayerController.PlayerWalking.Update2DDeltaRotation	Defined|Public|HasOutParms
SCRIPT	AlicePlayerController.PlayerWalking.UpdateAccel	Defined|Public|HasOutParms
SCRIPT	AlicePlayerController.PlayerWalking.UpdateDeltaRotation	Defined|Public|HasOutParms
SCRIPT	AlicePlayerController.PlayerWalking.updateFacingTargetRot	Defined|Public
SCRIPT	AlicePlayerController.PlayerWalking.UpdatePawnStance	Defined|Public
SCRIPT	AlicePlayerController.PlayMemory	Defined|Public
SCRIPT	AlicePlayerController.PlaySlideParticle	Defined|Public|HasDefaults
SCRIPT	AlicePlayerController.playUniqueSound	Defined|Public
SCRIPT	AlicePlayerController.Possess	Defined|Event|Public
SCRIPT	AlicePlayerController.PostApplyPersistentData	Defined|Event|Public
SCRIPT	AlicePlayerController.PostBeginPlay	Defined|Simulated|Event|Public
SCRIPT	AlicePlayerController.PostLoadCheckPointChangeArcheType	Defined|Simulated|Public
SCRIPT	AlicePlayerController.PostMeleeAttack	Defined|Public
SCRIPT	AlicePlayerController.PostSpawnPawn	Defined|Public
SCRIPT	AlicePlayerController.PostSpecialMove	Defined|Public
SCRIPT	AlicePlayerController.PostUpdateCamera	Defined|Public|HasDefaults
SCRIPT	AlicePlayerController.PreMeleeAttack	Defined|Public
SCRIPT	AlicePlayerController.PreSavePersistentData	Defined|Event|Public
SCRIPT	AlicePlayerController.PressInputButton	Defined|Public
SCRIPT	AlicePlayerController.ProcessPOI	Defined|Simulated|HasOptionalParms|Public
SCRIPT	AlicePlayerController.ProjectInputToCameraSpace	Defined|Public
SCRIPT	AlicePlayerController.ProjectVectorToCameraSpace	Defined|Public|HasDefaults
SCRIPT	AlicePlayerController.ProjectVectorToControllerSpace	Defined|Public|HasDefaults
SCRIPT	AlicePlayerController.ProjectVectorToSpace	Defined|Public|HasDefaults
SCRIPT	AlicePlayerController.QuitFPS	Defined|Exec|Public
SCRIPT	AlicePlayerController.QuitWeaponAttack	Defined|Exec|Public
SCRIPT	AlicePlayerController.RaiseSalary	Defined|Exec|HasOptionalParms|Public
SCRIPT	AlicePlayerController.RangeFire	Defined|Public
SCRIPT	AlicePlayerController.RangeWeaponFirePress	Defined|Exec|Public
SCRIPT	AlicePlayerController.RangeWeaponFireRelease	Defined|Exec|Public
SCRIPT	AlicePlayerController.RecoverToDefaultStatus	Defined|Simulated|HasOptionalParms|Public
SCRIPT	AlicePlayerController.ReleaseInputButton	Defined|Public
SCRIPT	AlicePlayerController.reloadTitleMenu	Defined|Public
SCRIPT	AlicePlayerController.RemoveAliceWeapon	Defined|Public
SCRIPT	AlicePlayerController.RemoveCameraEffect	Defined|Public
SCRIPT	AlicePlayerController.RemovePointOfInterest	Defined|Simulated|HasOptionalParms|Public
SCRIPT	AlicePlayerController.RemoveSonarDetectedActor	Defined|Public
SCRIPT	AlicePlayerController.ResetAliceCanBeGrabbed	Defined|Public
SCRIPT	AlicePlayerController.ResetAliceStateAfterApplyCheckPoint	Defined|Public
SCRIPT	AlicePlayerController.ResetCameraPamameters	Defined|Public
SCRIPT	AlicePlayerController.ResetDelayCameraTime	Defined|Public
SCRIPT	AlicePlayerController.ResetExitFloatFlag	Defined|Public
SCRIPT	AlicePlayerController.ResetFade	Defined|Public|HasDefaults
SCRIPT	AlicePlayerController.ResetIfCanDoDeflect	Defined|Public
SCRIPT	AlicePlayerController.ResetIfCanDoDodge	Defined|Public
SCRIPT	AlicePlayerController.ResetInputFlags	Defined|Simulated|Public
SCRIPT	AlicePlayerController.ResetMaterialsForNPCs	Defined|Public
SCRIPT	AlicePlayerController.ResetRangeWeapons	Defined|Public
SCRIPT	AlicePlayerController.ResetSlideParameters	Defined|Public
SCRIPT	AlicePlayerController.ResetSteamFloat	Defined|Public
SCRIPT	AlicePlayerController.ResetWeaponCurrentWeaponLevel	Defined|Public
SCRIPT	AlicePlayerController.RespawnAlice	Defined|Event|Public
SCRIPT	AlicePlayerController.RespawnCloneDelayTimer	Defined|Public
SCRIPT	AlicePlayerController.RestartAlice	Defined|Public
SCRIPT	AlicePlayerController.RightClickAttack	Defined|Exec|Public
SCRIPT	AlicePlayerController.RollTest	Defined|Exec|Public
SCRIPT	AlicePlayerController.SelectInputSpace	Defined|Public
SCRIPT	AlicePlayerController.ServerAbortConversation	Final|Defined|Net|NetReliable|Public|NetServer
SCRIPT	AlicePlayerController.SetAbility	Defined|Event|Public
SCRIPT	AlicePlayerController.SetAliceFPSCamera	Defined|Public|HasDefaults
SCRIPT	AlicePlayerController.SetAliceUserDress	Defined|Simulated|Public
SCRIPT	AlicePlayerController.SetCanSwitchMelee	Defined|Public
SCRIPT	AlicePlayerController.SetCinematicMode	Defined|Public|HasDefaults
SCRIPT	AlicePlayerController.setControlLayout	Defined|Exec|Public
SCRIPT	AlicePlayerController.SetCurAliceDressAsUserDress	Defined|Simulated|Public
SCRIPT	AlicePlayerController.SetCurAliceDressFinished	Defined|Simulated|Event|Public
SCRIPT	AlicePlayerController.SetCurControllerType	Defined|Public
SCRIPT	AlicePlayerController.SetCurrentPlayDataIndex	Defined|Public
SCRIPT	AlicePlayerController.setFacingSlideTarget	Defined|Event|Public
SCRIPT	AlicePlayerController.SetFocusPoint	Defined|Simulated|HasOptionalParms|Public
SCRIPT	AlicePlayerController.SetInMainMenu	Defined|Public
SCRIPT	AlicePlayerController.setMemoryFragment	Defined|Public
SCRIPT	AlicePlayerController.SetPause	Defined|HasOptionalParms|Public
SCRIPT	AlicePlayerController.SetPendingWeaponToPiperGrinder	Defined|Exec|Public
SCRIPT	AlicePlayerController.SetPendingWeaponToTeapotCannon	Defined|Exec|Public
SCRIPT	AlicePlayerController.setSafeTeleportLoc	Defined|Public
SCRIPT	AlicePlayerController.setSecretPick	Defined|Public
SCRIPT	AlicePlayerController.SetShowPathMagnet	Defined|Public
SCRIPT	AlicePlayerController.setSountActive	Defined|Public
SCRIPT	AlicePlayerController.SetTapTimeCheck	Defined|Public
SCRIPT	AlicePlayerController.setUnshrinkBlockActor	Defined|Event|Public
SCRIPT	AlicePlayerController.SetupClockBomb	Defined|Public
SCRIPT	AlicePlayerController.SetWalkingCameraMode	Defined|Public
SCRIPT	AlicePlayerController.SetWeaponEnviormentCollision	Defined|Public
SCRIPT	AlicePlayerController.SetXPValue	Defined|Public
SCRIPT	AlicePlayerController.shouldAliceCollide	Defined|Event|HasOptionalParms|Public
SCRIPT	AlicePlayerController.shouldBlockLockOn	Defined|HasOptionalParms|Public
SCRIPT	AlicePlayerController.ShouldCancelSprint	Defined|Public
SCRIPT	AlicePlayerController.ShowBlockCollectUI	Defined|HasOptionalParms|Public
SCRIPT	AlicePlayerController.showBlockPuzzleLeftStep	Defined|Public
SCRIPT	AlicePlayerController.showBlockPuzzleUI	Defined|Public
SCRIPT	AlicePlayerController.ShowCancelMatineeHint	Defined|Public
SCRIPT	AlicePlayerController.showCat	Defined|Public
SCRIPT	AlicePlayerController.showChessPuzzleLeftStep	Defined|Public
SCRIPT	AlicePlayerController.ShowContextActionUIHint	Defined|HasOptionalParms|Public
SCRIPT	AlicePlayerController.ShowCrossHair	Defined|Public
SCRIPT	AlicePlayerController.ShowDeathConfirmDialog	Defined|Event|Public
SCRIPT	AlicePlayerController.ShowDodgeToEndGrabUI	Defined|Event|HasOptionalParms|Public
SCRIPT	AlicePlayerController.ShowHealthUI	Defined|Event|Public
SCRIPT	AlicePlayerController.ShowHUD	Defined|Exec|Public
SCRIPT	AlicePlayerController.ShowJournalMenu	Defined|Exec|Public
SCRIPT	AlicePlayerController.ShowKismetCustomUI	Defined|Event|Public
SCRIPT	AlicePlayerController.ShowLockOnTargetUI	Defined|Public
SCRIPT	AlicePlayerController.showMoveCircle	Defined|Public
SCRIPT	AlicePlayerController.ShowPOIUIHint	Defined|HasOptionalParms|Public
SCRIPT	AlicePlayerController.ShowSpline.BeginState	Defined|Event|Public
SCRIPT	AlicePlayerController.ShowSpline.EndState	Defined|Event|Public
SCRIPT	AlicePlayerController.ShowSpline.PlayerMove	Defined|Public
SCRIPT	AlicePlayerController.ShowSpline.StopShowPath	Defined|Public
SCRIPT	AlicePlayerController.ShowWeapon	Defined|Exec|Public
SCRIPT	AlicePlayerController.StartFire	Defined|Exec|HasOptionalParms|Public
SCRIPT	AlicePlayerController.StartHoldClockBomb	Defined|Public
SCRIPT	AlicePlayerController.StartMaintainMovement	Defined|Simulated|Public
SCRIPT	AlicePlayerController.StartSlideParticle	Defined|Public
SCRIPT	AlicePlayerController.StatUnitAndStatFPS	Defined|Exec|Public
SCRIPT	AlicePlayerController.StopCurrentMovementState	Defined|Public
SCRIPT	AlicePlayerController.StopForceLookAtPointOfInterest	Final|Defined|HasOptionalParms|Public
SCRIPT	AlicePlayerController.StopLockOnCamera	Defined|Public
SCRIPT	AlicePlayerController.StopMaintainMovement	Defined|Simulated|Public
SCRIPT	AlicePlayerController.StopMeleeFire	Defined|Public
SCRIPT	AlicePlayerController.StopRangeFire	Defined|Public
SCRIPT	AlicePlayerController.StopTap2HoldEvent	Defined|Public
SCRIPT	AlicePlayerController.StopWeaponFire	Defined|Public
SCRIPT	AlicePlayerController.StopWeaponFiring	Defined|Public
SCRIPT	AlicePlayerController.SwimBounceOff	Defined|Public
SCRIPT	AlicePlayerController.SwitchMeleeWeapon	Defined|Exec|Public
SCRIPT	AlicePlayerController.SwitchPCAttackType	Defined|Exec|Public
SCRIPT	AlicePlayerController.SwitchToArcheType	Defined|Public
SCRIPT	AlicePlayerController.SwitchToEyeStaff	Defined|Exec|Public
SCRIPT	AlicePlayerController.SwitchToHobbyHorse	Defined|Exec|Public
SCRIPT	AlicePlayerController.SwitchToLeftLockTarget	Defined|Exec|Public
SCRIPT	AlicePlayerController.SwitchToMovementState	Defined|Public
SCRIPT	AlicePlayerController.SwitchToPG	Defined|Exec|Public
SCRIPT	AlicePlayerController.SwitchToRightLockTarget	Defined|Exec|Public
SCRIPT	AlicePlayerController.SwitchToTC	Defined|Exec|Public
SCRIPT	AlicePlayerController.SwitchToTeapotCannon	Defined|Exec|Public
SCRIPT	AlicePlayerController.SwitchToVorpalBlade	Defined|Exec|Public
SCRIPT	AlicePlayerController.SwitchWeaponGroup	Defined|Exec|Public
SCRIPT	AlicePlayerController.TapCheckTimer	Defined|Public
SCRIPT	AlicePlayerController.TargetingActorSwitched	Defined|Public
SCRIPT	AlicePlayerController.TeapotCannonFirePress	Defined|Exec|Public
SCRIPT	AlicePlayerController.TeapotCannonFireRelease	Defined|Exec|Public
SCRIPT	AlicePlayerController.ToggleAutoTargetOnLivePawn	Defined|Exec|Public
SCRIPT	AlicePlayerController.ToggleCloseFollowCamera	Defined|Exec|Public
SCRIPT	AlicePlayerController.TogglePOI	Defined|Exec|Public
SCRIPT	AlicePlayerController.traceTest	Defined|Public|HasDefaults
SCRIPT	AlicePlayerController.TriggerBlockPC	Defined|Exec|Public
SCRIPT	AlicePlayerController.TriggerIdleEffects	Defined|Public
SCRIPT	AlicePlayerController.TryPOILookAt	Final|Defined|Public
SCRIPT	AlicePlayerController.TryPOILookAway	Final|Defined|Public
SCRIPT	AlicePlayerController.TryRestoreWatch	Defined|Public
SCRIPT	AlicePlayerController.TrySlideOnDodge	Defined|Public|HasDefaults
SCRIPT	AlicePlayerController.TryToCancelMatinee	Defined|Exec|Public
SCRIPT	AlicePlayerController.TryToSwitchRangeWeapon	Defined|Exec|Public
SCRIPT	AlicePlayerController.tryUnlockAbilityTrophy	Defined|Public
SCRIPT	AlicePlayerController.tryUnlockChapterCompleted	Defined|Public
SCRIPT	AlicePlayerController.tryUnlockFamilyMemoryTrophy	Defined|Public
SCRIPT	AlicePlayerController.TryUnlockMemoryTrophy	Defined|Public
SCRIPT	AlicePlayerController.TurnOffDodgeToEndGrabUI	Defined|Public
SCRIPT	AlicePlayerController.TurnOnDodgeToEndGrabUI	Defined|Public
SCRIPT	AlicePlayerController.TurretCannonFire	Defined|Exec|Public
SCRIPT	AlicePlayerController.TurretMineFire	Defined|Exec|Public
SCRIPT	AlicePlayerController.UI_AdjustScreenPos	Defined|Public|HasDefaults
SCRIPT	AlicePlayerController.UI_CameraOffsetRange	Defined|Public
SCRIPT	AlicePlayerController.UI_ClearBinkFileName	Defined|Public
SCRIPT	AlicePlayerController.UI_EnableUIMode	Defined|Public
SCRIPT	AlicePlayerController.UI_GetCameraOffset	Defined|Public|HasOutParms
SCRIPT	AlicePlayerController.UI_GetCurControllerType	Defined|Public
SCRIPT	AlicePlayerController.UI_MoveAlice	Defined|Public|HasDefaults
SCRIPT	AlicePlayerController.UI_MoveCamera	Defined|Public
SCRIPT	AlicePlayerController.UI_MoveCameraSpeed	Defined|Public
SCRIPT	AlicePlayerController.UI_PlayMemory	Defined|HasOptionalParms|Public
SCRIPT	AlicePlayerController.UI_RotateAlice	Defined|Public
SCRIPT	AlicePlayerController.UI_SetAliceRotation	Defined|Public
SCRIPT	AlicePlayerController.UI_SetGFXMovie	Defined|Public
SCRIPT	AlicePlayerController.UI_UpdateBinkFileTick	Defined|Public
SCRIPT	AlicePlayerController.UI_UpdateKeySettings	Defined|Public
SCRIPT	AlicePlayerController.UI_UpdateReduceSaveIconDelayTick	Defined|Public
SCRIPT	AlicePlayerController.UI_UpdateSetResWaitTick	Defined|Public
SCRIPT	AlicePlayerController.UnShrinking	Defined|Exec|Public
SCRIPT	AlicePlayerController.UpdateAimOffset	Defined|Simulated|Public|HasDefaults
SCRIPT	AlicePlayerController.UpdateAimTargetUI	Defined|Public
SCRIPT	AlicePlayerController.UpdateCameraTargetingMode	Defined|Public
SCRIPT	AlicePlayerController.UpdateComboInputState	Defined|Public
SCRIPT	AlicePlayerController.UpdateCrossHair	Defined|Event|Public|HasDefaults
SCRIPT	AlicePlayerController.UpdateCrossHairPosition	Defined|Public
SCRIPT	AlicePlayerController.UpdateLockOnTargetUI	Defined|Public
SCRIPT	AlicePlayerController.UpdateNextCriticalUI	Defined|HasOptionalParms|Public
SCRIPT	AlicePlayerController.UpdatePresence	Defined|Public
SCRIPT	AlicePlayerController.UpdatePreTargetingModes	Defined|Public
SCRIPT	AlicePlayerController.UpdateRangeWeaponUI	Defined|Public
SCRIPT	AlicePlayerController.UpdateRotation	Defined|Public|HasDefaults
SCRIPT	AlicePlayerController.UpdateSlideEmitter	Defined|Public|HasDefaults
SCRIPT	AlicePlayerController.UpdateTargetingModes	Defined|Public
SCRIPT	AlicePlayerController.UpgradeWeapon	Defined|Public
SCRIPT	AlicePlayerController.UT_SetStoryMode	Defined|Public
SCRIPT	AlicePlayerController.UT_UnlockTrophyDressUps	Defined|Public
SCRIPT	AlicePlayerController.VorpalBladeFirePress	Defined|Exec|Public
SCRIPT	AlicePlayerController.VorpalBladeFireRelease	Defined|Exec|Public
SCRIPT	AlicePlayerController.WeaponAttack	Defined|Exec|Public
SCRIPT	AlicePlayerInput.BindCommand	Defined|Public|HasDefaults
SCRIPT	AlicePlayerInput.ExecInputAxis	Defined|Event|Public
SCRIPT	AlicePlayerInput.ExecInputKey	Defined|Event|Public
SCRIPT	AlicePlayerInput.GetRawJoyRight	Defined|Public
SCRIPT	AlicePlayerInput.GetRawJoyUp	Defined|Public
SCRIPT	AlicePlayerInput.InitControlLayout	Defined|Public
SCRIPT	AlicePlayerInput.IsInputFree	Defined|Public
SCRIPT	AlicePlayerInput.IsKeyPressed	Defined|Public
SCRIPT	AlicePlayerInput.IsMoveInputForwardIgnored	Defined|Event|Public
SCRIPT	AlicePlayerInput.PlayerInput	Defined|Event|Public
SCRIPT	AlicePlayerInput.setControlLayout	Defined|Public
SCRIPT	AlicePlayerInput.SetKeyBind	Defined|Public|HasDefaults
SCRIPT	AlicePointOfInterest.AttachToActor	Defined|Simulated|Protected
SCRIPT	AlicePointOfInterest.Destroyed	Defined|Simulated|Public
SCRIPT	AlicePointOfInterest.DisablePOI	Defined|Simulated|Public
SCRIPT	AlicePointOfInterest.EnablePOI	Defined|Simulated|Public
SCRIPT	AlicePointOfInterest.GetActualLookatLocation	Final|Defined|Simulated|Public|HasDefaults
SCRIPT	AlicePointOfInterest.GetDesiredFOV	Final|Defined|Simulated|Public
SCRIPT	AlicePointOfInterest.GetDisplayName	Defined|Simulated|Public
SCRIPT	AlicePointOfInterest.GetLookAtPriority	Defined|Simulated|Public
SCRIPT	AlicePointOfInterest.InitializePOI	Defined|Simulated|Public
SCRIPT	AlicePointOfInterest.PostBeginPlay	Defined|Simulated|Event|Public
SCRIPT	AlicePointOfInterest.ReplicatedEvent	Defined|Simulated|Event|Public
SCRIPT	AlicePointOfInterest.ServerFirePOIActionOutputLink	Final|Defined|Simulated|Public
SCRIPT	AlicePointOfInterest.SetEnabled	Defined|Simulated|Event|Public
SCRIPT	AlicePointOfInterest.ShouldControllerHavePOI	Defined|Simulated|Public
SCRIPT	AliceProjectile.InitFromWeaponLevelData	Defined|Public|HasDefaults
SCRIPT	AliceProjectile.PlayLineCheckShieldExplosionEffect	Defined|HasOptionalParms|Public|HasOutParms|HasDefaults
SCRIPT	AliceProjectile.PlayRangeAttackEffectOnAttachedActor	Defined|Simulated|Event|Public
SCRIPT	AliceProjectile.PlayShieldExplosionEffect	Defined|HasOptionalParms|Public|HasDefaults
SCRIPT	AliceRemoteSpeaker.IsSameTeam	Defined|Simulated|Event|Public
SCRIPT	AliceRemoteSpeaker.OnToggle	Defined|Simulated|Public
SCRIPT	AliceRemoteSpeaker.PlayQueuedSpeakLine	Defined|Simulated|Protected
SCRIPT	AliceRemoteSpeaker.RemoteSpeakLine	Defined|Simulated|Event|HasOptionalParms|Public
SCRIPT	AliceRemoteSpeaker.RemoteSpeakLineFinished	Defined|Simulated|Event|Public|HasDefaults
SCRIPT	AliceRemoteSpeaker.ReplicatedEvent	Defined|Simulated|Event|Public
SCRIPT	AliceRemoteSpeaker.ShouldFilterOutSpeech	Final|Defined|Simulated|Public
SCRIPT	AliceSkeletalMeshComponent.PreloadTextures	Defined|Simulated|Event|Public
SCRIPT	AliceSlideVolume.PawnEnteredVolume	Defined|Simulated|Event|Public
SCRIPT	AliceSlideVolume.PawnLeavingVolume	Defined|Simulated|Event|Public
SCRIPT	AliceSonarManager.Init	Defined|Public
SCRIPT	AliceSonarManager.isSonarActor	Defined|Static|HasOptionalParms|Public|HasOutParms
SCRIPT	AliceSonarManager.PostUpdate	Defined|Public
SCRIPT	AliceSonarManager.SetActive	Defined|Public
SCRIPT	AliceSonarManager.setSonarActive	Defined|Public
SCRIPT	AliceSonarManager.TurnOffSonar	Defined|Public
SCRIPT	AliceSonarManager.TurnOnSonar	Defined|Public
SCRIPT	AliceSonarManager.Update	Defined|Public
SCRIPT	AliceSoundModeManager.addUniqueItem	Defined|Public
SCRIPT	AliceSoundModeManager.comparePriority	Defined|Public
SCRIPT	AliceSoundModeManager.GetCurSoundMode	Defined|Public
SCRIPT	AliceSoundModeManager.getNextBackupMode	Defined|Public
SCRIPT	AliceSoundModeManager.getPriority	Defined|Public
SCRIPT	AliceSoundModeManager.NotifyMemoryModeEndTime	Defined|Public
SCRIPT	AliceSoundModeManager.OnKismetSet	Defined|Public
SCRIPT	AliceSoundModeManager.removeDuplicateModes	Defined|Public
SCRIPT	AliceSoundModeManager.SetHysteriaMode	Defined|Public
SCRIPT	AliceSoundModeManager.setMeleeAttackSlomoMode	Defined|Public
SCRIPT	AliceSoundModeManager.SetMemoryMode	Defined|Public
SCRIPT	AliceSoundModeManager.SetShrinkMode	Defined|Public
SCRIPT	AliceSoundModeManager.showDebugInfo	Defined|Public
SCRIPT	AliceSoundModeManager.Update	Defined|Public
SCRIPT	AliceSpecialMove.AnimCfg_AnimEndNotify	Defined|Public
SCRIPT	AliceSpecialMove.CanChainMove	Defined|Public
SCRIPT	AliceSpecialMove.CanDoSpecialMove	Final|Defined|HasOptionalParms|Public
SCRIPT	AliceSpecialMove.CanOverrideMoveWith	Defined|Public
SCRIPT	AliceSpecialMove.CanOverrideSpecialMove	Defined|Public
SCRIPT	AliceSpecialMove.InternalCanDoSpecialMove	Defined|Protected
SCRIPT	AliceSpecialMove.IsPawnRotationLocked	Final|Defined|Public
SCRIPT	AliceSpecialMove.MessageEvent	Defined|Public
SCRIPT	AliceSpecialMove.PostSpecialMove	Defined|Public
SCRIPT	AliceSpecialMove.SetLockPawnRotation	Final|Defined|Public
SCRIPT	AliceSpecialMove.SetMovementLock	Final|Defined|Public
SCRIPT	AliceSpecialMove.SpecialMoveEnded	Defined|Public
SCRIPT	AliceSpecialMove.SpecialMoveStarted	Defined|Public
SCRIPT	AliceSpecialMove.TogglePawnCollision	Final|Defined|Public
SCRIPT	AliceSpeechManager.IsSpeechActive	Defined|Simulated|Public
SCRIPT	AliceSpeechManager.NotifyDialogueFinish	Final|Defined|Public|HasDefaults
SCRIPT	AliceSpeechManager.NotifyDialogueStart	Defined|Event|Public|HasDefaults
SCRIPT	AliceStuckManager.clearStuckFlag	Defined|Public
SCRIPT	AliceStuckManager.detectStuck	Defined|Public
SCRIPT	AliceStuckManager.doStuckJump	Defined|Public
SCRIPT	AliceStuckManager.getCurrentTime	Defined|Public
SCRIPT	AliceStuckManager.isFirstJumpOff	Defined|Public
SCRIPT	AliceStuckManager.isStucking	Defined|Public
SCRIPT	AliceStuckManager.onBaseChange	Defined|Public
SCRIPT	AliceStuckManager.onJumpOffPawn	Defined|Public
SCRIPT	AliceStuckManager.stuckNotify	Defined|Public
SCRIPT	AliceStuckManager.updateStuckBeginTime	Defined|Public
SCRIPT	AliceStuckManager.updateStuckDuration	Defined|Public
SCRIPT	AliceTurretMineExplode.Tick	Defined|Event|Public
SCRIPT	AliceVentActor.ActivateVent	Defined|Public
SCRIPT	AliceVentActor.aliceEnterHoverVolume	Defined|Public
SCRIPT	AliceVentActor.aliceEnterSteamVolume	Defined|Public
SCRIPT	AliceVentActor.aliceLeaveHoverVolume	Defined|Public
SCRIPT	AliceVentActor.aliceLeaveSteamVolume	Defined|Public
SCRIPT	AliceVentActor.ApplyCheckpointRecord	Defined|Public|HasOutParms
SCRIPT	AliceVentActor.ApplyWind	Defined|Public
SCRIPT	AliceVentActor.CreateCheckpointRecord	Defined|Public|HasOutParms
SCRIPT	AliceVentActor.DeactivateVent	Defined|Public
SCRIPT	AliceVentActor.drawCylinderComponentInGame	Defined|Public|HasDefaults
SCRIPT	AliceVentActor.drawDebugInfo	Defined|Public
SCRIPT	AliceVentActor.GetAccel	Defined|Public
SCRIPT	AliceVentActor.GetAdjustVelocity	Defined|Public|HasDefaults
SCRIPT	AliceVentActor.GetAlicePlayerController	Defined|Public
SCRIPT	AliceVentActor.GetCylinderGeometryInfo	Defined|Public|HasOutParms|HasDefaults
SCRIPT	AliceVentActor.GetHoverZSpeed	Defined|Public
SCRIPT	AliceVentActor.isAliceInCylinder	Defined|Public|HasDefaults
SCRIPT	AliceVentActor.isEnable	Defined|Public
SCRIPT	AliceVentActor.IsEnterFromBottom	Defined|Public
SCRIPT	AliceVentActor.onAliceJump	Defined|Public
SCRIPT	AliceVentActor.OnToggleHidden	Defined|Simulated|Public
SCRIPT	AliceVentActor.playCatchParticle	Defined|Public
SCRIPT	AliceVentActor.playIdleParticle	Defined|Public
SCRIPT	AliceVentActor.PostBeginPlay	Defined|Simulated|Event|Public
SCRIPT	AliceVentActor.setEnable	Defined|Public
SCRIPT	AliceVentActor.ShouldSaveForCheckpoint	Defined|Public
SCRIPT	AliceVentActor.Tick	Defined|Event|Public
SCRIPT	AliceVentActor.tickHoverVolume	Defined|Public
SCRIPT	AliceVentActor.tickParticles	Defined|Public
SCRIPT	AliceVentActor.tickSteamVolume	Defined|Public
SCRIPT	AliceVentActor.UpdateAfterAcceptPersistentDate	Defined|Event|Public
SCRIPT	AliceVentActor.updateState	Defined|Public
SCRIPT	AliceVopalBladeGhost.Destroyed	Defined|Simulated|Public
SCRIPT	AliceVopalBladeGhost.Explode	Defined|Simulated|HasOptionalParms|Public
SCRIPT	AliceVopalBladeGhost.GetWeaponLevel	Defined|Public
SCRIPT	AliceVopalBladeGhost.HideProjectile	Defined|Simulated|Public
SCRIPT	AliceVopalBladeGhost.PlayPhysicalMaterialEffect	Defined|Event|Public|HasDefaults
SCRIPT	AliceVopalBladeGhost.PlayShieldPhysicsMaterialEffect	Defined|Event|Public|HasDefaults
SCRIPT	AliceVopalBladeGhost.PostBeginPlay	Defined|Simulated|Public
SCRIPT	AliceVopalBladeGhost.ShutDown	Defined|Simulated|Public
SCRIPT	AliceVopalBladeGhost.SpawnFlightEffects	Defined|Event|Public
SCRIPT	AliceWaterVolume.PawnEnteredVolume	Defined|Simulated|Event|Public
SCRIPT	AliceWaterVolume.PawnLeavingVolume	Defined|Simulated|Event|Public
SCRIPT	AliceWeaponPickupFactory.CheckForErrors	Defined|Public
SCRIPT	AliceWeaponPickupFactory.InitializePickup	Defined|Simulated|Public
SCRIPT	AliceWeaponPickupFactory.PickedUpBy	Defined|Public
SCRIPT	AliceWeaponPickupFactory.Pickup.BeginState	Defined|Simulated|Event|Public
SCRIPT	AliceWeaponPickupFactory.Pickup.NotifyLocalPlayerDead	Defined|Simulated|Public
SCRIPT	AliceWeaponPickupFactory.Pickup.ShowActive	Defined|Simulated|Public
SCRIPT	AliceWeaponPickupFactory.Pickup.Touch	Defined|Simulated|Event|Public
SCRIPT	AliceWeaponPickupFactory.Pickup.ValidTouch	Defined|Simulated|Public
SCRIPT	AliceWeaponPickupFactory.PostBeginPlay	Defined|Simulated|Public
SCRIPT	AliceWeaponPickupFactory.ReplicatedEvent	Defined|Simulated|Event|Public
SCRIPT	AliceWeaponPickupFactory.SetPickupHidden	Defined|Simulated|Public
SCRIPT	AliceWeaponPickupFactory.SetPickupMesh	Defined|Simulated|Public
SCRIPT	AliceWeaponPickupFactory.SetPickupVisible	Defined|Simulated|Public
SCRIPT	AliceWeaponPickupFactory.ShowHidden	Defined|Simulated|Public
SCRIPT	AliceWeaponPickupFactory.SpawnCopyFor	Defined|Public|HasDefaults
SCRIPT	AliceWeaponPickupFactory.StartSleeping	Defined|Public
SCRIPT	AliceXPPickupFactory.ApplyCheckpointRecord	Defined|Public|HasOutParms
SCRIPT	AliceXPPickupFactory.CreateCheckpointRecord	Defined|Public|HasOutParms
SCRIPT	AliceXPPickupFactory.HealAmount	Defined|Public
SCRIPT	AliceXPPickupFactory.IsValidPick	Defined|Public|HasDefaults
SCRIPT	AliceXPPickupFactory.PickedUpBy	Defined|Public
SCRIPT	AliceXPPickupFactory.Pickup.ValidTouch	Defined|Public
SCRIPT	AliceXPPickupFactory.PostBeginPlay	Defined|Simulated|Event|Public
SCRIPT	AliceXPPickupFactory.SetPickupHidden	Defined|Simulated|Public
SCRIPT	AliceXPPickupFactory.SetPickupVisible	Defined|Simulated|Public
SCRIPT	AliceXPPickupFactory.ShouldSaveForCheckpoint	Defined|Public
SCRIPT	AliceXPPickupFactory.ShowAmmoCollision	Defined|Public
SCRIPT	AliceXPPickupFactory.SpawnCopyFor	Defined|Public
SCRIPT	AliceXPPickupFactory.Tick	Defined|Event|Public
SCRIPT	AliceXPPickupFactory.UpdateAfterAcceptPersistentDate	Defined|Event|Public
SCRIPT	AmbientSoundSimpleToggleable.ApplyCheckpointRecord	Defined|Public|HasOutParms
SCRIPT	AmbientSoundSimpleToggleable.CreateCheckpointRecord	Defined|Public|HasOutParms
SCRIPT	AmbientSoundSimpleToggleable.OnToggle	Defined|Simulated|Public
SCRIPT	AmbientSoundSimpleToggleable.PostBeginPlay	Defined|Simulated|Event|Public
SCRIPT	AmbientSoundSimpleToggleable.ReplicatedEvent	Defined|Simulated|Event|Public
SCRIPT	AmbientSoundSimpleToggleable.StartPlaying	Defined|Simulated|Public
SCRIPT	AmbientSoundSimpleToggleable.StopPlaying	Defined|Simulated|Public
SCRIPT	AnimNodePlayCustomAnim.GetCustomAnimNodeSeq	Final|Defined|Public
SCRIPT	AnimNodePlayCustomAnim.SetActorAnimEndNotification	Final|Defined|Public
SCRIPT	AnimNodePlayCustomAnim.SetCustomAnim	Final|Defined|Public
SCRIPT	AnimNodePlayCustomAnim.SetRootBoneAxisOption	Final|Defined|HasOptionalParms|Public
SCRIPT	AnimNotify_PawnMaterialParam.Notify	Defined|Event|Public|HasDefaults
SCRIPT	AnimNotify_PlayFaceFXAnim.EditorNotify	Defined|Event|Public
SCRIPT	AnimNotify_PlayFaceFXAnim.Notify	Defined|Event|Public
SCRIPT	AnimNotify_ViewShake.Notify	Defined|Event|Public|HasDefaults
SCRIPT	AnimNotify.FindNextNotifyOfClass	Defined|Simulated|Public|HasOutParms
SCRIPT	ApexDestructibleActor.ApplyCheckpointRecord	Defined|Public|HasOutParms
SCRIPT	ApexDestructibleActor.CreateCheckpointRecord	Defined|Public|HasOutParms
SCRIPT	ApexDestructibleActor.HandleTakeDamageEvent	Defined|Event|HasOptionalParms|Public
SCRIPT	ApexDestructibleActor.PostBeginPlay	Defined|Simulated|Event|Public
SCRIPT	ApexDestructibleActor.SpawnFractureEmitter	Defined|Event|Public|HasDefaults
SCRIPT	ApexDestructibleActor.UpdateAfterAcceptPersistentDate	Defined|Event|Public
SCRIPT	ASM_AliceDead.SpecialMoveEnded	Defined|Public
SCRIPT	ASM_AliceDead.SpecialMoveStarted	Defined|Public
SCRIPT	ASM_AliceRespawn.SpecialMoveEnded	Defined|Public
SCRIPT	ASM_AliceRespawn.SpecialMoveStarted	Defined|Public
SCRIPT	ASM_BeGrabbed.CanChainMove	Defined|Public
SCRIPT	ASM_BeGrabbed.EndGrabbed	Defined|Public
SCRIPT	ASM_BeGrabbed.GetDefaultAnimation	Defined|Public
SCRIPT	ASM_BeGrabbed.SpecialMoveEnded	Defined|Public
SCRIPT	ASM_BeGrabbed.SpecialMoveStarted	Defined|Public
SCRIPT	ASM_BlockReaction.CanChainMove	Defined|Public
SCRIPT	ASM_BlockReaction.GetAnimation	Defined|Public
SCRIPT	ASM_BlockReaction.SpecialMoveEnded	Defined|Public
SCRIPT	ASM_BlockReaction.SpecialMoveStarted	Defined|Public
SCRIPT	ASM_Brake.GetBrakeAnimation	Defined|Public
SCRIPT	ASM_Brake.SpecialMoveEnded	Defined|Public
SCRIPT	ASM_Brake.SpecialMoveStarted	Defined|Public
SCRIPT	ASM_BrustOutFromFlower.SpecialMoveEnded	Defined|Public
SCRIPT	ASM_BrustOutFromFlower.SpecialMoveStarted	Defined|Public
SCRIPT	ASM_ChangeDirOnLedge.EndOfChange	Defined|Public
SCRIPT	ASM_ChangeDirOnLedge.GetAnimationForLedge	Defined|Public
SCRIPT	ASM_ChangeDirOnLedge.SpecialMoveEnded	Defined|Public
SCRIPT	ASM_ChangeDirOnLedge.SpecialMoveStarted	Defined|Public
SCRIPT	ASM_Combat_Dodge.AnimCfg_AnimEndNotify	Defined|Public
SCRIPT	ASM_Combat_Dodge.CanChainMove	Defined|Public
SCRIPT	ASM_Combat_Dodge.GetAnimation	Defined|Public
SCRIPT	ASM_Combat_Dodge.GetEndAnimation	Defined|Public
SCRIPT	ASM_Combat_Dodge.PlayDodge	Defined|Public
SCRIPT	ASM_Combat_Dodge.PlayEnd	Defined|Public
SCRIPT	ASM_Combat_Dodge.PlayStart	Defined|Public
SCRIPT	ASM_Combat_Dodge.SpecialMoveEnded	Defined|Public
SCRIPT	ASM_Combat_Dodge.SpecialMoveStarted	Defined|Public
SCRIPT	ASM_Combat_Dodge.StopCurrentMoveType	Defined|Public
SCRIPT	ASM_Combat_Dodge.StopDodge	Defined|Public
SCRIPT	ASM_Combat_Dodge.StopEnd	Defined|Public
SCRIPT	ASM_Combat_Dodge.StopStart	Defined|Public
SCRIPT	ASM_Combat_Jump.GetAnimations	Defined|Public
SCRIPT	ASM_Combat_Jump.SpecialMoveEnded	Defined|Public
SCRIPT	ASM_Combat_Jump.SpecialMoveStarted	Defined|Public
SCRIPT	ASM_ContextSensitive.GetAnimation	Defined|Public
SCRIPT	ASM_ContextSensitive.SpecialMoveEnded	Defined|Public
SCRIPT	ASM_ContextSensitive.SpecialMoveStarted	Defined|Public
SCRIPT	ASM_DeflectSpin.EndSpinning	Defined|Event|Public
SCRIPT	ASM_DeflectSpin.SpecialMoveEnded	Defined|Public
SCRIPT	ASM_DeflectSpin.SpecialMoveStarted	Defined|Public
SCRIPT	ASM_DeflectTransition.PlayEnd	Defined|Public
SCRIPT	ASM_DeflectTransition.PlayStart	Defined|Public
SCRIPT	ASM_DeflectTransition.SpecialMoveEnded	Defined|Public
SCRIPT	ASM_DeflectTransition.SpecialMoveStarted	Defined|Public
SCRIPT	ASM_Denotate.CanChainMove	Defined|Public
SCRIPT	ASM_Denotate.GetAnimation	Defined|Public
SCRIPT	ASM_Denotate.SpecialMoveEnded	Defined|Public
SCRIPT	ASM_Denotate.SpecialMoveStarted	Defined|Public
SCRIPT	ASM_Disarm.GetAnimation	Defined|Public
SCRIPT	ASM_Disarm.SpecialMoveEnded	Defined|Public
SCRIPT	ASM_Disarm.SpecialMoveStarted	Defined|Public
SCRIPT	ASM_DoubleJump.GetAnimations	Defined|Public
SCRIPT	ASM_DoubleJump.PlayParticle	Defined|Public
SCRIPT	ASM_DoubleJump.PlayRise	Defined|Public
SCRIPT	ASM_DoubleJump.SpecialMoveStarted	Defined|Public
SCRIPT	ASM_EyeStaffRA_Charge.CanChainMove	Defined|Public
SCRIPT	ASM_EyeStaffRA_Charge.SpecialMoveEnded	Defined|Public
SCRIPT	ASM_EyeStaffRA_Charge.SpecialMoveStarted	Defined|Public
SCRIPT	ASM_EyeStaffRA_ChargeComplete.CanChainMove	Defined|Public
SCRIPT	ASM_EyeStaffRA_ChargeComplete.SpecialMoveEnded	Defined|Public
SCRIPT	ASM_EyeStaffRA_ChargeComplete.SpecialMoveStarted	Defined|Public
SCRIPT	ASM_EyeStaffRA_DoubleFire.CanChainMove	Defined|Public
SCRIPT	ASM_EyeStaffRA_DoubleFire.SpecialMoveEnded	Defined|Public
SCRIPT	ASM_EyeStaffRA_DoubleFire.SpecialMoveStarted	Defined|Public
SCRIPT	ASM_EyeStaffRA_DoubleFireReady.CanChainMove	Defined|Public
SCRIPT	ASM_EyeStaffRA_DoubleFireReady.SpecialMoveEnded	Defined|Public
SCRIPT	ASM_EyeStaffRA_DoubleFireReady.SpecialMoveStarted	Defined|Public
SCRIPT	ASM_EyeStaffRA_Fire.CanChainMove	Defined|Public
SCRIPT	ASM_EyeStaffRA_Fire.SpecialMoveEnded	Defined|Public
SCRIPT	ASM_EyeStaffRA_Fire.SpecialMoveStarted	Defined|Public
SCRIPT	ASM_EyeStaffRA_NoAmmo.CanChainMove	Defined|Public
SCRIPT	ASM_EyeStaffRA_NoAmmo.SpecialMoveEnded	Defined|Public
SCRIPT	ASM_EyeStaffRA_NoAmmo.SpecialMoveStarted	Defined|Public
SCRIPT	ASM_EyeStaffRA_StopWindUp.CanChainMove	Defined|Public
SCRIPT	ASM_EyeStaffRA_StopWindUp.SpecialMoveEnded	Defined|Public
SCRIPT	ASM_EyeStaffRA_StopWindUp.SpecialMoveStarted	Defined|Public
SCRIPT	ASM_FloatFail.SpecialMoveEnded	Defined|Public
SCRIPT	ASM_FloatFail.SpecialMoveStarted	Defined|Public
SCRIPT	ASM_GetHurt.CanChainMove	Defined|Public
SCRIPT	ASM_GetHurt.GetAnimation	Defined|Public
SCRIPT	ASM_GetHurt.SpecialMoveEnded	Defined|Public
SCRIPT	ASM_GetHurt.SpecialMoveStarted	Defined|Public
SCRIPT	ASM_GetHurtWhenJump.AnimCfg_AnimEndNotify	Defined|Public
SCRIPT	ASM_GetHurtWhenJump.GetAnimations	Defined|Public
SCRIPT	ASM_GetHurtWhenJump.Landed	Defined|Event|Public
SCRIPT	ASM_GetHurtWhenJump.PlayFall	Defined|Public
SCRIPT	ASM_GetHurtWhenJump.PlayLand	Defined|Public
SCRIPT	ASM_GetHurtWhenJump.PlayStart	Defined|Public
SCRIPT	ASM_GetHurtWhenJump.SpecialMoveEnded	Defined|Public
SCRIPT	ASM_GetHurtWhenJump.SpecialMoveStarted	Defined|Public
SCRIPT	ASM_GetHurtWhenJump.StopCurrentMoveType	Defined|Public
SCRIPT	ASM_GetHurtWhenJump.StopFall	Defined|Public
SCRIPT	ASM_GetHurtWhenJump.StopLand	Defined|Public
SCRIPT	ASM_GetHurtWhenJump.StopStart	Defined|Public
SCRIPT	ASM_GetNPCAttached.CanChainMove	Defined|Public
SCRIPT	ASM_GetNPCAttached.SpecialMoveEnded	Defined|Public
SCRIPT	ASM_GetNPCAttached.SpecialMoveStarted	Defined|Public
SCRIPT	ASM_GiantAliceCMA_One.Inner_StartPlayComboAnimation	Defined|Simulated|Public
SCRIPT	ASM_GiantAliceCMA_One.SpecialMoveEnded	Defined|Public
SCRIPT	ASM_GiantAliceCMA_One.SpecialMoveStarted	Defined|Public
SCRIPT	ASM_GiantAliceCMA_Thr.Inner_StartPlayComboAnimation	Defined|Simulated|Public
SCRIPT	ASM_GiantAliceCMA_Thr.SpecialMoveEnded	Defined|Public
SCRIPT	ASM_GiantAliceCMA_Thr.SpecialMoveStarted	Defined|Public
SCRIPT	ASM_GiantAliceCMA_Two.Inner_StartPlayComboAnimation	Defined|Simulated|Public
SCRIPT	ASM_GiantAliceCMA_Two.SpecialMoveEnded	Defined|Public
SCRIPT	ASM_GiantAliceCMA_Two.SpecialMoveStarted	Defined|Public
SCRIPT	ASM_GiantStomp.SpecialMoveEnded	Defined|Public
SCRIPT	ASM_GiantStomp.SpecialMoveStarted	Defined|Public
SCRIPT	ASM_GrabLedge_ClimbOverLedge.GetAnimation	Defined|Public
SCRIPT	ASM_GrabLedge_ClimbOverLedge.ResetPawnOwnerLedgeClimbing	Defined|Public
SCRIPT	ASM_GrabLedge_ClimbOverLedge.SpecialMoveEnded	Defined|Public
SCRIPT	ASM_GrabLedge_ClimbOverLedge.SpecialMoveStarted	Defined|Public
SCRIPT	ASM_GrabLedge_DropFromLedge.GetAnimationForLedge	Defined|Public
SCRIPT	ASM_GrabLedge_DropFromLedge.GetAnimationsForLanding	Defined|Public
SCRIPT	ASM_GrabLedge_DropFromLedge.Landed	Defined|Event|Public
SCRIPT	ASM_GrabLedge_DropFromLedge.SpecialMoveEnded	Defined|Public
SCRIPT	ASM_GrabLedge_DropToLedge.GetAnimationForLedge	Defined|Public
SCRIPT	ASM_GrabLedge_DropToLedge.SpecialMoveEnded	Defined|Public
SCRIPT	ASM_GrabLedge_DropToLedge.SpecialMoveStarted	Defined|Public
SCRIPT	ASM_GrabLedge_FallFromBalanceBeamToGrab.GetAnimation	Defined|Public
SCRIPT	ASM_GrabLedge_FallFromBalanceBeamToGrab.SpecialMoveEnded	Defined|Public|HasDefaults
SCRIPT	ASM_GrabLedge_FallFromBalanceBeamToGrab.SpecialMoveStarted	Defined|Public
SCRIPT	ASM_GrabLedge_JumpToAnotherLedge.AnimCfg_AnimEndNotify	Defined|Public
SCRIPT	ASM_GrabLedge_JumpToAnotherLedge.GetAnimations	Defined|Public
SCRIPT	ASM_GrabLedge_JumpToAnotherLedge.PlayFall	Defined|Public
SCRIPT	ASM_GrabLedge_JumpToAnotherLedge.PlayJump	Defined|Public
SCRIPT	ASM_GrabLedge_JumpToAnotherLedge.SpecialMoveStarted	Defined|Public
SCRIPT	ASM_GrabLedge_SwitchToAnotherLedge.GetAnimationForLedge	Defined|Public
SCRIPT	ASM_GrabLedge_SwitchToAnotherLedge.SpecialMoveEnded	Defined|Public
SCRIPT	ASM_GrabLedge_SwitchToAnotherLedge.SpecialMoveStarted	Defined|Public
SCRIPT	ASM_GrabLedgeWhenJump.GetAnimationForLedge	Defined|Public
SCRIPT	ASM_GrabLedgeWhenJump.SpecialMoveEnded	Defined|Public
SCRIPT	ASM_GrabLedgeWhenJump.SpecialMoveStarted	Defined|Public
SCRIPT	ASM_HitShieldReaction.GetAnimation	Defined|Public
SCRIPT	ASM_HitShieldReaction.SpecialMoveEnded	Defined|Public
SCRIPT	ASM_HitShieldReaction.SpecialMoveStarted	Defined|Public
SCRIPT	ASM_HobbyHorseCMANL.AnimCfg_AnimEndNotify	Defined|Public
SCRIPT	ASM_HobbyHorseCMANL.Inner_StartPlayComboAnimation	Defined|Simulated|Public
SCRIPT	ASM_HobbyHorseCMANL.SpecialMoveEnded	Defined|Public
SCRIPT	ASM_HobbyHorseCMANL.SpecialMoveStarted	Defined|Public
SCRIPT	ASM_HoverHit.SpecialMoveEnded	Defined|Public
SCRIPT	ASM_HoverHit.SpecialMoveStarted	Defined|Public
SCRIPT	ASM_HoverJump.AnimCfg_AnimEndNotify	Defined|Public
SCRIPT	ASM_HoverJump.Landed	Defined|Event|Public
SCRIPT	ASM_HoverJump.PlayFalling	Defined|Public
SCRIPT	ASM_HoverJump.PlayLand	Defined|Public
SCRIPT	ASM_HoverJump.PlayRising	Defined|Public
SCRIPT	ASM_HoverJump.SpecialMoveEnded	Defined|Public
SCRIPT	ASM_HoverJump.SpecialMoveStarted	Defined|Public
SCRIPT	ASM_Hysteria.SpecialMoveEnded	Defined|Public
SCRIPT	ASM_Hysteria.SpecialMoveStarted	Defined|Public
SCRIPT	ASM_JumpPad.AnimCfg_AnimEndNotify	Defined|Public
SCRIPT	ASM_JumpPad.GetAnimations	Defined|Public
SCRIPT	ASM_JumpPad.Landed	Defined|Event|Public
SCRIPT	ASM_JumpPad.PlayFall	Defined|Event|Public
SCRIPT	ASM_JumpPad.PlayJump	Defined|Public|HasDefaults
SCRIPT	ASM_JumpPad.PlayLand	Defined|Public
SCRIPT	ASM_JumpPad.PlayRise	Defined|Public
SCRIPT	ASM_JumpPad.SpecialMoveEnded	Defined|Public
SCRIPT	ASM_JumpPad.SpecialMoveStarted	Defined|Public
SCRIPT	ASM_JumpPad.StopCurrentMoveType	Defined|Public
SCRIPT	ASM_JumpPad.StopFall	Defined|Public
SCRIPT	ASM_JumpPad.StopJump	Defined|Public
SCRIPT	ASM_JumpPad.StopLand	Defined|Public
SCRIPT	ASM_JumpPad.StopRise	Defined|Public
SCRIPT	ASM_JumpPadPhysics.AnimCfg_AnimEndNotify	Defined|Public
SCRIPT	ASM_JumpPadPhysics.GetAnimations	Defined|Public
SCRIPT	ASM_JumpPadPhysics.Landed	Defined|Event|Public
SCRIPT	ASM_JumpPadPhysics.PlayFall	Defined|Event|Public
SCRIPT	ASM_JumpPadPhysics.PlayJump	Defined|Public|HasDefaults
SCRIPT	ASM_JumpPadPhysics.PlayLand	Defined|Public
SCRIPT	ASM_JumpPadPhysics.PlayRise	Defined|Public
SCRIPT	ASM_JumpPadPhysics.SpecialMoveEnded	Defined|Public
SCRIPT	ASM_JumpPadPhysics.SpecialMoveStarted	Defined|Public
SCRIPT	ASM_JumpPadPhysics.StopCurrentMoveType	Defined|Public
SCRIPT	ASM_JumpPadPhysics.StopFall	Defined|Public
SCRIPT	ASM_JumpPadPhysics.StopJump	Defined|Public
SCRIPT	ASM_JumpPadPhysics.StopLand	Defined|Public
SCRIPT	ASM_JumpPadPhysics.StopRise	Defined|Public
SCRIPT	ASM_JumpStart.AnimCfg_AnimEndNotify	Defined|Public
SCRIPT	ASM_JumpStart.BlendOutForNextAnim	Defined|Public
SCRIPT	ASM_JumpStart.GetAnimations	Defined|Public
SCRIPT	ASM_JumpStart.GetLandAnimationInAir	Defined|Public
SCRIPT	ASM_JumpStart.Landed	Defined|Event|Public
SCRIPT	ASM_JumpStart.PlayFall	Defined|Public
SCRIPT	ASM_JumpStart.PlayJump	Defined|Public
SCRIPT	ASM_JumpStart.PlayLand	Defined|Public
SCRIPT	ASM_JumpStart.PlayRise	Defined|Public
SCRIPT	ASM_JumpStart.SpecialMoveEnded	Defined|Public
SCRIPT	ASM_JumpStart.SpecialMoveStarted	Defined|Public
SCRIPT	ASM_JumpStart.StopCurrentMoveType	Defined|Public
SCRIPT	ASM_JumpStart.StopFall	Defined|Public
SCRIPT	ASM_JumpStart.StopJump	Defined|Public
SCRIPT	ASM_JumpStart.StopLand	Defined|Public
SCRIPT	ASM_JumpStart.StopRise	Defined|Public
SCRIPT	ASM_MeleeComboCommon.AnimCfg_AnimEndNotify	Defined|Public
SCRIPT	ASM_MeleeComboCommon.PlayComboAttackAnimation	Defined|Simulated|Public
SCRIPT	ASM_MeleeComboCommon.PlayComboTransientAnimation	Defined|Simulated|Public
SCRIPT	ASM_MeleeComboCommon.PlayRushBeforeSwitchAttackAnimation	Defined|Simulated|Public
SCRIPT	ASM_MeleeComboCommon.ResetDefaultSpeicalMoveParam	Defined|Public
SCRIPT	ASM_MeleeComboCommon.ResetWeaponState	Defined|Public
SCRIPT	ASM_MeleeComboCommon.SpecialMoveEnded	Defined|Public
SCRIPT	ASM_MeleeComboCommon.SpecialMoveStarted	Defined|Public
SCRIPT	ASM_Rotate.GetAnimation	Defined|Public
SCRIPT	ASM_Rotate.SpecialMoveEnded	Defined|Public
SCRIPT	ASM_Rotate.SpecialMoveStarted	Defined|Public
SCRIPT	ASM_ShieldBreakingDash.CanChainMove	Defined|Public
SCRIPT	ASM_ShieldBreakingDash.SpecialMoveEnded	Defined|Public
SCRIPT	ASM_ShieldBreakingDash.SpecialMoveStarted	Defined|Public
SCRIPT	ASM_ShieldBreakingPrepare.SpecialMoveEnded	Defined|Public
SCRIPT	ASM_ShieldBreakingPrepare.SpecialMoveStarted	Defined|Public
SCRIPT	ASM_SlideBackwardTarget.AnimCfg_AnimEndNotify	Defined|Public
SCRIPT	ASM_SlideBackwardTarget.GetRandomStartAnim	Defined|Public
SCRIPT	ASM_SlideBackwardTarget.PlayStart	Defined|Public
SCRIPT	ASM_SlideBackwardTarget.SpecialMoveEnded	Defined|Public
SCRIPT	ASM_SlideBackwardTarget.SpecialMoveStarted	Defined|Public
SCRIPT	ASM_SlideBackwardTarget.StopStart	Defined|Public
SCRIPT	ASM_SlideToTarget.AnimCfg_AnimEndNotify	Defined|Public
SCRIPT	ASM_SlideToTarget.GetAnimByWeapon	Defined|Public
SCRIPT	ASM_SlideToTarget.SpecialMoveEnded	Defined|Public
SCRIPT	ASM_SlideToTarget.SpecialMoveStarted	Defined|Public
SCRIPT	ASM_SteamVentBackward.SpecialMoveEnded	Defined|Public
SCRIPT	ASM_SteamVentBackward.SpecialMoveStarted	Defined|Public
SCRIPT	ASM_SteamVentForward.SpecialMoveEnded	Defined|Public
SCRIPT	ASM_SteamVentForward.SpecialMoveStarted	Defined|Public
SCRIPT	ASM_SteamVentIdle.SpecialMoveEnded	Defined|Public
SCRIPT	ASM_SteamVentIdle.SpecialMoveStarted	Defined|Public
SCRIPT	ASM_SteamVentLeft.SpecialMoveEnded	Defined|Public
SCRIPT	ASM_SteamVentLeft.SpecialMoveStarted	Defined|Public
SCRIPT	ASM_SteamVentRight.SpecialMoveEnded	Defined|Public
SCRIPT	ASM_SteamVentRight.SpecialMoveStarted	Defined|Public
SCRIPT	ASM_SteamVentUp.SpecialMoveEnded	Defined|Public
SCRIPT	ASM_SteamVentUp.SpecialMoveStarted	Defined|Public
SCRIPT	ASM_SwimIdleToForward.SpecialMoveEnded	Defined|Public
SCRIPT	ASM_SwimIdleToForward.SpecialMoveStarted	Defined|Public
SCRIPT	ASM_TeapotCannonRA_Charge.CanChainMove	Defined|Public
SCRIPT	ASM_TeapotCannonRA_Charge.SpecialMoveEnded	Defined|Public
SCRIPT	ASM_TeapotCannonRA_Charge.SpecialMoveStarted	Defined|Public
SCRIPT	ASM_TeapotCannonRA_Fire.CanChainMove	Defined|Public
SCRIPT	ASM_TeapotCannonRA_Fire.SpecialMoveEnded	Defined|Public
SCRIPT	ASM_TeapotCannonRA_Fire.SpecialMoveStarted	Defined|Public
SCRIPT	ASM_ToggleShrink.CanChainMove	Defined|Public
SCRIPT	ASM_ToggleShrink.GetToggleShrinkAnimation	Defined|Public
SCRIPT	ASM_ToggleShrink.SpecialMoveEnded	Defined|Public|HasDefaults
SCRIPT	ASM_ToggleShrink.SpecialMoveStarted	Defined|Public
SCRIPT	ASM_VorpalBladeClone.SpecialMoveEnded	Defined|Public
SCRIPT	ASM_VorpalBladeClone.SpecialMoveStarted	Defined|Public
SCRIPT	ASM_VorpalBladeCMANL.AnimCfg_AnimEndNotify	Defined|Public
SCRIPT	ASM_VorpalBladeCMANL.CanOverrideMoveWith	Defined|Public
SCRIPT	ASM_VorpalBladeCMANL.Inner_StartPlayComboAnimation	Defined|Simulated|Public
SCRIPT	ASM_VorpalBladeCMANL.SpecialMoveEnded	Defined|Public
SCRIPT	ASM_VorpalBladeCMANL.SpecialMoveStarted	Defined|Public
SCRIPT	ASM_WeaponCMABase.CanChainMove	Defined|Public
SCRIPT	ASM_WeaponCMABase.CanOverrideMoveWith	Defined|Public
SCRIPT	ASM_WeaponCMABase.PostSpecialMove	Defined|Public
SCRIPT	ASM_WeaponCMABase.PreSpecialMove	Defined|Public
SCRIPT	ASM_WeaponCMABase.SetInputVector	Defined|Event|Public
SCRIPT	ASM_WeaponCMABase.SpecialMoveEnded	Defined|Public
SCRIPT	ASM_WeaponCMABase.SpecialMoveStarted	Defined|Public
SCRIPT	ASM_WeaponCMABase.StartPlayComboAnimation	Defined|Event|Public
SCRIPT	ASM_WeaponRABase.CanChainMove	Defined|Public
SCRIPT	ASM_WeaponRABase.SpecialMoveEnded	Defined|Public
SCRIPT	ASM_WeaponRABase.SpecialMoveStarted	Defined|Public
SCRIPT	AssetActor.Tick	Defined|Event|Public|HasDefaults
SCRIPT	AudioComponent.OcclusionChanged	Defined|Event|Public
SCRIPT	AutoTestManager.CheckForSentinelRun	Defined|Public
SCRIPT	AutoTestManager.CloseAutomatedMapTestTimer	Defined|Public
SCRIPT	AutoTestManager.DoTimeBasedSentinelStatGathering	Defined|Public|HasDefaults
SCRIPT	AutoTestManager.DoTravelTheWorld	Defined|Public
SCRIPT	AutoTestManager.GetNextAutomatedTestingMap	Defined|Public
SCRIPT	AutoTestManager.IncrementAutomatedTestingMapIndex	Defined|Public
SCRIPT	AutoTestManager.IncrementNumberOfMatchesPlayed	Defined|Public
SCRIPT	AutoTestManager.InitializeOptions	Defined|Public
SCRIPT	AutoTestManager.PostBeginPlay	Defined|Event|Public
SCRIPT	AutoTestManager.StartAutomatedMapTestTimer	Defined|Event|Public
SCRIPT	AutoTestManager.StartAutomatedMapTestTimerWorker	Defined|Public
SCRIPT	AutoTestManager.StartMatch	Defined|Public
SCRIPT	AutoTestManager.Timer	Defined|Event|Public
SCRIPT	AutoTestManager.TravelTheWorld.BeginState	Defined|Public
SCRIPT	AutoTestManager.TravelTheWorld.CalcTravelTheWorldTime	Defined|Public
SCRIPT	AutoTestManager.TravelTheWorld.PrintOutTravelWorldTimes	Defined|Public
SCRIPT	AutoTestManager.TravelTheWorld.SetIncrementsForLoops	Defined|Public
SCRIPT	BalancePlatform.ActiveEffect	Defined|Public
SCRIPT	BalancePlatform.CheckBalanceProc	Defined|Public
SCRIPT	BalancePlatform.CheckPlatformBalance	Defined|Public
SCRIPT	BalancePlatform.checkRealMoving	Defined|Public
SCRIPT	BalancePlatform.Down	Defined|Public
SCRIPT	BalancePlatform.DowningTimer	Defined|Public|HasDefaults
SCRIPT	BalancePlatform.ForceRestoreOriginLocation	Defined|Public
SCRIPT	BalancePlatform.GetBasedActorsWeight	Defined|Public
SCRIPT	BalancePlatform.GetTorque	Defined|Public
SCRIPT	BalancePlatform.IsAliceAbovePlatform	Defined|Public|HasDefaults
SCRIPT	BalancePlatform.IsAliceBaseOnPlatform	Defined|Public
SCRIPT	BalancePlatform.PlatformWeightChanged	Defined|Public
SCRIPT	BalancePlatform.PostBeginPlay	Defined|Simulated|Event|Public
SCRIPT	BalancePlatform.Raise	Defined|Public
SCRIPT	BalancePlatform.RaisingTimer	Defined|Public|HasDefaults
SCRIPT	BalancePlatform.ShouldSaveForCheckpoint	Defined|Public
SCRIPT	BalanceScales.InitPlatformData	Defined|Public
SCRIPT	BalanceScales.IsShouldDelay	Defined|Public
SCRIPT	BalanceScales.IsWeightEqual	Defined|Public
SCRIPT	BalanceScales.MakeBalance	Defined|Public
SCRIPT	BalanceScales.notifyMoveStart	Defined|Public
SCRIPT	BalanceScales.notifyMoveStop	Defined|Public
SCRIPT	BalanceScales.PlatformWeightChanged	Defined|Public
SCRIPT	BalanceScales.PostBeginPlay	Defined|Simulated|Event|Public
SCRIPT	BalanceScales.ResetPlatformData	Defined|Public
SCRIPT	BigSecretPickup.ShowPressButtonUI	Defined|Event|Public
SCRIPT	BlockingVolume.OnToggle	Defined|Simulated|Public
SCRIPT	BounceVolume.Touch	Defined|Event|Public
SCRIPT	BroadcastHandler.AllowBroadcastLocalized	Defined|Event|HasOptionalParms|Public
SCRIPT	BroadcastHandler.AllowBroadcastLocalizedTeam	Defined|Event|HasOptionalParms|Public
SCRIPT	BroadcastHandler.AllowsBroadcast	Defined|Public
SCRIPT	BroadcastHandler.Broadcast	Defined|HasOptionalParms|Public
SCRIPT	BroadcastHandler.BroadcastLocalized	Defined|HasOptionalParms|Public
SCRIPT	BroadcastHandler.BroadcastTeam	Defined|HasOptionalParms|Public
SCRIPT	BroadcastHandler.BroadcastText	Defined|HasOptionalParms|Public
SCRIPT	BroadcastHandler.UpdateSentText	Defined|Public
SCRIPT	BuoyantVolume.Touch	Defined|Simulated|Event|Public
SCRIPT	BuoyantVolume.UnTouch	Defined|Event|Public
SCRIPT	Camera.AddCameraLensEffect	Defined|Public|HasDefaults
SCRIPT	Camera.AllowPawnRotation	Defined|Public
SCRIPT	Camera.BlendViewTargets	Final|Defined|Public|HasOutParms|HasDefaults
SCRIPT	Camera.CalcRadialShakeScale	Defined|Static|Public|HasDefaults
SCRIPT	Camera.ClearAllCameraShakes	Defined|Public
SCRIPT	Camera.ClearCameraLensEffects	Defined|Public
SCRIPT	Camera.ClearCameraShakesWithOuter	Defined|Public
SCRIPT	Camera.CreateCameraModifier	Defined|Protected
SCRIPT	Camera.Destroyed	Defined|Event|Public
SCRIPT	Camera.DisplayDebug	Defined|Simulated|Public|HasOutParms|HasDefaults
SCRIPT	Camera.FillCameraCache	Final|Defined|Public|HasOutParms
SCRIPT	Camera.FindCameraLensEffect	Defined|Public
SCRIPT	Camera.GetCameraViewPoint	Final|Defined|Public|HasOutParms
SCRIPT	Camera.GetCurViewAspectRatio	Defined|Event|Public
SCRIPT	Camera.GetFOVAngle	Defined|Public
SCRIPT	Camera.InitializeFor	Defined|Public
SCRIPT	Camera.PlayCameraShake	Defined|HasOptionalParms|Public
SCRIPT	Camera.PlayWorldCameraShake	Defined|Static|HasOptionalParms|Public|HasDefaults
SCRIPT	Camera.PostBeginPlay	Defined|Public
SCRIPT	Camera.ProcessViewRotation	Defined|Public|HasOutParms
SCRIPT	Camera.RemoveCameraLensEffect	Defined|Public
SCRIPT	Camera.SetDesiredColorScale	Defined|Simulated|Public
SCRIPT	Camera.SetFOV	Defined|Public
SCRIPT	Camera.StopCameraShake	Defined|Public
SCRIPT	Camera.UpdateCamera	Defined|Simulated|Event|Public|HasDefaults
SCRIPT	Camera.UpdateCameraControl	Defined|Public|HasOutParms
SCRIPT	Camera.UpdateViewTarget	Defined|Public|HasOutParms|HasDefaults
SCRIPT	CameraActor.DisplayDebug	Defined|Simulated|Public|HasOutParms
SCRIPT	CameraActor.GetCameraView	Defined|Simulated|Public|HasOutParms
SCRIPT	CameraModifier_CameraShake.AddCameraShake	Defined|HasOptionalParms|Public
SCRIPT	CameraModifier_CameraShake.InitializeOffset	Defined|Static|Protected|HasOutParms
SCRIPT	CameraModifier_CameraShake.InitializeShake	Defined|HasOptionalParms|Protected|HasDefaults
SCRIPT	CameraModifier_CameraShake.ReinitShake	Defined|Protected
SCRIPT	CameraModifier_CameraShake.RemoveAllCameraShakes	Defined|Public
SCRIPT	CameraModifier_CameraShake.RemoveCameraShake	Defined|Public
SCRIPT	CameraModifier_CameraShake.RemoveCameraShakesWithOuter	Defined|Public
SCRIPT	CameraModifier.AddCameraModifier	Defined|Public
SCRIPT	CameraModifier.DisableModifier	Defined|Event|HasOptionalParms|Public
SCRIPT	CameraModifier.EnableModifier	Defined|Public
SCRIPT	CameraModifier.RemoveCameraModifier	Defined|Public
SCRIPT	CameraModifier.ToggleModifier	Defined|Public
SCRIPT	CameraShake.GetLocOscillationMagnitude	Defined|Simulated|Public|HasDefaults
SCRIPT	CameraShake.GetRotOscillationMagnitude	Defined|Simulated|Public|HasDefaults
SCRIPT	Canvas.CreateFontRenderInfo	Final|Defined|Static|HasOptionalParms|Public|HasDefaults
SCRIPT	Canvas.DrawBox	Final|Defined|Simulated|Public
SCRIPT	Canvas.DrawDebugGraph	Defined|Public
SCRIPT	Canvas.DrawIcon	Final|Defined|HasOptionalParms|Public
SCRIPT	Canvas.DrawIconSection	Final|Defined|HasOptionalParms|Public
SCRIPT	Canvas.DrawRect	Final|Defined|HasOptionalParms|Public
SCRIPT	Canvas.DrawTextCentered	Final|Defined|HasOptionalParms|Public
SCRIPT	Canvas.DrawTexture	Final|Defined|Public
SCRIPT	Canvas.MakeIcon	Final|Defined|HasOptionalParms|Public|HasDefaults
SCRIPT	Canvas.Reset	Defined|Event|HasOptionalParms|Public
SCRIPT	Canvas.SetClip	Final|Defined|Public
SCRIPT	Canvas.SetOrigin	Final|Defined|Public
SCRIPT	CauseDamageActor.CauseAliceDamage	Defined|Public
SCRIPT	CauseDamageActor.Destroyed	Defined|Simulated|Public
SCRIPT	CauseDamageActor.PostBeginPlay	Defined|Simulated|Event|Public
SCRIPT	CauseDamageActor.StopAliceDamage	Defined|Public
SCRIPT	CauseDamageActor.Tick	Defined|Event|Public
SCRIPT	CauseDamageActor.TickRadiusDamage	Defined|Public
SCRIPT	CauseNPCDamageActor.Destroyed	Defined|Simulated|Public
SCRIPT	CauseNPCDamageActor.InitConfigData	Defined|Public
SCRIPT	CauseNPCDamageActor.IntervalRadiusDamage	Defined|Public
SCRIPT	CauseNPCDamageActor.StartCauseDamage	Defined|Public
SCRIPT	CheatManager.AdvanceFrame	Defined|Exec|Public
SCRIPT	CheatManager.AffectedByHitEffects	Defined|Exec|Public
SCRIPT	CheatManager.Amphibious	Defined|Exec|Public
SCRIPT	CheatManager.Avatar	Defined|Exec|Public
SCRIPT	CheatManager.ChangeSize	Defined|Exec|Public
SCRIPT	CheatManager.DebugPause	Defined|Exec|Public
SCRIPT	CheatManager.DestroyFractures	Defined|Exec|HasOptionalParms|Public
SCRIPT	CheatManager.DumpOnlineSessionState	Defined|Exec|Public
SCRIPT	CheatManager.DumpVoiceMutingState	Defined|Exec|Public|HasDefaults
SCRIPT	CheatManager.EnableDebugCamera	Defined|Public|HasDefaults
SCRIPT	CheatManager.Fly	Defined|Exec|Public
SCRIPT	CheatManager.FractureAllMeshes	Defined|Exec|Public
SCRIPT	CheatManager.FractureAllMeshesToMaximizeMemoryUsage	Defined|Exec|Public
SCRIPT	CheatManager.FreezeFrame	Defined|Exec|Public
SCRIPT	CheatManager.fullhealth	Defined|Exec|Public
SCRIPT	CheatManager.FXPlay	Defined|Exec|Public
SCRIPT	CheatManager.FXStop	Defined|Exec|Public
SCRIPT	CheatManager.Ghost	Defined|Exec|Public
SCRIPT	CheatManager.GiveWeapon	Defined|Exec|Public
SCRIPT	CheatManager.God	Defined|Exec|Public
SCRIPT	CheatManager.KillAll	Defined|Exec|Public
SCRIPT	CheatManager.KillAllPawns	Defined|Public
SCRIPT	CheatManager.KillPawns	Defined|Exec|Public
SCRIPT	CheatManager.KillViewedActor	Defined|Exec|Public
SCRIPT	CheatManager.ListDynamicActors	Defined|Exec|Public
SCRIPT	CheatManager.Loaded	Defined|Exec|Public
SCRIPT	CheatManager.NavMeshVerification	Defined|Exec|HasOptionalParms|Public
SCRIPT	CheatManager.NeverPauseCamera	Defined|Exec|Public
SCRIPT	CheatManager.OnlyLoadLevel	Defined|Exec|Public
SCRIPT	CheatManager.PerfHUD	Defined|Exec|Public
SCRIPT	CheatManager.PlayersOnly	Defined|Exec|Public
SCRIPT	CheatManager.RememberSpot	Defined|Exec|Public
SCRIPT	CheatManager.SafeFrame	Defined|Exec|Public
SCRIPT	CheatManager.SetGravity	Defined|Exec|Public
SCRIPT	CheatManager.SetJumpZ	Defined|Exec|Public
SCRIPT	CheatManager.SetLevelStreamingStatus	Defined|Public
SCRIPT	CheatManager.SetOnlineDebugLevel	Defined|Exec|Public
SCRIPT	CheatManager.SetSpeed	Defined|Exec|Public
SCRIPT	CheatManager.Slomo	Defined|Exec|Public
SCRIPT	CheatManager.StreamLevelIn	Defined|Exec|Public
SCRIPT	CheatManager.StreamLevelOut	Defined|Exec|Public
SCRIPT	CheatManager.Summon	Defined|Exec|Public|HasDefaults
SCRIPT	CheatManager.Teleport	Defined|Exec|Public|HasDefaults
SCRIPT	CheatManager.TestLevel	Defined|Exec|Public
SCRIPT	CheatManager.TestNavMeshPath	Defined|Exec|HasOptionalParms|Public|HasDefaults
SCRIPT	CheatManager.ToggleDebugCamera	Defined|Exec|Public
SCRIPT	CheatManager.ToggleScreenLog	Defined|Exec|Public
SCRIPT	CheatManager.VerbosePathDebug	Defined|Exec|Public|HasDefaults
SCRIPT	CheatManager.ViewActor	Defined|Exec|Public
SCRIPT	CheatManager.ViewBot	Defined|Exec|Public
SCRIPT	CheatManager.ViewClass	Defined|Exec|Public
SCRIPT	CheatManager.ViewFlag	Defined|Exec|Public
SCRIPT	CheatManager.ViewPlayer	Defined|Exec|Public
SCRIPT	CheatManager.ViewSelf	Defined|Exec|HasOptionalParms|Public
SCRIPT	CheatManager.Walk	Defined|Exec|Public
SCRIPT	CheatManager.WriteToLog	Defined|Exec|Public
SCRIPT	CheckPointManager.getChapterUnlocked	Defined|Public
SCRIPT	CheckPointManager.IsChapterUnLocked	Defined|Public
SCRIPT	CheckPointManager.UnLockAllChapter	Defined|Public
SCRIPT	CheshireCatSkeletalMeshActor.DisableAllSkelControl	Defined|Public
SCRIPT	CheshireCatSkeletalMeshActor.Disappear	Defined|Public
SCRIPT	CheshireCatSkeletalMeshActor.GetAnimNodeSlot	Defined|Public
SCRIPT	CheshireCatSkeletalMeshActor.IsPlayingAnimation	Defined|Public
SCRIPT	CheshireCatSkeletalMeshActor.MorphIn	Defined|Public
SCRIPT	CheshireCatSkeletalMeshActor.MorphOut	Defined|Public
SCRIPT	CheshireCatSkeletalMeshActor.PlayCustomAnim	Defined|HasOptionalParms|Public
SCRIPT	CheshireCatSkeletalMeshActor.PostBeginPlay	Defined|Simulated|Event|Public
SCRIPT	CheshireCatSkeletalMeshActor.SetLookAtTarget	Defined|Public
SCRIPT	CheshireCatSkeletalMeshActor.SetSkelControlEnable	Defined|Public
SCRIPT	CheshireCatSpawnPoint.CheshireCatAppear	Defined|Public
SCRIPT	CheshireCatSpawnPoint.Disappear	Defined|Public
SCRIPT	CheshireCatSpawnPoint.GetCheshireCatVolume	Defined|Public
SCRIPT	CheshireCatSpawnPoint.Initialize	Defined|Public
SCRIPT	CheshireCatSpawnPoint.IsInNoHintZone	Defined|Public
SCRIPT	CheshireCatSpawnPoint.IsPlayingHint	Defined|Public
SCRIPT	CheshireCatSpawnPoint.OnCheshireCatDisappear	Defined|Event|Public
SCRIPT	CheshireCatSpawnPoint.OnCheshireCatFadeOut	Defined|Public
SCRIPT	CheshireCatSpawnPoint.OnPlayFaceFXAnimOver	Defined|Public
SCRIPT	CheshireCatSpawnPoint.OnPressHintButton	Defined|Public
SCRIPT	CheshireCatSpawnPoint.OrientToTarget	Defined|Public|HasDefaults
SCRIPT	CheshireCatSpawnPoint.Play	Defined|Public
SCRIPT	CheshireCatSpawnPoint.PlayHint	Defined|Public
SCRIPT	CheshireCatSpawnPoint.PlayHintAnimation	Defined|Public
SCRIPT	CheshireCatSpawnPoint.PlayHintContent	Defined|Public
SCRIPT	CheshireCatSpawnPoint.PlayHintSoundCue	Defined|Public
SCRIPT	CheshireCatSpawnPoint.PlayUltimateHint	Defined|Public
SCRIPT	CheshireCatSpawnPoint.PostBeginPlay	Defined|Event|Public
SCRIPT	CheshireCatSpawnPoint.SetLookAtTarget	Defined|Public
SCRIPT	CheshireCatSpawnPoint.Tick	Defined|Event|Public
SCRIPT	CheshireCatVolume.IsInBox	Defined|Public
SCRIPT	CheshireCatVolume.IsInside	Defined|Public|HasDefaults
SCRIPT	ClockBombContextActor.GetBlendRotationDest	Defined|Public|HasDefaults
SCRIPT	ClockBombContextActor.StartPlayAnimation	Defined|Event|Public
SCRIPT	ColorScaleVolume.Touch	Defined|Event|Public
SCRIPT	ColorScaleVolume.UnTouch	Defined|Event|Public|HasDefaults
SCRIPT	Console.AppendInputText	Defined|Public
SCRIPT	Console.ClearOutput	Defined|Public
SCRIPT	Console.ConsoleCommand	Defined|Public
SCRIPT	Console.FlushPlayerInput	Defined|Public
SCRIPT	Console.Initialized	Defined|Public
SCRIPT	Console.InputChar	Defined|Public
SCRIPT	Console.InputKey	Defined|HasOptionalParms|Public
SCRIPT	Console.IsUIConsoleOpen	Defined|Public
SCRIPT	Console.IsUIMiniConsoleOpen	Defined|Public
SCRIPT	Console.Open.BeginState	Defined|Event|Public
SCRIPT	Console.Open.EndState	Defined|Event|Public
SCRIPT	Console.Open.InputChar	Defined|Public
SCRIPT	Console.Open.InputKey	Defined|HasOptionalParms|Public
SCRIPT	Console.Open.PostRender_Console	Defined|Event|Public
SCRIPT	Console.OutputText	Defined|Event|Public
SCRIPT	Console.OutputTextLine	Defined|Public
SCRIPT	Console.ProcessControlKey	Defined|Public
SCRIPT	Console.PurgeCommandFromHistory	Defined|Public
SCRIPT	Console.SetCursorPos	Defined|Public
SCRIPT	Console.SetInputText	Defined|Public
SCRIPT	Console.StartTyping	Defined|Public
SCRIPT	Console.Typing.BeginState	Defined|Event|Public
SCRIPT	Console.Typing.EndState	Defined|Event|Public
SCRIPT	Console.Typing.InputChar	Defined|Public
SCRIPT	Console.Typing.InputKey	Defined|HasOptionalParms|Public
SCRIPT	Console.Typing.PostRender_Console	Defined|Event|Public
SCRIPT	ConsoleEntry.AddedChild	Defined|Event|Public
SCRIPT	ConsoleEntry.PostInitialize	Defined|Event|Public
SCRIPT	ConsoleEntry.RemovedChild	Defined|Event|HasOptionalParms|Public
SCRIPT	ConsoleEntry.SetupDockingLinks	Defined|Public
SCRIPT	ConsoleEntry.SetValue	Defined|Public
SCRIPT	ContextActor.AdditionalPositionBlending	Defined|Event|Public|HasDefaults
SCRIPT	ContextActor.BeginAnimControl	Defined|Simulated|Event|Public
SCRIPT	ContextActor.CanStartContext	Defined|Public
SCRIPT	ContextActor.ClearBlendingFlags	Defined|Public
SCRIPT	ContextActor.ContextActorPostApplyCheckPoinat	Defined|Public
SCRIPT	ContextActor.CreateEmitter	Defined|Simulated|Public
SCRIPT	ContextActor.CreateSoundComponent	Defined|Simulated|Public
SCRIPT	ContextActor.Destroyed	Defined|Simulated|Event|Public
SCRIPT	ContextActor.EndContextAction	Defined|Public
SCRIPT	ContextActor.ExceedingMaxTriggerTimes	Defined|Public
SCRIPT	ContextActor.ExecuteContextAction	Defined|Event|Public
SCRIPT	ContextActor.FinishAnimControl	Defined|Simulated|Event|Public
SCRIPT	ContextActor.GetBlendPositionDest	Defined|Public|HasDefaults
SCRIPT	ContextActor.GetBlendRotationDest	Defined|Public
SCRIPT	ContextActor.IsAliceDoingContextAction	Defined|Public
SCRIPT	ContextActor.OnAnimEnd	Defined|Event|Public
SCRIPT	ContextActor.OnToggle	Defined|Simulated|Public
SCRIPT	ContextActor.OnToggleContextActor	Defined|Simulated|Public
SCRIPT	ContextActor.PlayActivatedEffects	Defined|Simulated|Public
SCRIPT	ContextActor.PlayAmbientSound	Defined|Simulated|Public
SCRIPT	ContextActor.PlayInactiveEffects	Defined|Simulated|Public
SCRIPT	ContextActor.PlayLoopAnimation	Defined|Simulated|HasOptionalParms|Public
SCRIPT	ContextActor.PlayParticle	Defined|Simulated|HasOptionalParms|Public
SCRIPT	ContextActor.PostBeginPlay	Defined|Simulated|Event|Public
SCRIPT	ContextActor.SetAnimPosition	Defined|Simulated|Event|Public
SCRIPT	ContextActor.ShouldSaveForCheckpoint	Defined|Public
SCRIPT	ContextActor.StartBlendingPosition	Defined|Public
SCRIPT	ContextActor.StartBlendingRotation	Defined|Public
SCRIPT	ContextActor.StartContextAction	Defined|Public
SCRIPT	ContextActor.StartPlayAnimation	Defined|Event|Public
SCRIPT	ContextActor.Touch	Defined|Event|Public
SCRIPT	ContextActor.TriggerInteractiveUI	Defined|Public
SCRIPT	ContextActor.UnTouch	Defined|Event|Public
SCRIPT	Controller.AllowDetourTo	Defined|Event|Public
SCRIPT	Controller.BeginAnimControl	Defined|Simulated|Event|Public
SCRIPT	Controller.CleanupPRI	Defined|Public
SCRIPT	Controller.ClientSetLocation	Defined|Net|NetReliable|Simulated|Public|NetClient
SCRIPT	Controller.ClientSetRotation	Defined|Net|NetReliable|Simulated|HasOptionalParms|Public|NetClient
SCRIPT	Controller.ClientSetWeapon	Defined|Net|NetReliable|Simulated|Public|NetClient
SCRIPT	Controller.ClientSwitchToBestWeapon	Defined|Net|NetReliable|Simulated|HasOptionalParms|Public|NetClient
SCRIPT	Controller.Dead.IsDead	Defined|Public
SCRIPT	Controller.Dead.PawnDied	Defined|Public
SCRIPT	Controller.Dead.ServerRestartPlayer	Defined|Net|NetReliable|Public|NetServer
SCRIPT	Controller.Destroyed	Defined|Event|Public
SCRIPT	Controller.DisplayDebug	Defined|Simulated|Public|HasOutParms
SCRIPT	Controller.EnemyJustTeleported	Defined|Public
SCRIPT	Controller.FinishAnimControl	Defined|Simulated|Event|Public
SCRIPT	Controller.GameHasEnded	Defined|HasOptionalParms|Public
SCRIPT	Controller.GamePlayEndedState	Defined|Public
SCRIPT	Controller.GetActorEyesViewPoint	Defined|Simulated|Event|Public|HasOutParms
SCRIPT	Controller.GetAdjustedAimFor	Defined|Public
SCRIPT	Controller.GetHumanReadableName	Defined|Simulated|Public
SCRIPT	Controller.GetPlayerViewPoint	Defined|Simulated|Event|Public|HasOutParms
SCRIPT	Controller.GetRouteGoalAfter	Defined|Public
SCRIPT	Controller.InitNavigationHandle	Defined|Public
SCRIPT	Controller.InitPlayerReplicationInfo	Defined|Public
SCRIPT	Controller.InstantWarnTarget	Defined|Public
SCRIPT	Controller.InterpolationFinished	Defined|Simulated|Event|Public
SCRIPT	Controller.InterpolationStarted	Defined|Simulated|Event|Public
SCRIPT	Controller.IsAimingAt	Defined|Simulated|Public|HasDefaults
SCRIPT	Controller.IsSpectating	Defined|Event|Public
SCRIPT	Controller.LandingShake	Defined|Simulated|Public
SCRIPT	Controller.MoverFinished	Defined|Event|Public
SCRIPT	Controller.NotifyKilled	Defined|Public
SCRIPT	Controller.NotifyProjLanded	Defined|Public
SCRIPT	Controller.OnModifyHealth	Defined|Simulated|Public
SCRIPT	Controller.OnPossess	Defined|Public
SCRIPT	Controller.OnSetPhysics	Defined|Simulated|Public
SCRIPT	Controller.OnSetVelocity	Defined|Simulated|Public
SCRIPT	Controller.OnTeleport	Defined|Simulated|Public
SCRIPT	Controller.OnToggleAffectedByHitEffects	Defined|Public
SCRIPT	Controller.OnToggleGodMode	Defined|Public
SCRIPT	Controller.OnToggleHidden	Defined|Simulated|Public
SCRIPT	Controller.PawnDied	Defined|Public
SCRIPT	Controller.PlayActorFaceFXAnim	Defined|Event|Public
SCRIPT	Controller.Possess	Defined|Event|Public
SCRIPT	Controller.PostBeginPlay	Defined|Event|Public
SCRIPT	Controller.ReplicatedEvent	Defined|Simulated|Event|Public
SCRIPT	Controller.Reset	Defined|Public
SCRIPT	Controller.Restart	Defined|Public
SCRIPT	Controller.RoundEnded.BeginState	Defined|Event|Public
SCRIPT	Controller.RoundEnded.GamePlayEndedState	Defined|Public
SCRIPT	Controller.RoundHasEnded	Defined|HasOptionalParms|Public
SCRIPT	Controller.ServerRestartPlayer	Defined|Net|NetReliable|Public|NetServer
SCRIPT	Controller.SetAnimPosition	Defined|Simulated|Event|Public
SCRIPT	Controller.SetGodMode	Defined|Public
SCRIPT	Controller.SetMorphWeight	Defined|Event|Public
SCRIPT	Controller.SetSkelControlScale	Defined|Event|Public
SCRIPT	Controller.StopActorFaceFXAnim	Defined|Event|Public
SCRIPT	Controller.StopFiring	Defined|Event|Public
SCRIPT	Controller.SwitchToBestWeapon	Defined|Exec|HasOptionalParms|Public
SCRIPT	Controller.UnPossess	Defined|Event|Public
SCRIPT	Controller.UpdateSex	Defined|Public
SCRIPT	Controller.WaitForMover	Defined|Public
SCRIPT	CoverGroup.OnToggle	Defined|Simulated|Public
SCRIPT	CoverLink.AllowLeftTransition	Final|Defined|Simulated|Public
SCRIPT	CoverLink.AllowRightTransition	Final|Defined|Simulated|Public
SCRIPT	CoverLink.Claim	Final|Defined|Simulated|Event|Public
SCRIPT	CoverLink.GetDebugAbbrev	Defined|Simulated|Event|Public
SCRIPT	CoverLink.GetDebugString	Final|Defined|Simulated|Event|Public
SCRIPT	CoverLink.GetSwatTurnTarget	Defined|Simulated|Public|HasOutParms
SCRIPT	CoverLink.IsStationarySlot	Final|Defined|Simulated|Public
SCRIPT	CoverLink.NotifySlotOwnerCoverDisabled	Defined|Simulated|Public
SCRIPT	CoverLink.OnModifyCover	Defined|Public
SCRIPT	CoverLink.OnToggle	Defined|Public
SCRIPT	CoverLink.SetDisabled	Defined|Simulated|Event|Public
SCRIPT	CoverLink.SetInvalidUntil	Final|Defined|Simulated|Event|Public
SCRIPT	CoverLink.SetSlotEnabled	Defined|Simulated|Event|Public
SCRIPT	CoverLink.ShutDown	Defined|Simulated|Event|Public
SCRIPT	CoverLink.Tick	Defined|Simulated|Event|Public|HasDefaults
SCRIPT	CoverLink.UnClaim	Final|Defined|Simulated|Event|Public
SCRIPT	CoverReplicator.ClientReceiveAdjustedSlots	Defined|Net|NetReliable|Simulated|Public|NetClient
SCRIPT	CoverReplicator.ClientReceiveDisabledSlots	Defined|Net|NetReliable|Simulated|Public|NetClient
SCRIPT	CoverReplicator.ClientReceiveEnabledSlots	Defined|Net|NetReliable|Simulated|Public|NetClient
SCRIPT	CoverReplicator.ClientReceiveInitialCoverReplicationInfo	Defined|Net|NetReliable|Simulated|Public|NetClient
SCRIPT	CoverReplicator.ClientReceiveLinkDisabledState	Defined|Net|NetReliable|Simulated|Public|NetClient
SCRIPT	CoverReplicator.ClientReceiveManualCoverTypeSlots	Defined|Net|NetReliable|Simulated|Public|NetClient
SCRIPT	CoverReplicator.ClientSetOwner	Defined|Net|NetReliable|Simulated|Public|NetClient
SCRIPT	CoverReplicator.NotifyAutoAdjustSlots	Defined|Public|HasOutParms
SCRIPT	CoverReplicator.NotifyDisabledSlots	Defined|Public|HasOutParms
SCRIPT	CoverReplicator.NotifyEnabledSlots	Defined|Public|HasOutParms
SCRIPT	CoverReplicator.NotifyLinkDisabledStateChange	Defined|Public
SCRIPT	CoverReplicator.NotifySetManualCoverTypeForSlots	Defined|Public|HasOutParms
SCRIPT	CoverReplicator.PurgeOldEntries	Defined|Public
SCRIPT	CoverReplicator.ReplicateInitialCoverInfo	Defined|Public
SCRIPT	CoverReplicator.ServerSendAdjustedSlots	Defined|Net|NetReliable|Public|NetServer
SCRIPT	CoverReplicator.ServerSendDisabledSlots	Defined|Net|NetReliable|Public|NetServer
SCRIPT	CoverReplicator.ServerSendEnabledSlots	Defined|Net|NetReliable|Public|NetServer
SCRIPT	CoverReplicator.ServerSendInitialCoverReplicationInfo	Defined|Net|NetReliable|Public|NetServer|HasDefaults
SCRIPT	CoverReplicator.ServerSendLinkDisabledState	Defined|Net|NetReliable|Public|NetServer
SCRIPT	CoverReplicator.ServerSendManualCoverTypeSlots	Defined|Net|NetReliable|Public|NetServer|HasDefaults
SCRIPT	CoverSlotMarker.GetDebugAbbrev	Defined|Simulated|Event|Public
SCRIPT	CoverSlotMarker.GetDebugString	Final|Defined|Simulated|Event|Public
SCRIPT	CurrentGameDataStore.AddPlayerDataProvider	Final|Defined|Public
SCRIPT	CurrentGameDataStore.AddTeamDataProvider	Final|Defined|Public
SCRIPT	CurrentGameDataStore.ClearDataProviders	Final|Defined|Public
SCRIPT	CurrentGameDataStore.CreateGameDataProvider	Final|Defined|Public
SCRIPT	CurrentGameDataStore.FindPlayerDataProviderIndex	Final|Defined|Public
SCRIPT	CurrentGameDataStore.FindTeamDataProviderIndex	Final|Defined|Public
SCRIPT	CurrentGameDataStore.GetPlayerDataProvider	Final|Defined|Public
SCRIPT	CurrentGameDataStore.GetTeamDataProvider	Final|Defined|Public
SCRIPT	CurrentGameDataStore.NotifyGameSessionEnded	Defined|Public
SCRIPT	CurrentGameDataStore.NotifyPlayersChanged	Defined|Public
SCRIPT	CurrentGameDataStore.NotifyTeamChange	Defined|Public
SCRIPT	CurrentGameDataStore.PlayerDataProviderPropertyChange	Defined|HasOptionalParms|Public
SCRIPT	CurrentGameDataStore.RefreshPlayerDataProviders	Defined|Public
SCRIPT	CurrentGameDataStore.RefreshTeamDataProviders	Defined|Public
SCRIPT	CurrentGameDataStore.RemovePlayerDataProvider	Final|Defined|Public
SCRIPT	CurrentGameDataStore.RemoveTeamDataProvider	Final|Defined|Public
SCRIPT	CurrentGameDataStore.TeamDataProviderPropertyChange	Defined|HasOptionalParms|Public
SCRIPT	CurrentGameDataStore.Timer	Defined|Public
SCRIPT	CycleFloatIndicatorManager.startEffect	Defined|Public|HasDefaults
SCRIPT	CycleFloatIndicatorManager.stopEffect	Defined|Public
SCRIPT	CycleFloatIndicatorManager.Update	Defined|Public|HasDefaults
SCRIPT	DamageType.VehicleDamageScalingFor	Defined|Static|Public
SCRIPT	DamageVolume.CausePainTo	Defined|Public|HasDefaults
SCRIPT	DamageVolume.getDamageSound	Defined|Public
SCRIPT	DamageVolume.PostBeginPlay	Defined|Simulated|Event|Public
SCRIPT	DamageVolume.SetKnockBackPara	Defined|Public|HasDefaults
SCRIPT	DataStoreClient.DebugDumpDataStoreInfo	Final|Defined|Public
SCRIPT	DataStoreClient.FindDataStoreClass	Final|Defined|Public
SCRIPT	DataStoreClient.GetPlayerDataStoreClasses	Final|Defined|Public|HasOutParms
SCRIPT	DataStoreClient.NotifyGameSessionEnded	Final|Defined|Event|Public
SCRIPT	DebugCameraController.DisableDebugCamera	Defined|Public
SCRIPT	DebugCameraController.MoreSpeed	Defined|Exec|Public
SCRIPT	DebugCameraController.NativeInputKey	Defined|HasOptionalParms|Public|HasDefaults
SCRIPT	DebugCameraController.NormalSpeed	Defined|Exec|Public
SCRIPT	DebugCameraController.OnActivate	Defined|Public
SCRIPT	DebugCameraController.OnDeactivate	Defined|Public
SCRIPT	DebugCameraController.PlayerWaiting.PlayerMove	Defined|Public
SCRIPT	DebugCameraController.PostBeginPlay	Defined|Simulated|Event|Public
SCRIPT	DebugCameraController.SetFreezeRendering	Defined|Exec|Public
SCRIPT	DebugCameraController.ShowDebugSelectedInfo	Defined|Exec|Public
SCRIPT	DebugCameraHUD.DisplayMaterials	Defined|Public|HasOutParms
SCRIPT	DebugCameraHUD.PostBeginPlay	Defined|Simulated|Event|Public
SCRIPT	DebugCameraHUD.PostRender	Defined|Event|Public|HasDefaults
SCRIPT	DebugCameraInput.InputKey	Defined|HasOptionalParms|Public
SCRIPT	DecalActor.CreateAndSetSonarMat	Defined|Public
SCRIPT	DecalActor.Destroyed	Defined|Simulated|Event|Public
SCRIPT	DecalActor.PostBeginPlay	Defined|Simulated|Event|Public
SCRIPT	DecalActor.setSonarActor	Defined|Public
SCRIPT	DecalActor.Tick	Defined|Event|Public
SCRIPT	DecalManager.CanSpawnDecals	Defined|Public
SCRIPT	DecalManager.DecalFinished	Defined|Event|Public
SCRIPT	DecalManager.GetPooledComponent	Defined|Protected
SCRIPT	DecalManager.SetDecalParameters	Final|Defined|Static|Public
SCRIPT	DecalManager.SpawnDecal	Defined|HasOptionalParms|Public|HasDefaults
SCRIPT	DefaultPhysicsVolume.Destroyed	Defined|Event|Public
SCRIPT	DirectionalLightComponent.OnUpdatePropertyBrightness	Defined|Public
SCRIPT	DirectionalLightComponent.OnUpdatePropertyLightColor	Defined|Public
SCRIPT	DollMakerProjectile.Explode	Defined|Simulated|HasOptionalParms|Public
SCRIPT	DollMakerProjectile.HitWall	Defined|Singular|Simulated|Event|Public
SCRIPT	DollMakerProjectile.SpawnCauseDamageActor	Defined|Public
SCRIPT	DoomBarrierActor.FinishedState.BeginState	Defined|Event|Public
SCRIPT	DoomBarrierActor.FinishedState.EndState	Defined|Event|Public
SCRIPT	DoomBarrierActor.FinishedState.Tick	Defined|Event|Public
SCRIPT	DoomBarrierActor.IdleState.BeginState	Defined|Event|Public
SCRIPT	DoomBarrierActor.IdleState.Tick	Defined|Event|Public
SCRIPT	DoomBarrierActor.IsAliveAndWell	Defined|Public
SCRIPT	DoomBarrierActor.OnToggle	Defined|Simulated|Public
SCRIPT	DoomBarrierActor.PostBeginPlay	Defined|Simulated|Event|Public
SCRIPT	DoomBarrierActor.SetAnimation	Defined|Public
SCRIPT	DoomBarrierActor.TakeDamage	Defined|Event|HasOptionalParms|Public
SCRIPT	DoomBarrierActor.VulnerableState.BeginState	Defined|Event|Public
SCRIPT	DoomBarrierActor.VulnerableState.Tick	Defined|Event|Public
SCRIPT	DoomGameBreakableActor.ApplyCheckpointRecord	Defined|Public|HasOutParms
SCRIPT	DoomGameBreakableActor.BeginChangeMaterial	Defined|Public
SCRIPT	DoomGameBreakableActor.ChangingMaterail	Defined|Public
SCRIPT	DoomGameBreakableActor.EndChangeMaterial	Defined|Public
SCRIPT	DoomGameBreakableActor.GetIsBreakAble	Defined|Public
SCRIPT	DoomGameBreakableActor.OnToggleDoomGameBreakable	Defined|Simulated|Event|Public
SCRIPT	DoomGameBreakableActor.PostBeginPlay	Defined|Simulated|Event|Public
SCRIPT	DoomGameBreakableActor.TakeDamage	Defined|Event|HasOptionalParms|Public
SCRIPT	DoomGameBreakableActor.TakeRadiusDamage	Defined|Simulated|HasOptionalParms|Public
SCRIPT	DoomGameBreakableActor.Tick	Defined|Event|Public
SCRIPT	DoomGameBreakableActor.UpdateAfterAcceptPersistentDate	Defined|Event|Public
SCRIPT	DoorMarker.MoverClosed	Defined|Public
SCRIPT	DoorMarker.MoverOpened	Defined|Public
SCRIPT	DoorMarker.PostBeginPlay	Defined|Event|Public
SCRIPT	DoorMarker.ProceedWithMove	Defined|Public
SCRIPT	DoorMarker.SpecialHandling	Defined|Event|Public
SCRIPT	DoorMarker.SuggestMovePreparation	Defined|Event|Public
SCRIPT	DropItemsFactory.DropPickupsForGBA	Defined|HasOptionalParms|Public
SCRIPT	DropItemsFactory.DropPickupsForNPC	Defined|HasOptionalParms|Public
SCRIPT	DropItemsFactory.GetGBADropXPValue	Defined|Public
SCRIPT	DropItemsFactory.GetHealthByProbability	Defined|Public
SCRIPT	DropItemsFactory.GetNPCDropXPValue	Defined|Public
SCRIPT	DropItemsFactory.GetSmartDropHPValue	Defined|Public
SCRIPT	DropItemsFactory.PostBeginPlay	Defined|Simulated|Event|Public
SCRIPT	DropItemsFactory.ResetProbabilityArray	Defined|Public
SCRIPT	DropItemsFactory.SetHealthArchetype	Defined|Public
SCRIPT	DropItemsFactory.SetXPArchetype	Defined|Public
SCRIPT	DropItemsFactory.SpawnPickups	Defined|HasOptionalParms|Public|HasDefaults
SCRIPT	DroppedPickup.Destroyed	Defined|Event|Public
SCRIPT	DroppedPickup.DetourWeight	Defined|Public
SCRIPT	DroppedPickup.EncroachedBy	Defined|Event|Public
SCRIPT	DroppedPickup.FadeOut.BeginState	Defined|Simulated|Event|Public
SCRIPT	DroppedPickup.GiveTo	Defined|Public
SCRIPT	DroppedPickup.Landed	Defined|Event|Public
SCRIPT	DroppedPickup.PickedUpBy	Defined|Public
SCRIPT	DroppedPickup.Pickup.BeginState	Defined|Event|Public
SCRIPT	DroppedPickup.Pickup.CheckTouching	Defined|Public
SCRIPT	DroppedPickup.Pickup.EndState	Defined|Event|Public
SCRIPT	DroppedPickup.Pickup.RecheckValidTouch	Defined|Public
SCRIPT	DroppedPickup.Pickup.Timer	Defined|Event|Public
SCRIPT	DroppedPickup.Pickup.Touch	Defined|Event|Public
SCRIPT	DroppedPickup.Pickup.ValidTouch	Defined|Public
SCRIPT	DroppedPickup.ReplicatedEvent	Defined|Simulated|Event|Public
SCRIPT	DroppedPickup.Reset	Defined|Public
SCRIPT	DroppedPickup.SetPickupMesh	Defined|Simulated|Event|Public
SCRIPT	DroppedPickup.SetPickupParticles	Defined|Simulated|Event|Public
SCRIPT	DynamicBlockingVolume.ApplyCheckpointRecord	Defined|Public|HasOutParms
SCRIPT	DynamicBlockingVolume.CreateCheckpointRecord	Defined|Public|HasOutParms
SCRIPT	DynamicBlockingVolume.OnChangeCollision	Defined|Public
SCRIPT	DynamicBlockingVolume.OnToggle	Defined|Simulated|Public
SCRIPT	DynamicBlockingVolume.PostBeginPlay	Defined|Simulated|Event|Public
SCRIPT	DynamicBlockingVolume.UpdateAfterAcceptPersistentDate	Defined|Event|Public
SCRIPT	DynamicPhysicsVolume.PostBeginPlay	Defined|Simulated|Event|Public
SCRIPT	DynamicPylon.PostBeginPlay	Defined|Public
SCRIPT	DynamicPylon.StartedMoving	Defined|Event|Public
SCRIPT	DynamicPylon.StoppedMoving	Defined|Event|Public
SCRIPT	DynamicSMActor.Attach	Defined|Event|Public
SCRIPT	DynamicSMActor.CanBasePawn	Defined|Simulated|Public
SCRIPT	DynamicSMActor.Detach	Defined|Event|Public
SCRIPT	DynamicSMActor.OnSetMaterial	Defined|Public
SCRIPT	DynamicSMActor.OnSetMesh	Defined|Public
SCRIPT	DynamicSMActor.PostBeginPlay	Defined|Event|Public
SCRIPT	DynamicSMActor.ReplicatedEvent	Defined|Simulated|Event|Public
SCRIPT	DynamicSMActor.SetLightEnvironmentToNotBeDynamic	Final|Defined|Simulated|Public
SCRIPT	DynamicSMActor.SetStaticMesh	Defined|HasOptionalParms|Public
SCRIPT	DynamicTriggerVolume.PostBeginPlay	Defined|Simulated|Event|Public
SCRIPT	Emitter.ApplyCheckpointRecord	Defined|Public|HasOutParms
SCRIPT	Emitter.CreateCheckpointRecord	Defined|Public|HasOutParms
SCRIPT	Emitter.OnParticleSystemFinished	Defined|Simulated|Public
SCRIPT	Emitter.OnSetParticleSysParam	Defined|Simulated|Public
SCRIPT	Emitter.OnToggle	Defined|Public
SCRIPT	Emitter.PostBeginPlay	Defined|Simulated|Event|Public
SCRIPT	Emitter.ReplicatedEvent	Defined|Simulated|Event|Public
SCRIPT	Emitter.SetActorParameter	Defined|Simulated|Public
SCRIPT	Emitter.SetColorParameter	Defined|Simulated|Public
SCRIPT	Emitter.SetExtColorParameter	Defined|Simulated|Public|HasDefaults
SCRIPT	Emitter.SetFloatParameter	Defined|Simulated|Public
SCRIPT	Emitter.SetVectorParameter	Defined|Simulated|Public
SCRIPT	Emitter.ShouldSaveForCheckpoint	Defined|Public
SCRIPT	Emitter.ShutDown	Defined|Simulated|Public
SCRIPT	EmitterCameraLensEffectBase.ActivateLensEffect	Defined|Simulated|Public
SCRIPT	EmitterCameraLensEffectBase.Destroyed	Defined|Public
SCRIPT	EmitterCameraLensEffectBase.PostBeginPlay	Defined|Simulated|Public
SCRIPT	EmitterCameraLensEffectBase.RegisterCamera	Defined|Public
SCRIPT	EmitterPool.OnParticleSystemFinished	Defined|Public
SCRIPT	EmitterPool.SpawnEmitter	Defined|HasOptionalParms|Public
SCRIPT	EmitterPool.SpawnEmitterCustomLifetime	Defined|Public
SCRIPT	EmitterPool.SpawnEmitterMeshAttachment	Defined|HasOptionalParms|Public
SCRIPT	EmitterSpawnable.ReplicatedEvent	Defined|Simulated|Event|Public
SCRIPT	EmitterSpawnable.SetTemplate	Defined|Simulated|Event|HasOptionalParms|Public
SCRIPT	EyeStaff.Active.BeginState	Defined|Simulated|Event|Public
SCRIPT	EyeStaff.AliceWeaponRangeFire.EndState	Defined|Simulated|Event|Public
SCRIPT	EyeStaff.AliceWeaponRangeFire.ReleaseFireButton	Defined|Simulated|Public
SCRIPT	EyeStaff.AliceWeaponRangeFire.TapCheckTimer	Defined|Simulated|Public
SCRIPT	EyeStaff.AliceWeaponRangeFire.TimeWeaponFiring	Defined|Simulated|Public
SCRIPT	EyeStaff.AllowSwitchOtherWeapon	Defined|Public
SCRIPT	EyeStaff.CanFire	Defined|Public
SCRIPT	EyeStaff.CauseMuzzleFlashLight	Defined|Simulated|Event|Public|HasDefaults
SCRIPT	EyeStaff.ChangeDLCData	Defined|Simulated|Public
SCRIPT	EyeStaff.ChangeLevelData	Defined|Simulated|Public
SCRIPT	EyeStaff.DoubleTapsFire	Defined|Public
SCRIPT	EyeStaff.FireAmmunition	Defined|Simulated|Public
SCRIPT	EyeStaff.forceUpdateAmmoUI	Defined|Public
SCRIPT	EyeStaff.GetAdjustedAim	Defined|Simulated|Public|HasDefaults
SCRIPT	EyeStaff.GetDLCWeaponFlag	Defined|Simulated|Public
SCRIPT	EyeStaff.GetMuzzleLightLoc	Defined|Simulated|Public|HasDefaults
SCRIPT	EyeStaff.HandleFinishedFiring	Defined|Simulated|Public
SCRIPT	EyeStaff.IsFiring	Defined|Simulated|Event|Public
SCRIPT	EyeStaff.NormalFire	Defined|Public|HasDefaults
SCRIPT	EyeStaff.NormalFireState.BeginState	Defined|Simulated|Event|Public
SCRIPT	EyeStaff.NormalFireState.EndState	Defined|Simulated|Event|Public
SCRIPT	EyeStaff.NormalFireState.MiniFireTimeOver	Defined|Public
SCRIPT	EyeStaff.NormalFireState.RefireCheckTimer	Defined|Simulated|Public
SCRIPT	EyeStaff.NormalFireState.ReleaseFireButton	Defined|Simulated|Public
SCRIPT	EyeStaff.NormalFireState.TryPutDown	Defined|Simulated|Public
SCRIPT	EyeStaff.NotifyFireSpecialMoveFinished	Defined|Simulated|Public
SCRIPT	EyeStaff.OnOverHeatTimeOver	Defined|Public
SCRIPT	EyeStaff.PlayGrindSound	Defined|Public
SCRIPT	EyeStaff.PlayTriggerOnSound	Defined|Public
SCRIPT	EyeStaff.PlayWindDownSound	Defined|Public
SCRIPT	EyeStaff.PlayWindUpSound	Defined|Public
SCRIPT	EyeStaff.PostBeginPlay	Defined|Simulated|Public
SCRIPT	EyeStaff.PressFireButton	Defined|Simulated|Public
SCRIPT	EyeStaff.ReleaseFireButton	Defined|Simulated|Public
SCRIPT	EyeStaff.ResetWeaponAfterChangeLevel	Defined|Public
SCRIPT	EyeStaff.StartFire	Defined|Simulated|Public
SCRIPT	EyeStaff.UpdateAmmoUI	Defined|Public
SCRIPT	EyeStaff.WeaponEmpty	Defined|Simulated|Public
SCRIPT	EyeStaff.WeaponEquipping.WeaponEquipped	Defined|Simulated|Public
SCRIPT	EyeStaff.WeaponOverHeatState.BeginState	Defined|Simulated|Event|Public
SCRIPT	EyeStaff.WeaponOverHeatState.PressFireButton	Defined|Simulated|Public
SCRIPT	EyeStaff.WeaponOverHeatState.ReleaseFireButton	Defined|Simulated|Public
SCRIPT	EyeStaff.WeaponOverHeatState.Tick	Defined|Event|Public
SCRIPT	EyeStaff.WeaponOverHeatState.TryPutDown	Defined|Simulated|Public
SCRIPT	EyeStaff.WindUpState.BeginState	Defined|Simulated|Event|Public
SCRIPT	EyeStaff.WindUpState.EndState	Defined|Simulated|Event|Public
SCRIPT	EyeStaff.WindUpState.ReleaseFireButton	Defined|Simulated|Public
SCRIPT	EyeStaff.WindUpState.WindUpTimer	Defined|Public
SCRIPT	FailedConnect.GetFailSwitch	Defined|Static|Public
SCRIPT	FailedConnect.GetString	Defined|Static|HasOptionalParms|Public
SCRIPT	FileLog.CloseLog	Defined|Public
SCRIPT	FileLog.OpenLog	Defined|HasOptionalParms|Public
SCRIPT	FileWriter.Destroyed	Defined|Event|Public
SCRIPT	FishNodeActor.GetHitState.BeginState	Defined|Event|Public
SCRIPT	FishNodeActor.GetHitState.EndState	Defined|Event|Public
SCRIPT	FishNodeActor.GetHitState.Tick	Defined|Event|Public
SCRIPT	FishNodeActor.OffIdleState.BeginState	Defined|Event|Public
SCRIPT	FishNodeActor.OnIdleState.BeginState	Defined|Event|Public
SCRIPT	FishNodeActor.TakeDamage	Defined|Event|HasOptionalParms|Public
SCRIPT	FloatingMine.Explode	Defined|Public
SCRIPT	FloatingMine.OnToggle	Defined|Simulated|Public
SCRIPT	FloatingMine.PlayMineExplodeEffect	Defined|Public
SCRIPT	FloatingMine.Tick	Defined|Event|Public
SCRIPT	FluidInfluenceActor.OnToggle	Defined|Simulated|Public
SCRIPT	FluidInfluenceActor.ReplicatedEvent	Defined|Simulated|Event|Public
SCRIPT	FluidSurfaceActor.TakeDamage	Defined|Simulated|Event|HasOptionalParms|Public
SCRIPT	FluidSurfaceActor.Touch	Defined|Simulated|Event|Public
SCRIPT	FogVolumeDensityInfo.ApplyCheckpointRecord	Defined|Public|HasOutParms
SCRIPT	FogVolumeDensityInfo.CreateCheckpointRecord	Defined|Public|HasOutParms
SCRIPT	FogVolumeDensityInfo.OnToggle	Defined|Simulated|Public
SCRIPT	FogVolumeDensityInfo.PostBeginPlay	Defined|Event|Public
SCRIPT	FogVolumeDensityInfo.ReplicatedEvent	Defined|Simulated|Event|Public
SCRIPT	FogVolumeDensityInfo.ShouldSaveForCheckpoint	Defined|Public
SCRIPT	ForceFeedbackManager.PauseWaveform	Defined|Simulated|HasOptionalParms|Public
SCRIPT	ForceFeedbackManager.PlayForceFeedbackWaveform	Defined|Simulated|Public
SCRIPT	ForceFeedbackManager.StopForceFeedbackWaveform	Defined|Simulated|HasOptionalParms|Public
SCRIPT	ForceFieldShapeBox.FillByBox	Defined|Event|Public
SCRIPT	ForceFieldShapeBox.FillByCapsule	Defined|Event|Public
SCRIPT	ForceFieldShapeBox.FillByCylinder	Defined|Event|Public
SCRIPT	ForceFieldShapeBox.FillBySphere	Defined|Event|Public
SCRIPT	ForceFieldShapeBox.GetDrawComponent	Defined|Event|Public
SCRIPT	ForceFieldShapeBox.GetRadii	Defined|Event|Public
SCRIPT	ForceFieldShapeCapsule.FillByBox	Defined|Event|Public
SCRIPT	ForceFieldShapeCapsule.FillByCapsule	Defined|Event|Public
SCRIPT	ForceFieldShapeCapsule.FillByCylinder	Defined|Event|Public
SCRIPT	ForceFieldShapeCapsule.FillBySphere	Defined|Event|Public
SCRIPT	ForceFieldShapeCapsule.GetDrawComponent	Defined|Event|Public
SCRIPT	ForceFieldShapeCapsule.GetHeight	Defined|Event|Public
SCRIPT	ForceFieldShapeCapsule.GetRadius	Defined|Event|Public
SCRIPT	ForceFieldShapeSphere.FillByBox	Defined|Event|Public
SCRIPT	ForceFieldShapeSphere.FillByCapsule	Defined|Event|Public
SCRIPT	ForceFieldShapeSphere.FillByCylinder	Defined|Event|Public
SCRIPT	ForceFieldShapeSphere.FillBySphere	Defined|Event|Public
SCRIPT	ForceFieldShapeSphere.GetDrawComponent	Defined|Event|Public
SCRIPT	ForceFieldShapeSphere.GetRadius	Defined|Event|Public
SCRIPT	FracturedStaticMeshActor.Explode	Defined|Simulated|Event|Public|HasDefaults
SCRIPT	FracturedStaticMeshActor.FractureEffectIsRelevant	Defined|Simulated|Public|HasOutParms
SCRIPT	FracturedStaticMeshActor.HideFragmentsToMaximizeMemoryUsage	Defined|Simulated|Event|Public
SCRIPT	FracturedStaticMeshActor.HideOneFragment	Defined|Simulated|Event|Public
SCRIPT	FracturedStaticMeshActor.IsFracturedByDamageType	Defined|Simulated|Public
SCRIPT	FracturedStaticMeshActor.PostBeginPlay	Defined|Simulated|Event|Public
SCRIPT	FracturedStaticMeshActor.SetLoseChunkReplacementMaterial	Defined|Simulated|Public
SCRIPT	FracturedStaticMeshActor.TakeDamage	Defined|Simulated|Event|HasOptionalParms|Public|HasDefaults
SCRIPT	FracturedStaticMeshPart.BreakOffPartsInRadius	Defined|Simulated|Event|Public
SCRIPT	FracturedStaticMeshPart.Explode	Defined|Simulated|Event|Public
SCRIPT	FracturedStaticMeshPart.FellOutOfWorld	Defined|Simulated|Event|Public
SCRIPT	FracturedStaticMeshPart.TakeDamage	Defined|Simulated|Event|HasOptionalParms|Public
SCRIPT	FracturedStaticMeshPart.TryToCleanUp	Defined|Simulated|Public
SCRIPT	FractureManager.CleanUpFSMParts	Final|Defined|Simulated|Public
SCRIPT	FractureManager.Destroyed	Defined|Simulated|Event|Public
SCRIPT	FractureManager.PreBeginPlay	Defined|Simulated|Event|Public
SCRIPT	FractureManager.ReturnPartActor	Defined|Simulated|Event|Public
SCRIPT	FractureManager.SpawnChunkDestroyEffect	Defined|Simulated|Event|Public|HasDefaults
SCRIPT	FractureManager.SpawnDeferredParts	Defined|Simulated|Public
SCRIPT	FractureManager.SpawnPartActor	Defined|Simulated|Event|Public
SCRIPT	FractureManager.Tick	Defined|Simulated|Public
SCRIPT	GameAICommand.AllowStateTransitionTo	Defined|Public
SCRIPT	GameAICommand.AllowTransitionTo	Defined|Public
SCRIPT	GameAICommand.DebugState.BeginState	Defined|Public
SCRIPT	GameAICommand.DebugState.ContinuedState	Defined|Public
SCRIPT	GameAICommand.DebugState.EndState	Defined|Public
SCRIPT	GameAICommand.DebugState.PausedState	Defined|Public
SCRIPT	GameAICommand.DebugState.PoppedState	Defined|Public
SCRIPT	GameAICommand.DebugState.PushedState	Defined|Public
SCRIPT	GameAICommand.GetDumpString	Defined|Event|Public
SCRIPT	GameAICommand.InitCommand	Defined|Static|Public
SCRIPT	GameAICommand.InitCommandUserActor	Defined|Static|Public
SCRIPT	GameAICommand.InternalPaused	Final|Defined|Event|Public
SCRIPT	GameAICommand.InternalPopped	Defined|Event|Public
SCRIPT	GameAICommand.InternalPrePushed	Final|Defined|Event|Public
SCRIPT	GameAICommand.InternalPushed	Final|Defined|Event|Public
SCRIPT	GameAICommand.InternalResumed	Final|Defined|Event|Public
SCRIPT	GameAICommand.InternalTick	Final|Defined|Event|Public
SCRIPT	GameAICommand.Paused	Defined|Public
SCRIPT	GameAICommand.Popped	Defined|Public
SCRIPT	GameAICommand.Pushed	Defined|Public
SCRIPT	GameAICommand.Resumed	Defined|Public
SCRIPT	GameAIController.AILog_Internal	Defined|Event|HasOptionalParms|Public
SCRIPT	GameAIController.DebugState.BeginState	Defined|Public
SCRIPT	GameAIController.DebugState.ContinuedState	Defined|Public
SCRIPT	GameAIController.DebugState.EndState	Defined|Public
SCRIPT	GameAIController.DebugState.PausedState	Defined|Public
SCRIPT	GameAIController.DebugState.PoppedState	Defined|Public
SCRIPT	GameAIController.DebugState.PushedState	Defined|Public
SCRIPT	GameAIController.Destroyed	Defined|Event|Public
SCRIPT	GameAIController.GetActionString	Final|Defined|Simulated|Event|Public
SCRIPT	GameAIController.SetDesiredRotation	Defined|HasOptionalParms|Public
SCRIPT	GameBreakableActor.ApplyCheckpointRecord	Defined|Public|HasOutParms
SCRIPT	GameBreakableActor.BreakLastApart	Defined|Public|HasDefaults
SCRIPT	GameBreakableActor.BreakStepApart	Defined|Public|HasDefaults
SCRIPT	GameBreakableActor.CheckWakeStackedObjects	Defined|HasOptionalParms|Public|HasDefaults
SCRIPT	GameBreakableActor.CreateCheckpointRecord	Defined|Public|HasOutParms
SCRIPT	GameBreakableActor.DropPickups	Defined|Public
SCRIPT	GameBreakableActor.GetAutoTargetPriority	Defined|Simulated|Public
SCRIPT	GameBreakableActor.GetIsBreakAble	Defined|Public
SCRIPT	GameBreakableActor.GetManualHPAmount	Defined|Public
SCRIPT	GameBreakableActor.GetManualXPAmount	Defined|Public
SCRIPT	GameBreakableActor.HideAndDestroy	Defined|Public
SCRIPT	GameBreakableActor.HideBActor	Defined|Public
SCRIPT	GameBreakableActor.OnLockedOn	Defined|Public
SCRIPT	GameBreakableActor.OnNotLockedOn	Defined|Public
SCRIPT	GameBreakableActor.OnToggleHidden	Defined|Simulated|Public
SCRIPT	GameBreakableActor.OnToggleSpawnXPAndHP	Defined|Simulated|Event|Public
SCRIPT	GameBreakableActor.PawnSubObjects	Defined|Public|HasDefaults
SCRIPT	GameBreakableActor.PostBeginPlay	Defined|Simulated|Event|Public
SCRIPT	GameBreakableActor.Reset	Defined|Simulated|Public
SCRIPT	GameBreakableActor.RigidBodyCollision	Defined|Event|Public|HasOutParms
SCRIPT	GameBreakableActor.ShouldHideLockOnUI	Defined|Public
SCRIPT	GameBreakableActor.TakeDamage	Defined|Event|HasOptionalParms|Public
SCRIPT	GameBreakableActor.TakeLastDamage	Defined|Public
SCRIPT	GameBreakableActor.TakeRadiusDamage	Defined|Simulated|HasOptionalParms|Public|HasDefaults
SCRIPT	GameBreakableActor.TakeStepDamage	Defined|Public
SCRIPT	GameBreakableActor.UpdateAfterAcceptPersistentDate	Defined|Event|Public
SCRIPT	GameBreakableActor.WakeFromOtherBreakable	Defined|Public
SCRIPT	GameCameraBase.ResetInterpolation	Defined|Public
SCRIPT	GameCrowdAgent.ActivateBehavior	Defined|Event|Public
SCRIPT	GameCrowdAgent.ActivateInstancedBehavior	Defined|Public
SCRIPT	GameCrowdAgent.CalcCamera	Defined|Simulated|Public|HasOutParms|HasDefaults
SCRIPT	GameCrowdAgent.Destroyed	Defined|Simulated|Public
SCRIPT	GameCrowdAgent.DisplayDebug	Defined|Simulated|Public|HasOutParms
SCRIPT	GameCrowdAgent.FellOutOfWorld	Defined|Simulated|Event|Public
SCRIPT	GameCrowdAgent.FireDeathEvent	Defined|Simulated|Event|Public
SCRIPT	GameCrowdAgent.GeneratePathToActor	Defined|Event|HasOptionalParms|Public|HasDefaults
SCRIPT	GameCrowdAgent.GetBehaviorString	Defined|Public
SCRIPT	GameCrowdAgent.GetDestString	Defined|Public
SCRIPT	GameCrowdAgent.HandlePotentialAgentEncounter	Defined|Event|Public
SCRIPT	GameCrowdAgent.InitializeAgent	Defined|Simulated|Public|HasDefaults
SCRIPT	GameCrowdAgent.InitNavigationHandle	Defined|Event|Public
SCRIPT	GameCrowdAgent.KillAgent	Defined|Event|Public
SCRIPT	GameCrowdAgent.NotifySeePlayer	Defined|Event|Public
SCRIPT	GameCrowdAgent.OnPlayAgentAnimation	Defined|Simulated|Public
SCRIPT	GameCrowdAgent.PickBehaviorFrom	Defined|HasOptionalParms|Public|HasDefaults
SCRIPT	GameCrowdAgent.PlaySpawnBehavior	Defined|Public
SCRIPT	GameCrowdAgent.PostBeginPlay	Defined|Simulated|Public|HasDefaults
SCRIPT	GameCrowdAgent.PostRenderFor	Defined|Simulated|Event|Public|HasDefaults
SCRIPT	GameCrowdAgent.ResetPooledAgent	Defined|Public
SCRIPT	GameCrowdAgent.ResetSeePlayer	Defined|Public
SCRIPT	GameCrowdAgent.SetCurrentDestination	Defined|Event|Public
SCRIPT	GameCrowdAgent.SetLighting	Defined|Simulated|Public
SCRIPT	GameCrowdAgent.SetMaxSpeed	Defined|Public
SCRIPT	GameCrowdAgent.SetPanic	Defined|Public
SCRIPT	GameCrowdAgent.StopBehavior	Defined|Event|Public
SCRIPT	GameCrowdAgent.TakeDamage	Defined|HasOptionalParms|Public
SCRIPT	GameCrowdAgent.TryRandomBehavior	Defined|Public
SCRIPT	GameCrowdAgent.UpdateIntermediatePoint	Defined|Event|HasOptionalParms|Public
SCRIPT	GameCrowdAgent.WaitForGroupMembers	Defined|Event|Public
SCRIPT	GameCrowdAgentBehavior.ActivatedBy	Defined|Public
SCRIPT	GameCrowdAgentBehavior.AllowBehaviorAt	Defined|Public
SCRIPT	GameCrowdAgentBehavior.AllowThisDestination	Defined|Public
SCRIPT	GameCrowdAgentBehavior.CanBeUsedBy	Defined|Public
SCRIPT	GameCrowdAgentBehavior.GetBehaviorString	Defined|Public
SCRIPT	GameCrowdAgentBehavior.GetDestinationActor	Defined|Public
SCRIPT	GameCrowdAgentBehavior.InitBehavior	Defined|Public
SCRIPT	GameCrowdAgentSkeletal.ClearLatentAnimation	Defined|Event|Public
SCRIPT	GameCrowdAgentSkeletal.CreateAttachments	Defined|Simulated|Public
SCRIPT	GameCrowdAgentSkeletal.OnAnimEnd	Defined|Event|Public
SCRIPT	GameCrowdAgentSkeletal.OnPlayAgentAnimation	Defined|Simulated|Public
SCRIPT	GameCrowdAgentSkeletal.PlayIdleAnimation	Defined|Simulated|Event|Public
SCRIPT	GameCrowdAgentSkeletal.PostBeginPlay	Defined|Simulated|Public
SCRIPT	GameCrowdAgentSkeletal.SetLighting	Defined|Simulated|Public
SCRIPT	GameCrowdAgentSkeletal.StopIdleAnimation	Defined|Simulated|Event|Public
SCRIPT	GameCrowdAttractor.AppliedForce	Defined|Event|Public|HasDefaults
SCRIPT	GameCrowdBehavior_PlayAnimation.FinishedTargetRotation	Defined|Event|Public
SCRIPT	GameCrowdBehavior_PlayAnimation.GetBehaviorString	Defined|Public
SCRIPT	GameCrowdBehavior_PlayAnimation.InitBehavior	Defined|Public
SCRIPT	GameCrowdBehavior_PlayAnimation.OnAnimEnd	Defined|Event|Public
SCRIPT	GameCrowdBehavior_PlayAnimation.PlayAgentAnimationNow	Defined|Public
SCRIPT	GameCrowdBehavior_PlayAnimation.StopBehavior	Defined|Public
SCRIPT	GameCrowdBehavior_RunFromPanic.ActivatedBy	Defined|Public
SCRIPT	GameCrowdBehavior_RunFromPanic.AllowBehaviorAt	Defined|Public
SCRIPT	GameCrowdBehavior_RunFromPanic.AllowThisDestination	Defined|Public
SCRIPT	GameCrowdBehavior_RunFromPanic.GetBehaviorString	Defined|Public
SCRIPT	GameCrowdBehavior_RunFromPanic.InitBehavior	Defined|Public
SCRIPT	GameCrowdBehavior_RunFromPanic.PropagateViralBehaviorTo	Defined|Event|Public
SCRIPT	GameCrowdBehavior_RunFromPanic.StopBehavior	Defined|Public
SCRIPT	GameCrowdBehavior_Surrounder.BehaviorUpdate	Defined|Event|Public|HasDefaults
SCRIPT	GameCrowdBehavior_Surrounder.InitBehavior	Defined|Public
SCRIPT	GameCrowdBehavior_Surrounder.StopBehavior	Defined|Public
SCRIPT	GameCrowdBehavior_WaitForGroup.GetBehaviorString	Defined|Public
SCRIPT	GameCrowdBehavior_WaitForGroup.InitBehavior	Defined|Public
SCRIPT	GameCrowdBehavior_WaitForGroup.StopBehavior	Defined|Public
SCRIPT	GameCrowdBehavior_WaitInQueue.ChangingDestination	Defined|Public
SCRIPT	GameCrowdBehavior_WaitInQueue.GetBehaviorString	Defined|Public
SCRIPT	GameCrowdBehavior_WaitInQueue.GetDestinationActor	Defined|Public
SCRIPT	GameCrowdBehavior_WaitInQueue.StopBehavior	Defined|Public
SCRIPT	GameCrowdDestination.AllowableDestinationFor	Defined|Simulated|Event|Public
SCRIPT	GameCrowdDestination.AtCapacity	Defined|Simulated|Public
SCRIPT	GameCrowdDestination.DecrementCustomerCount	Defined|Simulated|Event|Public
SCRIPT	GameCrowdDestination.Destroyed	Defined|Simulated|Public
SCRIPT	GameCrowdDestination.GetSpawnPosition	Defined|Simulated|Public|HasOutParms|HasDefaults
SCRIPT	GameCrowdDestination.IncrementCustomerCount	Defined|Simulated|Event|Public
SCRIPT	GameCrowdDestination.PickNewDestinationFor	Defined|Simulated|Public
SCRIPT	GameCrowdDestination.PostBeginPlay	Defined|Simulated|Public
SCRIPT	GameCrowdDestination.ReachedDestination	Defined|Simulated|Event|Public
SCRIPT	GameCrowdDestinationQueuePoint.ActuallyAdvance	Final|Defined|Simulated|Private
SCRIPT	GameCrowdDestinationQueuePoint.AddCustomer	Defined|Simulated|Public
SCRIPT	GameCrowdDestinationQueuePoint.AdvanceCustomerTo	Defined|Simulated|Public
SCRIPT	GameCrowdDestinationQueuePoint.ClearQueue	Defined|Simulated|Public
SCRIPT	GameCrowdDestinationQueuePoint.HasCustomer	Defined|Simulated|Public
SCRIPT	GameCrowdDestinationQueuePoint.HasSpace	Defined|Simulated|Public
SCRIPT	GameCrowdDestinationQueuePoint.ReachedDestination	Defined|Simulated|Event|Public
SCRIPT	GameCrowdForcePoint.Touch	Defined|Event|Public
SCRIPT	GameCrowdForcePoint.UnTouch	Defined|Event|Public
SCRIPT	GameCrowdGroup.AddMember	Defined|Public
SCRIPT	GameCrowdGroup.RemoveMember	Defined|Public
SCRIPT	GameCrowdGroup.UpdateDestinations	Defined|Public
SCRIPT	GameCrowdInteractionPoint.OnToggle	Defined|Public
SCRIPT	GameCrowdPopulationManager.AddPrioritizedSpawnPoint	Defined|Public
SCRIPT	GameCrowdPopulationManager.AddSpawnPoint	Defined|Public|HasDefaults
SCRIPT	GameCrowdPopulationManager.AddToAgentPool	Defined|Public
SCRIPT	GameCrowdPopulationManager.AgentDestroyed	Defined|Public
SCRIPT	GameCrowdPopulationManager.AnalyzeSpawnPoints	Defined|Public|HasDefaults
SCRIPT	GameCrowdPopulationManager.CreateNewAgent	Defined|Public|HasDefaults
SCRIPT	GameCrowdPopulationManager.DisplayDebug	Defined|Simulated|Public|HasOutParms|HasDefaults
SCRIPT	GameCrowdPopulationManager.GetMaxSpawnDist	Defined|Public
SCRIPT	GameCrowdPopulationManager.OnGameCrowdPopulationManagerToggle	Defined|Public
SCRIPT	GameCrowdPopulationManager.PickSpawnPoint	Defined|Public
SCRIPT	GameCrowdPopulationManager.PostBeginPlay	Defined|Public
SCRIPT	GameCrowdPopulationManager.PrioritizeSpawnPoints	Defined|Public|HasDefaults
SCRIPT	GameCrowdPopulationManager.RemoveSpawnPoint	Defined|Public
SCRIPT	GameCrowdPopulationManager.SpawnAgent	Defined|Event|Public
SCRIPT	GameCrowdPopulationManager.Tick	Defined|Public
SCRIPT	GameCrowdPopulationManager.ValidateSpawnAt	Defined|Public|HasDefaults
SCRIPT	GameCrowdReplicationActor.ReceivingReplication.Tick	Defined|Simulated|Event|Public
SCRIPT	GameCrowdReplicationActor.ReplicatedEvent	Defined|Simulated|Event|Public
SCRIPT	GameCrowdRepulsor.AppliedForce	Defined|Event|Public|HasDefaults
SCRIPT	GameDamageType.IsScriptedDamageType	Defined|Static|Public
SCRIPT	GameDamageType.PlayExtraDamageSound	Defined|Static|Public
SCRIPT	GameDamageType.ShouldGib	Defined|Static|Public
SCRIPT	GameDamageType.ShouldHeadShotGib	Defined|Static|Public
SCRIPT	GameDamageType.ShouldPlayForceFeedback	Defined|Static|Public
SCRIPT	GameDecalManager.SpawnDecalMinimal	Final|Defined|Public|HasOutParms|HasDefaults
SCRIPT	GameExplosionActor.ChooseCameraShake	Defined|Simulated|Protected|HasDefaults
SCRIPT	GameExplosionActor.CringePawn	Defined|Protected
SCRIPT	GameExplosionActor.DoBreakFracturedMeshes	Defined|Simulated|Protected
SCRIPT	GameExplosionActor.DoCringesAndKnockdowns	Defined|Protected|HasDefaults
SCRIPT	GameExplosionActor.DoExplosionCameraEffects	Defined|Simulated|Public
SCRIPT	GameExplosionActor.DoExplosionDamage	Defined|Simulated|Public
SCRIPT	GameExplosionActor.DoFullDamageToActor	Defined|Simulated|Public
SCRIPT	GameExplosionActor.DrawDebug	Defined|Simulated|Public|HasDefaults
SCRIPT	GameExplosionActor.Explode	Defined|Simulated|HasOptionalParms|Public
SCRIPT	GameExplosionActor.GetPhysicalMaterial	Defined|Simulated|Protected|HasDefaults
SCRIPT	GameExplosionActor.HurtExplosion	Defined|Simulated|Protected|HasDefaults
SCRIPT	GameExplosionActor.IsBehindExplosion	Defined|Simulated|Protected
SCRIPT	GameExplosionActor.KnockdownPawn	Defined|Protected
SCRIPT	GameExplosionActor.PreBeginPlay	Defined|Event|Public
SCRIPT	GameExplosionActor.ShouldDoCringeFor	Defined|Protected
SCRIPT	GameExplosionActor.SpawnCameraLensEffects	Defined|Simulated|Public
SCRIPT	GameExplosionActor.Tick	Defined|Simulated|Public
SCRIPT	GameFixedCamera.OnBecomeActive	Defined|Public
SCRIPT	GameFixedCamera.UpdateCamera	Defined|Simulated|Public|HasOutParms
SCRIPT	GameFreeCamera.ClearMoveFlags	Defined|Simulated|Public
SCRIPT	GameFreeCamera.GetDeflection	Defined|Simulated|HasOptionalParms|Public
SCRIPT	GameFreeCamera.GetInputInfo	Defined|Simulated|Public
SCRIPT	GameFreeCamera.GetSign	Defined|Simulated|HasOptionalParms|Public
SCRIPT	GameFreeCamera.IsKeyPressed	Defined|Public
SCRIPT	GameFreeCamera.LimitViewRotation	Defined|Simulated|Public
SCRIPT	GameFreeCamera.OnBecomeActive	Defined|Public
SCRIPT	GameFreeCamera.ProcessInputInfo	Defined|Simulated|Public|HasOutParms|HasDefaults
SCRIPT	GameFreeCamera.UpdateCamera	Defined|Public|HasOutParms
SCRIPT	GameInfo.AddDefaultInventory	Defined|Event|Public
SCRIPT	GameInfo.AddInactivePRI	Defined|Public
SCRIPT	GameInfo.AddMutator	Defined|HasOptionalParms|Public
SCRIPT	GameInfo.AddObjectiveScore	Defined|Public
SCRIPT	GameInfo.AllowCheats	Defined|Public
SCRIPT	GameInfo.AllowMutator	Defined|Static|Public
SCRIPT	GameInfo.AllowPausing	Defined|HasOptionalParms|Public
SCRIPT	GameInfo.AtCapacity	Defined|Public
SCRIPT	GameInfo.BeginBVT	Defined|Simulated|Exec|HasOptionalParms|Public
SCRIPT	GameInfo.Broadcast	Defined|Event|HasOptionalParms|Public
SCRIPT	GameInfo.BroadcastDeathMessage	Defined|Public
SCRIPT	GameInfo.BroadcastLocalized	Defined|Event|HasOptionalParms|Public
SCRIPT	GameInfo.BroadcastLocalizedTeam	Defined|Event|HasOptionalParms|Public
SCRIPT	GameInfo.BroadcastTeam	Defined|HasOptionalParms|Public
SCRIPT	GameInfo.CalculatedNetSpeed	Defined|Public
SCRIPT	GameInfo.CanLeaveVehicle	Defined|Public
SCRIPT	GameInfo.CanSpectate	Defined|Public
SCRIPT	GameInfo.CanUnpause	Defined|Public|Delegate
SCRIPT	GameInfo.ChangeName	Defined|Public
SCRIPT	GameInfo.ChangeTeam	Defined|Public
SCRIPT	GameInfo.CheckEndGame	Defined|Public
SCRIPT	GameInfo.CheckForSentinelRun	Defined|Public
SCRIPT	GameInfo.CheckModifiedEndGame	Defined|Public
SCRIPT	GameInfo.CheckRelevance	Defined|Public
SCRIPT	GameInfo.CheckScore	Defined|Public
SCRIPT	GameInfo.ChoosePlayerStart	Defined|HasOptionalParms|Public
SCRIPT	GameInfo.ClearAutoLoginDelegates	Defined|Public
SCRIPT	GameInfo.ClearPause	Defined|Event|Public
SCRIPT	GameInfo.DebugPause	Defined|Public
SCRIPT	GameInfo.DiscardInventory	Defined|HasOptionalParms|Public
SCRIPT	GameInfo.DisplayDebug	Defined|Simulated|Public|HasOutParms
SCRIPT	GameInfo.DoTravelTheWorld	Defined|Exec|Public
SCRIPT	GameInfo.DriverEnteredVehicle	Defined|Public
SCRIPT	GameInfo.DriverLeftVehicle	Defined|Public
SCRIPT	GameInfo.EndGame	Defined|Public
SCRIPT	GameInfo.EndOnlineGame	Defined|Public
SCRIPT	GameInfo.FindInactivePRI	Defined|Public
SCRIPT	GameInfo.FindPlayerByID	Defined|Public
SCRIPT	GameInfo.FindPlayerStart	Defined|HasOptionalParms|Public
SCRIPT	GameInfo.ForceKickPlayer	Defined|Event|Public
SCRIPT	GameInfo.GameEnding	Defined|Event|Public
SCRIPT	GameInfo.GenericPlayerInitialization	Defined|Public
SCRIPT	GameInfo.GetCoverReplicator	Defined|Public
SCRIPT	GameInfo.GetDefaultGameClassPath	Defined|Event|Static|Public
SCRIPT	GameInfo.GetDefaultPlayerClass	Defined|Public
SCRIPT	GameInfo.GetIntOption	Defined|Static|Public
SCRIPT	GameInfo.GetKeyValue	Defined|Static|Public|HasOutParms
SCRIPT	GameInfo.GetNumPlayers	Defined|Public
SCRIPT	GameInfo.GetSeamlessTravelActorList	Defined|Event|Public|HasOutParms
SCRIPT	GameInfo.GetServerPort	Defined|Public
SCRIPT	GameInfo.GetTravelType	Defined|Public
SCRIPT	GameInfo.GrabOption	Defined|Static|Public|HasOutParms
SCRIPT	GameInfo.HandleSeamlessTravelPlayer	Defined|Event|Public|HasOutParms|HasDefaults
SCRIPT	GameInfo.HasOption	Defined|Static|Public
SCRIPT	GameInfo.InitGame	Defined|Event|Public|HasOutParms
SCRIPT	GameInfo.InitGameReplicationInfo	Defined|Public
SCRIPT	GameInfo.IsAutomatedPerfTesting	Defined|Public
SCRIPT	GameInfo.IsCheckingForFragmentation	Defined|Public
SCRIPT	GameInfo.IsCheckingForMemLeaks	Defined|Public
SCRIPT	GameInfo.IsDoingASentinelRun	Defined|Public
SCRIPT	GameInfo.Kick	Defined|Public
SCRIPT	GameInfo.KickBan	Defined|Public
SCRIPT	GameInfo.KickIdler	Defined|Event|Public
SCRIPT	GameInfo.Killed	Defined|Public
SCRIPT	GameInfo.Login	Defined|Event|Public|HasOutParms|HasDefaults
SCRIPT	GameInfo.Logout	Defined|Public
SCRIPT	GameInfo.MatchIsInProgress	Defined|Public
SCRIPT	GameInfo.ModifyScoreKill	Defined|Public
SCRIPT	GameInfo.Mutate	Defined|Public
SCRIPT	GameInfo.NotifyArbitratedMatchEnd	Defined|Public
SCRIPT	GameInfo.NotifyKilled	Defined|Public
SCRIPT	GameInfo.OnLoginChange	Defined|Public
SCRIPT	GameInfo.OnLoginFailed	Defined|Public
SCRIPT	GameInfo.OnServerCreateComplete	Defined|Public
SCRIPT	GameInfo.OnStartOnlineGameComplete	Defined|Public
SCRIPT	GameInfo.OverridePRI	Defined|Public
SCRIPT	GameInfo.ParseKillMessage	Defined|Static|Public
SCRIPT	GameInfo.ParseOption	Defined|Static|Public
SCRIPT	GameInfo.PendingMatch.ArbitrationRegistrationComplete	Defined|Public
SCRIPT	GameInfo.PendingMatch.ArbitrationTimeout	Defined|Public
SCRIPT	GameInfo.PendingMatch.EndState	Defined|Event|Public
SCRIPT	GameInfo.PendingMatch.MatchIsInProgress	Defined|Public
SCRIPT	GameInfo.PendingMatch.ProcessClientRegistrationCompletion	Defined|Public
SCRIPT	GameInfo.PendingMatch.RegisterServerForArbitration	Defined|Public
SCRIPT	GameInfo.PendingMatch.StartArbitratedMatch	Defined|Public
SCRIPT	GameInfo.PendingMatch.StartArbitrationRegistration	Defined|Public
SCRIPT	GameInfo.PendingMatch.StartMatch	Defined|Public
SCRIPT	GameInfo.PerformEndGameHandling	Defined|Public
SCRIPT	GameInfo.PickTeam	Defined|Public
SCRIPT	GameInfo.PickupQuery	Defined|Public
SCRIPT	GameInfo.PlayerCanRestart	Defined|Public
SCRIPT	GameInfo.PlayerCanRestartGame	Defined|Public
SCRIPT	GameInfo.PostBeginPlay	Defined|Event|Public
SCRIPT	GameInfo.PostLogin	Defined|Event|Public
SCRIPT	GameInfo.PostSeamlessTravel	Defined|Event|Public
SCRIPT	GameInfo.PreBeginPlay	Defined|Event|Public
SCRIPT	GameInfo.PreLogin	Defined|Event|Public|HasOutParms
SCRIPT	GameInfo.PreventDeath	Defined|Public
SCRIPT	GameInfo.ProcessClientTravel	Defined|Public|HasOutParms
SCRIPT	GameInfo.ProcessServerLogin	Defined|Public
SCRIPT	GameInfo.ProcessServerTravel	Defined|HasOptionalParms|Public|HasDefaults
SCRIPT	GameInfo.RatePlayerStart	Defined|Public
SCRIPT	GameInfo.RecalculateSkillRating	Defined|Public|HasDefaults
SCRIPT	GameInfo.ReduceDamage	Defined|Public|HasOutParms
SCRIPT	GameInfo.RegisterServer	Defined|Public
SCRIPT	GameInfo.RemoveMutator	Defined|Public
SCRIPT	GameInfo.ReplicateStreamingStatus	Defined|Public
SCRIPT	GameInfo.RequiresPassword	Defined|Public
SCRIPT	GameInfo.Reset	Defined|Public
SCRIPT	GameInfo.ResetLevel	Defined|Public
SCRIPT	GameInfo.RestartGame	Defined|Public
SCRIPT	GameInfo.RestartPlayer	Defined|Public
SCRIPT	GameInfo.ScoreKill	Defined|Public
SCRIPT	GameInfo.ScoreObjective	Defined|Public
SCRIPT	GameInfo.SendPlayer	Defined|Public
SCRIPT	GameInfo.SetGameSpeed	Defined|Public
SCRIPT	GameInfo.SetGameSpeedEx	Defined|Event|Public
SCRIPT	GameInfo.SetGameType	Defined|Event|Static|Public
SCRIPT	GameInfo.SetPause	Defined|HasOptionalParms|Public
SCRIPT	GameInfo.SetPlayerDefaults	Defined|Public
SCRIPT	GameInfo.SetSeamlessTravelViewTarget	Defined|Public
SCRIPT	GameInfo.ShouldAutoContinueToNextRound	Defined|Public
SCRIPT	GameInfo.ShouldReset	Defined|Public
SCRIPT	GameInfo.ShouldRespawn	Defined|Public
SCRIPT	GameInfo.ShouldSpawnAtStartSpot	Defined|Public
SCRIPT	GameInfo.SpawnDefaultPawnFor	Defined|Public|HasDefaults
SCRIPT	GameInfo.SpawnPlayerController	Defined|Public
SCRIPT	GameInfo.StartBots	Defined|Public
SCRIPT	GameInfo.StartHumans	Defined|Public
SCRIPT	GameInfo.StartMatch	Defined|Public
SCRIPT	GameInfo.StartOnlineGame	Defined|Public
SCRIPT	GameInfo.TellClientsToReturnToPartyHost	Defined|Public|HasDefaults
SCRIPT	GameInfo.TellClientsToTravelToSession	Defined|Public
SCRIPT	GameInfo.Timer	Defined|Event|Public
SCRIPT	GameInfo.UnregisterPlayer	Defined|Public
SCRIPT	GameInfo.UpdateGameplayMuteList	Defined|Public
SCRIPT	GameInfo.UpdateGameSettingsCounts	Defined|Public
SCRIPT	GameInfo.UpdateNetSpeeds	Defined|Public
SCRIPT	GameInfo.UseLowGore	Defined|Static|Public
SCRIPT	GameInfo.WriteOnlinePlayerScores	Defined|Public
SCRIPT	GameInfo.WriteOnlineStats	Defined|Public
SCRIPT	GameInfoDataProvider.ProviderInstanceBound	Defined|Event|Public
SCRIPT	GameKActorSpawnableEffect.FellOutOfWorld	Defined|Simulated|Event|Public
SCRIPT	GameKActorSpawnableEffect.Tick	Defined|Simulated|Event|Public
SCRIPT	GameMessage.GetString	Defined|Static|HasOptionalParms|Public
SCRIPT	GameParticleEventManager.HandleParticleModuleEventSendToGame	Defined|Event|Public|HasOutParms
SCRIPT	GamePawn.GetTargetFrictionCylinder	Defined|Simulated|Public|HasOutParms
SCRIPT	GamePawn.PlayCustomParticleOnSocket	Defined|Event|Public|HasDefaults
SCRIPT	GamePawn.ReattachMesh	Defined|Simulated|Public
SCRIPT	GamePawn.ReattachMeshWithoutBeingSeen	Defined|Simulated|Public
SCRIPT	GamePawn.UpdateShadowSettings	Defined|Simulated|Event|Public
SCRIPT	GamePlayerCamera.CreateCamera	Defined|Protected
SCRIPT	GamePlayerCamera.DisplayDebug	Defined|Simulated|Public|HasOutParms
SCRIPT	GamePlayerCamera.ExecCameraLensEffects	Defined|Simulated|Public|HasOutParms
SCRIPT	GamePlayerCamera.FindBestCameraType	Defined|Protected
SCRIPT	GamePlayerCamera.PostBeginPlay	Defined|Public
SCRIPT	GamePlayerCamera.ProcessViewRotation	Defined|Public|HasOutParms
SCRIPT	GamePlayerCamera.Reset	Defined|Public
SCRIPT	GamePlayerCamera.ResetInterpolation	Defined|Simulated|Public
SCRIPT	GamePlayerCamera.SetColorScale	Defined|Simulated|Public
SCRIPT	GamePlayerCamera.ShouldConstrainAspectRatio	Defined|Public
SCRIPT	GamePlayerCamera.UpdateCameraLensEffects	Defined|Simulated|Public|HasOutParms
SCRIPT	GamePlayerCamera.UpdateViewTarget	Defined|Public|HasOutParms
SCRIPT	GamePlayerController.CanUnpauseWarmup	Defined|Public
SCRIPT	GamePlayerController.CrowdDebug	Defined|Exec|Public
SCRIPT	GamePlayerController.CrowdFocus	Defined|Exec|Public
SCRIPT	GamePlayerController.CrowdToggle	Defined|Exec|Public
SCRIPT	GamePlayerController.DoForceFeedbackForScreenShake	Defined|Simulated|Protected
SCRIPT	GamePlayerController.GetCurrentSoundMode	Final|Defined|Simulated|Public
SCRIPT	GamePlayerController.SetSoundMode	Defined|Simulated|Public
SCRIPT	GamePlayerController.WarmupPause	Defined|Event|Public|HasDefaults
SCRIPT	GameplayEvents.GetFilename	Defined|Public
SCRIPT	GameplayEventsReader.AddFilter	Defined|Public
SCRIPT	GameplayEventsReader.IsEventFiltered	Defined|Event|Public
SCRIPT	GameplayEventsReader.RemoveFilter	Defined|Public
SCRIPT	GameplayEventsWriter.IsSessionInProgress	Defined|Public
SCRIPT	GameplayEventsWriter.Poll	Defined|Public
SCRIPT	GameplayEventsWriter.RecordAIPathFail	Defined|Public
SCRIPT	GameReplicationInfo.AddPRI	Defined|Simulated|Public
SCRIPT	GameReplicationInfo.CleanupGameDataStore	Defined|Simulated|Public
SCRIPT	GameReplicationInfo.Destroyed	Defined|Simulated|Event|Public
SCRIPT	GameReplicationInfo.EndGame	Defined|Simulated|Public
SCRIPT	GameReplicationInfo.FindPlayerByID	Defined|Simulated|Public
SCRIPT	GameReplicationInfo.GetPRIArray	Defined|Simulated|Public|HasOutParms
SCRIPT	GameReplicationInfo.InitializeGameDataStore	Defined|Simulated|Public
SCRIPT	GameReplicationInfo.InOrder	Defined|Simulated|Public
SCRIPT	GameReplicationInfo.IsCoopMultiplayerGame	Defined|Simulated|Public
SCRIPT	GameReplicationInfo.IsMultiplayerGame	Defined|Simulated|Public
SCRIPT	GameReplicationInfo.PostBeginPlay	Defined|Simulated|Event|Public
SCRIPT	GameReplicationInfo.RemovePRI	Defined|Simulated|Public
SCRIPT	GameReplicationInfo.ReplicatedDataBinding	Defined|Simulated|Event|Public
SCRIPT	GameReplicationInfo.ReplicatedEvent	Defined|Simulated|Event|Public
SCRIPT	GameReplicationInfo.Reset	Defined|Public
SCRIPT	GameReplicationInfo.SetTeam	Defined|Simulated|Public
SCRIPT	GameReplicationInfo.ShouldShowGore	Defined|Simulated|Event|Public
SCRIPT	GameReplicationInfo.SortPRIArray	Defined|Simulated|Public
SCRIPT	GameReplicationInfo.StartMatch	Defined|Simulated|Public
SCRIPT	GameReplicationInfo.Timer	Defined|Simulated|Event|Public
SCRIPT	GameSpecialMove.CanChainMove	Defined|Public
SCRIPT	GameSpecialMove.CanDoSpecialMove	Final|Defined|HasOptionalParms|Public
SCRIPT	GameSpecialMove.CanOverrideMoveWith	Defined|Public
SCRIPT	GameSpecialMove.CanOverrideSpecialMove	Defined|Public
SCRIPT	GameSpecialMove.InitSpecialMove	Defined|Public
SCRIPT	GameSpecialMove.InternalCanDoSpecialMove	Defined|Protected
SCRIPT	GameSpecialMove.MessageEvent	Defined|Public
SCRIPT	GameSpecialMove.ShouldReplicate	Defined|Public
SCRIPT	GameThirdPersonCamera.AdjustFocusPointInterpolation	Defined|Public
SCRIPT	GameThirdPersonCamera.AdjustTurn	Defined|Public
SCRIPT	GameThirdPersonCamera.BeginTurn	Defined|HasOptionalParms|Public
SCRIPT	GameThirdPersonCamera.ClearFocusPoint	Defined|HasOptionalParms|Public
SCRIPT	GameThirdPersonCamera.CreateCameraMode	Defined|Protected
SCRIPT	GameThirdPersonCamera.FindBestCameraMode	Defined|Public
SCRIPT	GameThirdPersonCamera.GetActualFocusLocation	Defined|Public|HasDefaults
SCRIPT	GameThirdPersonCamera.GetDesiredFOV	Defined|Event|Public
SCRIPT	GameThirdPersonCamera.GetFocusActor	Defined|Public
SCRIPT	GameThirdPersonCamera.Init	Defined|Public
SCRIPT	GameThirdPersonCamera.ModifyPostProcessSettings	Defined|Event|Public|HasOutParms
SCRIPT	GameThirdPersonCamera.OnBecomeActive	Defined|Public
SCRIPT	GameThirdPersonCamera.ProcessViewRotation	Defined|Public|HasOutParms
SCRIPT	GameThirdPersonCamera.Reset	Defined|Public
SCRIPT	GameThirdPersonCamera.ResetInterpolation	Defined|Public
SCRIPT	GameThirdPersonCamera.SetFocusOnActor	Defined|HasOptionalParms|Public
SCRIPT	GameThirdPersonCamera.SetFocusOnLoc	Defined|HasOptionalParms|Public
SCRIPT	GameThirdPersonCamera.UpdateCamera	Defined|Public|HasOutParms
SCRIPT	GameThirdPersonCamera.UpdateCameraMode	Final|Defined|Protected
SCRIPT	GameThirdPersonCamera.UpdateFocusPoint	Defined|Event|Protected
SCRIPT	GameThirdPersonCameraMode.AdjustViewOffset	Defined|Event|Public
SCRIPT	GameThirdPersonCameraMode.DOFTrace	Defined|Simulated|Protected|HasDefaults
SCRIPT	GameThirdPersonCameraMode.GetCameraWorstCaseLoc	Defined|Simulated|Event|Public
SCRIPT	GameThirdPersonCameraMode.GetDesiredFOV	Defined|Public
SCRIPT	GameThirdPersonCameraMode.GetDOFFocusLoc	Defined|Simulated|Protected
SCRIPT	GameThirdPersonCameraMode.ModifyPostProcessSettings	Defined|Simulated|Public|HasOutParms
SCRIPT	GameThirdPersonCameraMode.OnBecomeActive	Defined|Public
SCRIPT	GameThirdPersonCameraMode.SetFocusPoint	Defined|Simulated|Public
SCRIPT	GameThirdPersonCameraMode.UpdatePostProcess	Defined|Simulated|Public|HasOutParms|HasDefaults
SCRIPT	GameUISceneClient.CanShowToolTips	Defined|Event|Public
SCRIPT	GameUISceneClient.ClearMenuProgression	Defined|Public
SCRIPT	GameUISceneClient.ClearUIMessageScene	Final|Defined|Static|HasOptionalParms|Public
SCRIPT	GameUISceneClient.CloseMenu	Defined|Exec|HasOptionalParms|Public
SCRIPT	GameUISceneClient.CreateMenu	Defined|Exec|HasOptionalParms|Public
SCRIPT	GameUISceneClient.CreateUIMessageBox	Defined|Static|HasOptionalParms|Public
SCRIPT	GameUISceneClient.DebugMessageOptionSelected	Defined|Public
SCRIPT	GameUISceneClient.DebugShowMessage	Defined|Exec|HasOptionalParms|Public
SCRIPT	GameUISceneClient.InitializeSceneClient	Defined|Event|Public
SCRIPT	GameUISceneClient.IsAllowedToModifyPlayerCount	Defined|Public
SCRIPT	GameUISceneClient.NotifyClientTravel	Defined|Public
SCRIPT	GameUISceneClient.NotifyControllerChanged	Defined|Public
SCRIPT	GameUISceneClient.NotifyGameSessionEnded	Defined|Public
SCRIPT	GameUISceneClient.NotifyLinkStatusChanged	Defined|Public
SCRIPT	GameUISceneClient.NotifyOnlineServiceStatusChanged	Defined|Public
SCRIPT	GameUISceneClient.NotifyPlayerAdded	Defined|Public
SCRIPT	GameUISceneClient.NotifyPlayerRemoved	Defined|Public
SCRIPT	GameUISceneClient.NotifyStorageDeviceChanged	Defined|Public
SCRIPT	GameUISceneClient.OnLoginChange	Defined|Public
SCRIPT	GameUISceneClient.OpenMenu	Defined|Exec|HasOptionalParms|Public
SCRIPT	GameUISceneClient.PauseGame	Defined|Event|HasOptionalParms|Public
SCRIPT	GameUISceneClient.RefreshFormatting	Defined|Exec|Public
SCRIPT	GameUISceneClient.RestoreMenuProgression	Defined|HasOptionalParms|Public
SCRIPT	GameUISceneClient.SaveMenuProgression	Defined|Public
SCRIPT	GameUISceneClient.ShowDataStoreField	Defined|Exec|Public
SCRIPT	GameUISceneClient.ShowDataStores	Defined|Exec|HasOptionalParms|Public
SCRIPT	GameUISceneClient.ShowDockingStacks	Defined|Exec|Public
SCRIPT	GameUISceneClient.ShowMenuProgression	Defined|Exec|Public
SCRIPT	GameUISceneClient.ShowMenuStates	Defined|Exec|Public
SCRIPT	GameUISceneClient.ShowRenderBounds	Defined|Exec|Public
SCRIPT	GameUISceneClient.ShowUIMessage	Defined|Static|HasOptionalParms|Public|HasOutParms
SCRIPT	GameUISceneClient.SynchronizePlayers	Defined|Event|HasOptionalParms|Public
SCRIPT	GameUISceneClient.ToggleDebugInput	Defined|Exec|HasOptionalParms|Public
SCRIPT	GameViewportClient.AddLocalPlayer	Final|Defined|Private
SCRIPT	GameViewportClient.CalculateDeadZone	Final|Defined|HasOptionalParms|Public
SCRIPT	GameViewportClient.CalculateDeadZoneForAllSides	Final|Defined|HasOptionalParms|Public|HasOutParms
SCRIPT	GameViewportClient.CalculatePixelCenter	Final|Defined|HasOptionalParms|Public|HasOutParms
SCRIPT	GameViewportClient.CalculateSafeZoneValues	Final|Defined|Public|HasOutParms
SCRIPT	GameViewportClient.ClearProgressMessages	Defined|Exec|Public
SCRIPT	GameViewportClient.ConvertLocalPlayerToGamePlayerIndex	Final|Defined|Public
SCRIPT	GameViewportClient.CreateInitialPlayer	Defined|Public|HasOutParms
SCRIPT	GameViewportClient.CreatePlayer	Defined|Event|Public|HasOutParms
SCRIPT	GameViewportClient.DebugCreatePlayer	Defined|Exec|Public
SCRIPT	GameViewportClient.DebugRemovePlayer	Defined|Exec|Public
SCRIPT	GameViewportClient.DisplayProgressMessage	Defined|Public
SCRIPT	GameViewportClient.DrawTitleSafeArea	Defined|Public
SCRIPT	GameViewportClient.DrawTransition	Defined|Public
SCRIPT	GameViewportClient.DrawTransitionMessage	Defined|Public
SCRIPT	GameViewportClient.FindPlayerByControllerId	Final|Defined|Event|Public
SCRIPT	GameViewportClient.GameSessionEnded	Defined|Event|Public
SCRIPT	GameViewportClient.GetPixelSizeOfScreen	Final|Defined|Public|HasOutParms
SCRIPT	GameViewportClient.GetSplitscreenConfiguration	Defined|Public
SCRIPT	GameViewportClient.GetSubtitleRegion	Defined|Event|Public|HasOutParms
SCRIPT	GameViewportClient.HasBottomSafeZone	Final|Defined|Public
SCRIPT	GameViewportClient.HasLeftSafeZone	Final|Defined|Public
SCRIPT	GameViewportClient.HasRightSafeZone	Final|Defined|Public
SCRIPT	GameViewportClient.HasTopSafeZone	Final|Defined|Public
SCRIPT	GameViewportClient.Init	Defined|Event|Public|HasOutParms
SCRIPT	GameViewportClient.InsertInteraction	Defined|Event|HasOptionalParms|Public
SCRIPT	GameViewportClient.LayoutPlayers	Defined|Event|Public
SCRIPT	GameViewportClient.NotifyConnectionError	Defined|HasOptionalParms|Public
SCRIPT	GameViewportClient.NotifyPlayerAdded	Final|Defined|Public
SCRIPT	GameViewportClient.NotifyPlayerRemoved	Final|Defined|Public
SCRIPT	GameViewportClient.PostRender	Defined|Event|Public
SCRIPT	GameViewportClient.RemoveLocalPlayer	Final|Defined|Private
SCRIPT	GameViewportClient.RemovePlayer	Defined|Event|Public
SCRIPT	GameViewportClient.SetConsoleTarget	Defined|Exec|Public
SCRIPT	GameViewportClient.SetProgressMessage	Defined|Event|HasOptionalParms|Public
SCRIPT	GameViewportClient.SetProgressTime	Defined|Exec|Event|Public
SCRIPT	GameViewportClient.SetSplit	Defined|Exec|Public
SCRIPT	GameViewportClient.SetSplitscreenConfiguration	Defined|Public
SCRIPT	GameViewportClient.ShowTitleSafeArea	Defined|Exec|Public
SCRIPT	GameViewportClient.SSSwapControllers	Defined|Exec|Public
SCRIPT	GameViewportClient.UpdateActiveSplitscreenType	Defined|Public
SCRIPT	GFxAction_CloseMovie.IsValidLevelSequenceObject	Defined|Event|Public
SCRIPT	GFxAction_GetVariable.IsValidLevelSequenceObject	Defined|Event|Public
SCRIPT	GFxAction_Invoke.IsValidLevelSequenceObject	Defined|Event|Public
SCRIPT	GFxAction_OpenMovie.IsValidLevelSequenceObject	Defined|Event|Public
SCRIPT	GFxAction_SetVariable.IsValidLevelSequenceObject	Defined|Event|Public
SCRIPT	GFxGameViewportClient.Init	Defined|Event|Public|HasOutParms
SCRIPT	GFxMovie.SetExternalInterface	Defined|Public
SCRIPT	GFxMovie.SetFsCmdHandler	Defined|Public
SCRIPT	GFxMovie.SetMovieInfo	Defined|Public
SCRIPT	GFxMovieHudMenu.MenuClose	Defined|Public
SCRIPT	GFxMovieHudMenu.MenuOpen	Defined|Public
SCRIPT	GFxMovieHudMenu.Quit	Defined|Public
SCRIPT	GFxMovieHudMenu.SetupResolution	Defined|Public
SCRIPT	GFxMovieHudMenu.Start	Defined|HasOptionalParms|Public|HasDefaults
SCRIPT	GiantAliceWeapon.Inactive.BeginState	Defined|Simulated|Event|Public
SCRIPT	GiantAliceWeapon.PostBeginPlay	Defined|Simulated|Public
SCRIPT	GiantAliceWeapon.SetSpecialMoveParam	Defined|Public
SCRIPT	Goal_AtActor.AtActor	Defined|Static|HasOptionalParms|Public
SCRIPT	Goal_AtActor.Recycle	Defined|Public
SCRIPT	Goal_Null.GoUntilBust	Defined|Static|HasOptionalParms|Public
SCRIPT	Goal_Null.Recycle	Defined|Public
SCRIPT	HeadSwitchActor.HeadSwitchActivated	Defined|Public
SCRIPT	HeadSwitchActor.HeadSwitchEjected	Defined|Public
SCRIPT	HeadSwitchActor.OnToggleHeadSwitchActivation	Defined|Simulated|Event|Public
SCRIPT	HeadSwitchActor.Touch	Defined|Event|Public
SCRIPT	HeadSwitchActor.UnTouch	Defined|Event|Public
SCRIPT	HealthPickup.PostBeginPlay	Defined|Simulated|Event|Public
SCRIPT	HealthPickup.Tick	Defined|Event|Public
SCRIPT	HealthUpgradePickup.ActivePickup	Defined|Public
SCRIPT	HealthUpgradePickup.ApplyCheckpointRecord	Defined|Public|HasOutParms
SCRIPT	HealthUpgradePickup.CreateCheckpointRecord	Defined|Public|HasOutParms
SCRIPT	HealthUpgradePickup.Disabled.BeginState	Defined|Simulated|Event|Public
SCRIPT	HealthUpgradePickup.GiveTo	Defined|Public
SCRIPT	HealthUpgradePickup.Landed	Defined|Event|Public
SCRIPT	HealthUpgradePickup.PickedState.BeginState	Defined|Event|Public
SCRIPT	HealthUpgradePickup.PostBeginPlay	Defined|Simulated|Event|Public
SCRIPT	HealthUpgradePickup.Tick	Defined|Event|Public
SCRIPT	HealthUpgradePickup.UpdateAfterAcceptPersistentDate	Defined|Event|Public
SCRIPT	HeightFog.OnToggle	Defined|Simulated|Public
SCRIPT	HeightFog.PostBeginPlay	Defined|Event|Public
SCRIPT	HeightFog.ReplicatedEvent	Defined|Simulated|Event|Public
SCRIPT	HeightFogVolume.EnableHeightFogActor	Defined|Simulated|Event|Public
SCRIPT	HeightFogVolume.OnToggle	Defined|Simulated|Public
SCRIPT	HeightFogVolume.Toggle	Defined|Simulated|Event|HasOptionalParms|Public
SCRIPT	HelloWeb.Init	Defined|Public
SCRIPT	HelloWeb.Query	Defined|Event|Public
SCRIPT	HobbyHorse.AliceWeaponMeleeFire.ShouldSlideToTargetWhenFire	Defined|Simulated|Public|HasOutParms
SCRIPT	HobbyHorse.AttachOwnerData	Defined|Simulated|Public
SCRIPT	HobbyHorse.ChangeDLCData	Defined|Simulated|Public
SCRIPT	HobbyHorse.ChangeLevelData	Defined|Simulated|Public
SCRIPT	HobbyHorse.DataSwitchForHysteria	Defined|Public
SCRIPT	HobbyHorse.GetDLCWeaponFlag	Defined|Simulated|Public
SCRIPT	HobbyHorse.GetMuzzleSocketMesh	Defined|Simulated|Public
SCRIPT	HobbyHorse.PostBeginPlay	Defined|Simulated|Public
SCRIPT	HobbyHorse.TriggerRadiusDamageLight	Defined|Simulated|Event|Public|HasDefaults
SCRIPT	HobbyHorse.UpdateAchievement29	Defined|Public
SCRIPT	HUD.AddConsoleMessage	Defined|HasOptionalParms|Public
SCRIPT	HUD.AddLocalizedMessage	Defined|HasOptionalParms|Public
SCRIPT	HUD.AddPostRenderedActor	Defined|Public
SCRIPT	HUD.ClearMessage	Defined|Public|HasOutParms
SCRIPT	HUD.Destroyed	Defined|Event|Public
SCRIPT	HUD.DisplayConsoleMessages	Defined|Public
SCRIPT	HUD.DisplayKismetMessages	Defined|Public
SCRIPT	HUD.DisplayLocalMessages	Defined|Public
SCRIPT	HUD.DrawHUD	Defined|Public|HasDefaults
SCRIPT	HUD.DrawMessage	Defined|Public|HasOutParms
SCRIPT	HUD.DrawMessageText	Defined|Public|HasDefaults
SCRIPT	HUD.DrawRoute	Defined|Public|HasDefaults
SCRIPT	HUD.DrawText	Defined|Public
SCRIPT	HUD.FlushClientMessages	Defined|Event|Public
SCRIPT	HUD.GetFontSizeIndex	Defined|Static|Public
SCRIPT	HUD.GetRYGColorRamp	Defined|Static|Public|HasDefaults
SCRIPT	HUD.GetScreenCoords	Defined|Public|HasOutParms
SCRIPT	HUD.LocalizedMessage	Defined|HasOptionalParms|Public
SCRIPT	HUD.Message	Defined|HasOptionalParms|Public
SCRIPT	HUD.OnLostFocusPause	Defined|Event|Public
SCRIPT	HUD.PostBeginPlay	Defined|Event|Public
SCRIPT	HUD.PostRender	Defined|Event|Public
SCRIPT	HUD.PreCalcValues	Defined|Public
SCRIPT	HUD.RemovePostRenderedActor	Defined|Public
SCRIPT	HUD.SetShowScores	Defined|Exec|Public
SCRIPT	HUD.ShouldDisplayDebug	Defined|Public
SCRIPT	HUD.ShowDebug	Defined|Exec|HasOptionalParms|Public
SCRIPT	HUD.ShowDebugText	Defined|Exec|Public
SCRIPT	HUD.ShowGameDebug	Defined|Exec|Public
SCRIPT	HUD.ShowHUD	Defined|Exec|Public
SCRIPT	HUD.ShowScores	Defined|Exec|Public
SCRIPT	HUD.SpawnScoreBoard	Defined|Public
SCRIPT	HUD.ToggleHUD	Defined|Exec|Public
SCRIPT	ImageServer.Query	Defined|Event|Public
SCRIPT	IniLocPatcher.AddFileToDownload	Defined|Public
SCRIPT	IniLocPatcher.AddReadFileDelegate	Defined|Public
SCRIPT	IniLocPatcher.ClearCachedFiles	Defined|Public
SCRIPT	IniLocPatcher.ClearReadFileDelegate	Defined|Public
SCRIPT	IniLocPatcher.DownloadFiles	Defined|Public
SCRIPT	IniLocPatcher.Init	Defined|Public
SCRIPT	IniLocPatcher.OnReadFileComplete	Defined|Public
SCRIPT	IniLocPatcherMcp.AddReadFileDelegate	Defined|Public
SCRIPT	IniLocPatcherMcp.ClearCachedFiles	Defined|Public
SCRIPT	IniLocPatcherMcp.ClearReadFileDelegate	Defined|Public
SCRIPT	IniLocPatcherMcp.DownloadFiles	Defined|Public
SCRIPT	IniLocPatcherMcp.Init	Defined|Public
SCRIPT	IniLocPatcherMcp.OnReadFileComplete	Defined|Public
SCRIPT	Input.GetKeyFromBind	Defined|Event|HasOptionalParms|Public|HasOutParms
SCRIPT	Input.RebindCommand	Defined|Event|HasOptionalParms|Public|HasOutParms|HasDefaults
SCRIPT	Input.RemoveBind	Defined|Event|Public
SCRIPT	Input.SetBind	Defined|Exec|Public|HasOutParms|HasDefaults
SCRIPT	InterpActor.ApplyCheckpointRecord	Defined|Public|HasOutParms
SCRIPT	InterpActor.Attach	Defined|Event|Public
SCRIPT	InterpActor.CreateAndSetSonarMat	Defined|Public
SCRIPT	InterpActor.CreateCheckpointRecord	Defined|Public|HasOutParms
SCRIPT	InterpActor.Destroyed	Defined|Simulated|Event|Public
SCRIPT	InterpActor.Detach	Defined|Event|Public
SCRIPT	InterpActor.EncroachingOn	Defined|Event|Public|HasDefaults
SCRIPT	InterpActor.FinishedOpen	Defined|Public
SCRIPT	InterpActor.InterpolationChanged	Defined|Simulated|Event|Public
SCRIPT	InterpActor.InterpolationFinished	Defined|Simulated|Event|Public
SCRIPT	InterpActor.InterpolationStarted	Defined|Simulated|Event|Public
SCRIPT	InterpActor.PlayMovingSound	Defined|Simulated|Public
SCRIPT	InterpActor.PostBeginPlay	Defined|Simulated|Event|Public
SCRIPT	InterpActor.RanInto	Defined|Event|Public
SCRIPT	InterpActor.Restart	Defined|Public
SCRIPT	InterpActor.setMatLocalize	Defined|Public
SCRIPT	InterpActor.setSonarActor	Defined|Public
SCRIPT	InterpActor.ShouldSaveForCheckpoint	Defined|Public
SCRIPT	InterpActor.ShutDown	Defined|Simulated|Public
SCRIPT	InterpActor.Tick	Defined|Event|Public
SCRIPT	Inventory.AnnouncePickup	Defined|Public
SCRIPT	Inventory.BotDesireability	Defined|Static|Public
SCRIPT	Inventory.ClientGivenTo	Defined|Net|NetReliable|Simulated|Public|NetClient
SCRIPT	Inventory.DenyPickupQuery	Defined|Public
SCRIPT	Inventory.Destroyed	Defined|Event|Public
SCRIPT	Inventory.DetourWeight	Defined|Static|Public
SCRIPT	Inventory.DropFrom	Defined|Public
SCRIPT	Inventory.GetHumanReadableName	Defined|Simulated|Public
SCRIPT	Inventory.GetLocalString	Defined|Static|HasOptionalParms|Public
SCRIPT	Inventory.GivenTo	Defined|HasOptionalParms|Public
SCRIPT	Inventory.GiveTo	Final|Defined|Public
SCRIPT	InventoryManager.AddInventory	Defined|Simulated|HasOptionalParms|Public
SCRIPT	InventoryManager.CancelWeaponChange	Defined|Simulated|Public
SCRIPT	InventoryManager.ChangedWeapon	Defined|Simulated|Public
SCRIPT	InventoryManager.ClearAllPendingFire	Defined|Simulated|Public
SCRIPT	InventoryManager.ClearPendingFire	Defined|Simulated|Public
SCRIPT	InventoryManager.ClearPendingWeapon	Defined|Simulated|Public
SCRIPT	InventoryManager.ClientSyncWeapon	Defined|Net|NetReliable|Simulated|Public|NetClient
SCRIPT	InventoryManager.ClientWeaponSet	Defined|Simulated|HasOptionalParms|Public
SCRIPT	InventoryManager.CreateInventory	Defined|Simulated|HasOptionalParms|Public
SCRIPT	InventoryManager.Destroyed	Defined|Event|Public
SCRIPT	InventoryManager.DiscardInventory	Defined|Simulated|Event|Public|HasDefaults
SCRIPT	InventoryManager.DrawHUD	Defined|Simulated|Public
SCRIPT	InventoryManager.FindInventoryType	Defined|Simulated|Event|HasOptionalParms|Public
SCRIPT	InventoryManager.GetBestWeapon	Defined|Simulated|HasOptionalParms|Public
SCRIPT	InventoryManager.GetPendingFireLength	Defined|Simulated|Public
SCRIPT	InventoryManager.GetWeaponRatingFor	Defined|Simulated|Public
SCRIPT	InventoryManager.HandlePickupQuery	Defined|Public
SCRIPT	InventoryManager.InternalSetCurrentWeapon	Final|Defined|Simulated|Private
SCRIPT	InventoryManager.IsActiveWeapon	Defined|Simulated|Public
SCRIPT	InventoryManager.IsPendingFire	Defined|Simulated|Public
SCRIPT	InventoryManager.ModifyDamage	Defined|Public
SCRIPT	InventoryManager.NextWeapon	Defined|Simulated|Public
SCRIPT	InventoryManager.OwnerDied	Defined|Public
SCRIPT	InventoryManager.OwnerEvent	Defined|Simulated|Public
SCRIPT	InventoryManager.PostBeginPlay	Defined|Event|Public
SCRIPT	InventoryManager.PrevWeapon	Defined|Simulated|Public
SCRIPT	InventoryManager.RemoveClassFromInventory	Defined|Simulated|HasOptionalParms|Public
SCRIPT	InventoryManager.RemoveFromInventory	Defined|Simulated|Public
SCRIPT	InventoryManager.ServerSetCurrentWeapon	Defined|Net|NetReliable|Public|NetServer
SCRIPT	InventoryManager.SetCurrentWeapon	Defined|Net|NetReliable|Simulated|Public|NetClient
SCRIPT	InventoryManager.SetPendingFire	Defined|Simulated|Public
SCRIPT	InventoryManager.SetPendingWeapon	Defined|Simulated|Public
SCRIPT	InventoryManager.SetupFor	Defined|Public
SCRIPT	InventoryManager.StartFire	Defined|Simulated|Public
SCRIPT	InventoryManager.StopFire	Defined|Simulated|Public
SCRIPT	InventoryManager.SwitchToBestWeapon	Defined|Simulated|HasOptionalParms|Public
SCRIPT	InventoryManager.UpdateController	Defined|Simulated|Public
SCRIPT	JumpPadGrowing.ActiveRadiusCheck	Defined|Public|HasDefaults
SCRIPT	JumpPadGrowing.ApplyCheckpointRecord	Defined|Public|HasOutParms
SCRIPT	JumpPadGrowing.CreateCheckpointRecord	Defined|Public|HasOutParms
SCRIPT	JumpPadGrowing.CreateDecal	Defined|Public
SCRIPT	JumpPadGrowing.GrowingAnimationOver	Defined|Public
SCRIPT	JumpPadGrowing.IsAliceAboveMushroom	Defined|Public|HasDefaults
SCRIPT	JumpPadGrowing.OnJumpPadGrowing	Defined|Simulated|Event|Public
SCRIPT	JumpPadGrowing.OnLaunchAnimOverTimer	Defined|Public
SCRIPT	JumpPadGrowing.OnPlayIdleAnimation	Defined|Public
SCRIPT	JumpPadGrowing.OnToggleJumpPadRadiusCheck	Defined|Simulated|Event|Public
SCRIPT	JumpPadGrowing.PlayGrowingAnimation	Defined|Public
SCRIPT	JumpPadGrowing.PlayLaunchAnimation	Defined|Public
SCRIPT	JumpPadGrowing.PlayUnderGroundAnimation	Defined|Public
SCRIPT	JumpPadGrowing.PostBeginPlay	Defined|Simulated|Event|Public
SCRIPT	JumpPadGrowing.ShouldSaveForCheckpoint	Defined|Public
SCRIPT	JumpPadGrowing.Tick	Defined|Event|Public
SCRIPT	JumpPadGrowing.UpdateAfterAcceptPersistentDate	Defined|Event|Public
SCRIPT	JumpPadGrowing.UpdateDecal	Defined|Public
SCRIPT	JumpPadMushroom.AliceJumpToJumpPad	Defined|Public|HasDefaults
SCRIPT	JumpPadMushroom.Attach	Defined|Event|Public
SCRIPT	JumpPadMushroom.CalculateJumpVelocity	Defined|HasOptionalParms|Public|HasDefaults
SCRIPT	JumpPadMushroom.Detach	Defined|Event|Public
SCRIPT	JumpPadMushroom.IsAnimationValid	Defined|Public
SCRIPT	JumpPadMushroom.Launch	Defined|Public
SCRIPT	JumpPadMushroom.OnCompressAnimOverTimer	Defined|Public
SCRIPT	JumpPadMushroom.OnDelayLaunch	Defined|Public
SCRIPT	JumpPadMushroom.OnIdleCompressedAnimOverTimer	Defined|Public
SCRIPT	JumpPadMushroom.OnLaunchAnimOverTimer	Defined|Public
SCRIPT	JumpPadMushroom.OnPlayIdleAnimation	Defined|Public
SCRIPT	JumpPadMushroom.OrientToucherToTarget	Defined|HasOptionalParms|Public|HasDefaults
SCRIPT	JumpPadMushroom.PlayAnim	Defined|HasOptionalParms|Public
SCRIPT	JumpPadMushroom.PostBeginPlay	Defined|Event|Public
SCRIPT	JumpPadMushroom.ShowRadius	Defined|Public
SCRIPT	JumpPadMushroom.Tick	Defined|Event|Public
SCRIPT	JumpPadNPC.CalculateJumpVelocity	Defined|Public|HasDefaults
SCRIPT	JumpPadNPC.IsJumpPadInUsing	Defined|Event|Public
SCRIPT	JumpPadNPC.Launch	Defined|Public
SCRIPT	JumpPadNPC.NotifyLanded	Defined|Public
SCRIPT	JumpPadNPC.NPCJumpPadLand	Defined|Event|Public
SCRIPT	JumpPadNPC.NPCJumpPadLauch	Defined|Event|Public
SCRIPT	JumpPadNPC.NPCJumpPadPreLauch	Defined|Event|Public
SCRIPT	JumpPadNPC.OnLaunchAnimOverTimer	Defined|Public
SCRIPT	JumpPadNPC.OrientToucherToTarget	Defined|Public|HasDefaults
SCRIPT	JumpPadNPC.PostBeginPlay	Defined|Event|Public
SCRIPT	JumpPadPhysics.AliceWalkOnMushroom	Defined|Public
SCRIPT	JumpPadPhysics.Attach	Defined|Event|Public
SCRIPT	JumpPadPhysics.CreateAndSetSonarMat	Defined|Public
SCRIPT	JumpPadPhysics.Destroyed	Defined|Simulated|Event|Public
SCRIPT	JumpPadPhysics.IsAnimationValid	Defined|Public
SCRIPT	JumpPadPhysics.OnLaunchAnimOverTimer	Defined|Public
SCRIPT	JumpPadPhysics.OnPlayIdleAnimation	Defined|Public
SCRIPT	JumpPadPhysics.OnToggleJumpPadPhysics	Defined|Simulated|Event|Public
SCRIPT	JumpPadPhysics.PlayLaunchAnimation	Defined|Public
SCRIPT	JumpPadPhysics.PostBeginPlay	Defined|Simulated|Event|Public
SCRIPT	JumpPadPhysics.setSonarActor	Defined|Public
SCRIPT	JumpPadPhysics.TurnOffCollision	Defined|Public
SCRIPT	JumpPadPhysics.TurnOnCollision	Defined|Public
SCRIPT	JumpPadSkeletalMeshActor.GetAnimNodeSlot	Defined|Public
SCRIPT	JumpPadSkeletalMeshActor.IsPlayingAnimation	Defined|Public
SCRIPT	JumpPadSkeletalMeshActor.OnAnimEnd	Defined|Event|Public
SCRIPT	JumpPadSkeletalMeshActor.PlayAnim	Defined|HasOptionalParms|Public
SCRIPT	JumpPadSkeletalMeshActor.PlayCustomAnim	Defined|HasOptionalParms|Public
SCRIPT	JumpPadSkeletalMeshActor.PostBeginPlay	Defined|Simulated|Event|Public
SCRIPT	KActor.ApplyImpulse	Defined|Event|HasOptionalParms|Public|HasDefaults
SCRIPT	KActor.Destroyed	Defined|Simulated|Event|Public
SCRIPT	KActor.FellOutOfWorld	Defined|Simulated|Event|Public
SCRIPT	KActor.OnTeleport	Defined|Simulated|Public
SCRIPT	KActor.OnToggle	Defined|Simulated|Public
SCRIPT	KActor.PostBeginPlay	Defined|Simulated|Event|Public
SCRIPT	KActor.ReplicatedEvent	Defined|Simulated|Event|Public|HasDefaults
SCRIPT	KActor.Reset	Defined|Simulated|Public
SCRIPT	KActor.SetPhysicalCollisionProperties	Defined|Simulated|Public
SCRIPT	KActor.SpawnedByKismet	Defined|Simulated|Event|Public
SCRIPT	KActor.TakeDamage	Defined|Event|HasOptionalParms|Public
SCRIPT	KActor.TakeRadiusDamage	Defined|Simulated|HasOptionalParms|Public
SCRIPT	KActorFromStatic.ApplyImpulse	Defined|Event|HasOptionalParms|Public
SCRIPT	KActorFromStatic.BecomeStatic	Defined|Public
SCRIPT	KActorFromStatic.Bump	Defined|Event|Public|HasDefaults
SCRIPT	KActorFromStatic.OnSleepRBPhysics	Defined|Event|Public
SCRIPT	KActorFromStatic.OnWakeRBPhysics	Defined|Event|Public
SCRIPT	KActorFromStatic.TakeRadiusDamage	Defined|Simulated|HasOptionalParms|Public
SCRIPT	KActorSpawnable.Initialize	Defined|Simulated|Public
SCRIPT	KActorSpawnable.Recycle	Defined|Simulated|Public
SCRIPT	KActorSpawnable.RecycleInternal	Defined|Simulated|Event|Public
SCRIPT	KAsset.DoKismetAttachment	Defined|Public
SCRIPT	KAsset.OnTeleport	Defined|Simulated|Public
SCRIPT	KAsset.OnToggle	Defined|Simulated|Public
SCRIPT	KAsset.PostBeginPlay	Defined|Simulated|Event|Public
SCRIPT	KAsset.ReplicatedEvent	Defined|Simulated|Event|Public
SCRIPT	KAsset.SetMeshAndPhysAsset	Final|Defined|Public
SCRIPT	KAsset.TakeDamage	Defined|Event|HasOptionalParms|Public|HasDefaults
SCRIPT	KAsset.TakeRadiusDamage	Defined|Simulated|HasOptionalParms|Public
SCRIPT	KrakenEye.ChargeState.BeginState	Defined|Event|Public
SCRIPT	KrakenEye.ChargeState.EndState	Defined|Event|Public
SCRIPT	KrakenEye.ChargeState.Tick	Defined|Event|Public
SCRIPT	KrakenEye.CloseState.BeginState	Defined|Event|Public
SCRIPT	KrakenEye.HitByRangeWeapon	Defined|Event|Public
SCRIPT	KrakenEye.IdleState.BeginState	Defined|Event|Public
SCRIPT	KrakenEye.IdleState.EndState	Defined|Event|Public
SCRIPT	KrakenEye.ReliefState.BeginState	Defined|Event|Public
SCRIPT	KrakenEye.ReliefState.EndState	Defined|Event|Public
SCRIPT	KrakenEye.ReliefState.Tick	Defined|Event|Public
SCRIPT	KrakenEye.SwitchAnimation	Defined|Public
SCRIPT	KynapseAIController.AIFlee.PoppedState	Defined|Event|Public
SCRIPT	KynapseAIController.AIFlee.PushedState	Defined|Event|Public
SCRIPT	KynapseAIController.AIFollow.PoppedState	Defined|Event|Public
SCRIPT	KynapseAIController.AIFollow.PushedState	Defined|Event|Public
SCRIPT	KynapseAIController.AIHide.PoppedState	Defined|Event|Public
SCRIPT	KynapseAIController.AIHide.PushedState	Defined|Event|Public
SCRIPT	KynapseAIController.AIShoot.PoppedState	Defined|Event|Public
SCRIPT	KynapseAIController.AIShoot.PushedState	Defined|Event|Public
SCRIPT	KynapseAIController.AIWander.PoppedState	Defined|Event|Public
SCRIPT	KynapseAIController.AIWander.PushedState	Defined|Event|Public
SCRIPT	KynapseAIController.HearNoise	Defined|Event|HasOptionalParms|Public
SCRIPT	KynapseAIController.OnAIFlee	Defined|Public
SCRIPT	KynapseAIController.OnAIFollow	Defined|Public
SCRIPT	KynapseAIController.OnAIHide	Defined|Public
SCRIPT	KynapseAIController.OnAIShoot	Defined|Public
SCRIPT	KynapseAIController.OnAIWander	Defined|Public
SCRIPT	KynapseAIController.Possess	Defined|Public
SCRIPT	KynapseExclusionVolume.StopsProjectile	Defined|Simulated|Public
SCRIPT	KynapseLadderVolume.PostBeginPlay	Defined|Simulated|Event|Public|HasDefaults
SCRIPT	KynapseObstacleFractured.Explode	Defined|Simulated|Event|Public
SCRIPT	KynapseObstacleFractured.TakeDamage	Defined|Simulated|Event|HasOptionalParms|Public
SCRIPT	KynapsePawn.Bump	Defined|Event|Public
SCRIPT	KynapsePawn.OnAnimEnd	Defined|Event|Public
SCRIPT	Ladder.SuggestMovePreparation	Defined|Event|Public
SCRIPT	LadderVolume.InUse	Defined|Public
SCRIPT	LadderVolume.PawnEnteredVolume	Defined|Simulated|Event|Public|HasDefaults
SCRIPT	LadderVolume.PawnLeavingVolume	Defined|Simulated|Event|Public
SCRIPT	LadderVolume.PhysicsChangedFor	Defined|Simulated|Event|Public
SCRIPT	LadderVolume.PostBeginPlay	Defined|Simulated|Event|Public|HasDefaults
SCRIPT	LedgeVolume.PawnEnteredVolume	Defined|Simulated|Event|Public
SCRIPT	LedgeVolume.PawnLeavingVolume	Defined|Simulated|Event|Public
SCRIPT	LedgeVolume.PostBeginPlay	Defined|Simulated|Event|Public
SCRIPT	LensFlareSource.OnToggle	Defined|Simulated|Public
SCRIPT	LevelStreamingVolume.ApplyCheckpointRecord	Defined|Public|HasOutParms
SCRIPT	LevelStreamingVolume.CreateCheckpointRecord	Defined|Public|HasOutParms
SCRIPT	LevelStreamingVolume.OnToggle	Defined|Simulated|Public
SCRIPT	LiftCenter.PostBeginPlay	Defined|Event|Public
SCRIPT	LiftCenter.ProceedWithMove	Defined|Public
SCRIPT	LiftCenter.SpecialHandling	Defined|Event|Public
SCRIPT	LiftCenter.SuggestMovePreparation	Defined|Event|Public
SCRIPT	LiftExit.CanBeReachedFromLiftBy	Defined|Public
SCRIPT	LiftExit.SuggestMovePreparation	Defined|Event|Public
SCRIPT	LiftExit.WaitForLift	Defined|Public
SCRIPT	Light.OnToggle	Defined|Simulated|Public
SCRIPT	Light.ReplicatedEvent	Defined|Simulated|Event|Public
SCRIPT	LocalMessage.ClientReceive	Defined|Static|HasOptionalParms|Public
SCRIPT	LocalMessage.GetColor	Defined|Static|HasOptionalParms|Public
SCRIPT	LocalMessage.GetConsoleColor	Defined|Static|Public
SCRIPT	LocalMessage.GetFontSize	Defined|Static|Public
SCRIPT	LocalMessage.GetLifeTime	Defined|Static|Public
SCRIPT	LocalMessage.GetPos	Defined|Static|Public
SCRIPT	LocalMessage.GetString	Defined|Static|HasOptionalParms|Public
SCRIPT	LocalMessage.IsConsoleMessage	Defined|Static|Public
SCRIPT	LocalMessage.IsKeyObjectiveMessage	Defined|Static|Public
SCRIPT	LocalMessage.PartiallyDuplicates	Defined|Static|Public
SCRIPT	LocalPlayer.ClearPostProcessSettingsOverride	Defined|Simulated|HasOptionalParms|Public
SCRIPT	LocalPlayer.GetNickname	Final|Defined|Event|Public
SCRIPT	LocalPlayer.GetUniqueNetId	Final|Defined|Event|Public|HasDefaults
SCRIPT	LocalPlayer.OverridePostProcessSettings	Defined|Simulated|Public
SCRIPT	LocalPlayer.SetControllerId	Final|Defined|Public
SCRIPT	LocalPlayer.UpdateOverridePostProcessSettings	Defined|Simulated|Public
SCRIPT	LostSoulRigidBall.ShouldTriggerCollisionEvent	Defined|Public
SCRIPT	MaterialInstanceConstant.initSonarParam	Defined|Public|HasDefaults
SCRIPT	MatineeActor.CheckPriorityRefresh	Defined|Public
SCRIPT	MatineeActor.Update	Defined|Event|Public
SCRIPT	MemoryFragmentNormal.ActivePickup	Defined|Public
SCRIPT	MemoryFragmentNormal.ApplyCheckpointRecord	Defined|Public|HasOutParms
SCRIPT	MemoryFragmentNormal.CreateCheckpointRecord	Defined|Public|HasOutParms
SCRIPT	MemoryFragmentNormal.GiveTo	Defined|Public
SCRIPT	MemoryFragmentNormal.Landed	Defined|Event|Public
SCRIPT	MemoryFragmentNormal.OnToggleHidden	Defined|Simulated|Public
SCRIPT	MemoryFragmentNormal.PickedState.BeginState	Defined|Event|Public
SCRIPT	MemoryFragmentNormal.Pickup.DetourWeight	Defined|Public
SCRIPT	MemoryFragmentNormal.Pickup.ValidTouch	Defined|Public
SCRIPT	MemoryFragmentNormal.PlayMemorySound	Defined|Public
SCRIPT	MemoryFragmentNormal.PostBeginPlay	Defined|Simulated|Event|Public
SCRIPT	MemoryFragmentNormal.ReplicatedEvent	Defined|Simulated|Event|Public
SCRIPT	MemoryFragmentNormal.saveToPersistentData	Defined|Public
SCRIPT	MemoryFragmentNormal.SetPickupHidden	Defined|Simulated|Public
SCRIPT	MemoryFragmentNormal.SetPickupVisible	Defined|Simulated|Public
SCRIPT	MemoryFragmentNormal.ShowPressButtonUI	Defined|Event|Public
SCRIPT	MemoryFragmentNormal.SpawnCopyFor	Defined|Public
SCRIPT	MemoryFragmentNormal.Tick	Defined|Event|Public
SCRIPT	MemoryFragmentNormal.UpdateAfterAcceptPersistentDate	Defined|Event|Public
SCRIPT	MeshBeaconClient.DebugRender	Defined|Public
SCRIPT	MeshBeaconClient.DumpInfo	Defined|Public
SCRIPT	MeshBeaconHost.AllowBandwidthTesting	Defined|Public
SCRIPT	MeshBeaconHost.DebugRender	Defined|Public|HasDefaults
SCRIPT	MeshBeaconHost.DumpConnections	Defined|Public|HasDefaults
SCRIPT	MeshBeaconHost.SetPendingPlayerConnections	Defined|Public|HasOutParms
SCRIPT	MeshComponent.CreateAndSetMaterialInstanceConstant	Defined|Public
SCRIPT	MeshComponent.CreateAndSetMaterialInstanceTimeVarying	Defined|Public
SCRIPT	MobileHUD.DrawInputOverlays	Defined|Public|HasDefaults
SCRIPT	MobileHUD.NextMobileInputConfig	Defined|Exec|Public
SCRIPT	MobileHUD.PostBeginPlay	Defined|Simulated|Public
SCRIPT	MobileHUD.PostRender	Defined|Public
SCRIPT	MobileHUD.ResetMobileInputConfig	Defined|Exec|Public
SCRIPT	MorphSkeletalMeshActor.DoMorph	Defined|Public
SCRIPT	MorphSkeletalMeshActor.InitAPC	Defined|Public
SCRIPT	MorphSkeletalMeshActor.Tick	Defined|Simulated|Public
SCRIPT	MorphSkeletalMeshActorShrink.Tick	Defined|Simulated|Public
SCRIPT	Mutator.AddMutator	Defined|Public
SCRIPT	Mutator.AlwaysKeep	Defined|Public
SCRIPT	Mutator.CanLeaveVehicle	Defined|Public
SCRIPT	Mutator.CheckEndGame	Defined|Public
SCRIPT	Mutator.CheckRelevance	Defined|Public
SCRIPT	Mutator.CheckReplacement	Defined|Public
SCRIPT	Mutator.Destroyed	Defined|Event|Public
SCRIPT	Mutator.DriverEnteredVehicle	Defined|Public
SCRIPT	Mutator.DriverLeftVehicle	Defined|Public
SCRIPT	Mutator.FindPlayerStart	Defined|HasOptionalParms|Public
SCRIPT	Mutator.GetSeamlessTravelActorList	Defined|Public|HasOutParms
SCRIPT	Mutator.GetServerDetails	Defined|Public|HasOutParms
SCRIPT	Mutator.HandleRestartGame	Defined|Public
SCRIPT	Mutator.InitMutator	Defined|Public|HasOutParms
SCRIPT	Mutator.IsRelevant	Defined|Public
SCRIPT	Mutator.ModifyLogin	Defined|Public|HasOutParms
SCRIPT	Mutator.ModifyPlayer	Defined|Public
SCRIPT	Mutator.Mutate	Defined|Public
SCRIPT	Mutator.MutatorIsAllowed	Defined|Public
SCRIPT	Mutator.NetDamage	Defined|Public|HasOutParms
SCRIPT	Mutator.NotifyLogin	Defined|Public
SCRIPT	Mutator.NotifyLogout	Defined|Public
SCRIPT	Mutator.OverridePickupQuery	Defined|Public|HasOutParms
SCRIPT	Mutator.ParseChatPercVar	Defined|Public
SCRIPT	Mutator.PreBeginPlay	Defined|Event|Public
SCRIPT	Mutator.PreventDeath	Defined|Public
SCRIPT	Mutator.ScoreKill	Defined|Public
SCRIPT	Mutator.ScoreObjective	Defined|Public
SCRIPT	NavigationHandle.CreatePathConstraint	Defined|Public
SCRIPT	NavigationHandle.CreatePathGoalEvaluator	Defined|Public
SCRIPT	NavigationHandle.GetPathCacheLength	Defined|Public
SCRIPT	NavigationPoint.Accept	Defined|Event|Public
SCRIPT	NavigationPoint.GetDebugAbbrev	Defined|Simulated|Event|Public
SCRIPT	NavigationPoint.GetNearestNavToActor	Final|Defined|Static|HasOptionalParms|Public
SCRIPT	NavigationPoint.GetNearestNavToPoint	Final|Defined|Static|HasOptionalParms|Public
SCRIPT	NavigationPoint.OnToggle	Defined|Public
SCRIPT	NavigationPoint.ProceedWithMove	Defined|Public
SCRIPT	NavigationPoint.ShouldSaveForCheckpoint	Defined|Public
SCRIPT	NavigationPoint.ShutDown	Defined|Simulated|Event|Public
SCRIPT	NavigationPoint.SuggestMovePreparation	Defined|Event|Public
SCRIPT	NavMeshGoal_At.AtActor	Defined|Static|HasOptionalParms|Public
SCRIPT	NavMeshGoal_At.AtLocation	Defined|Static|HasOptionalParms|Public
SCRIPT	NavMeshGoal_At.Recycle	Defined|Public
SCRIPT	NavMeshGoal_ClosestActorInList.ClosestActorInList	Defined|Static|Public|HasOutParms
SCRIPT	NavMeshGoal_ClosestActorInList.Recycle	Defined|Event|Public
SCRIPT	NavMeshGoal_Null.GoUntilBust	Defined|Static|HasOptionalParms|Public
SCRIPT	NavMeshGoal_Null.Recycle	Defined|Public
SCRIPT	NavMeshGoal_OutOfViewFrom.MustBeHiddenFromThisPoint	Defined|Static|Public
SCRIPT	NavMeshGoal_OutOfViewFrom.Recycle	Defined|Public
SCRIPT	NavMeshGoal_PolyEncompassesAI.MakeSureAIFits	Defined|Static|Public
SCRIPT	NavMeshGoal_PolyEncompassesAI.Recycle	Defined|Public
SCRIPT	NavMeshObstacle.OnToggle	Defined|Simulated|Public
SCRIPT	NavMeshObstacle.PostBeginPlay	Defined|Simulated|Public
SCRIPT	NavMeshObstacle.SetEnabled	Defined|Public
SCRIPT	NavMeshPath_AlongLine.AlongLine	Defined|Static|Public
SCRIPT	NavMeshPath_AlongLine.Recycle	Defined|Public
SCRIPT	NavMeshPath_BiasAgainstPolysWithinDistanceOfLocations.BiasAgainstPolysWithinDistanceOfLocations	Defined|Static|Public
SCRIPT	NavMeshPath_BiasAgainstPolysWithinDistanceOfLocations.Recycle	Defined|Public
SCRIPT	NavMeshPath_EnforceTwoWayEdges.EnforceTwoWayEdges	Defined|Static|Public
SCRIPT	NavMeshPath_MinDistBetweenSpecsOfType.EnforceMinDist	Defined|Static|HasOptionalParms|Public
SCRIPT	NavMeshPath_MinDistBetweenSpecsOfType.Recycle	Defined|Public
SCRIPT	NavMeshPath_Toward.Recycle	Defined|Public
SCRIPT	NavMeshPath_Toward.TowardGoal	Defined|Static|Public
SCRIPT	NavMeshPath_Toward.TowardPoint	Defined|Static|Public
SCRIPT	NavMeshPath_WithinDistanceEnvelope.Recycle	Defined|Public
SCRIPT	NavMeshPath_WithinDistanceEnvelope.StayWithinEnvelopeToLoc	Defined|Static|HasOptionalParms|Public
SCRIPT	NavMeshPath_WithinTraversalDist.DontExceedMaxDist	Defined|Static|HasOptionalParms|Public
SCRIPT	NavMeshPath_WithinTraversalDist.Recycle	Defined|Public
SCRIPT	NavMeshPathConstraint.GetDumpString	Defined|Event|Public
SCRIPT	NavMeshPathConstraint.Recycle	Defined|Event|Public
SCRIPT	NavMeshPathGoalEvaluator.GetDumpString	Defined|Event|Public
SCRIPT	NavMeshPathGoalEvaluator.Recycle	Defined|Event|Public
SCRIPT	NoseActorBase.ActivateState.BeginState	Defined|Event|Public
SCRIPT	NoseActorBase.ActivateState.EndState	Defined|Event|Public
SCRIPT	NoseActorBase.ApplyCheckpointRecord	Defined|Public|HasOutParms
SCRIPT	NoseActorBase.ChargeState.BeginState	Defined|Event|Public
SCRIPT	NoseActorBase.ChargeState.EndState	Defined|Event|Public
SCRIPT	NoseActorBase.ChargeState.Tick	Defined|Event|Public
SCRIPT	NoseActorBase.CreateCheckpointRecord	Defined|Public|HasOutParms
SCRIPT	NoseActorBase.DisableState.BeginState	Defined|Event|Public
SCRIPT	NoseActorBase.HideNose	Defined|Public
SCRIPT	NoseActorBase.HitByRangeWeapon	Defined|Event|Public
SCRIPT	NoseActorBase.IdleState.BeginState	Defined|Event|Public
SCRIPT	NoseActorBase.IdleState.EndState	Defined|Event|Public
SCRIPT	NoseActorBase.OnToggle	Defined|Simulated|Public
SCRIPT	NoseActorBase.OnToggleHidden	Defined|Simulated|Public
SCRIPT	NoseActorBase.PostBeginPlay	Defined|Simulated|Event|Public
SCRIPT	NoseActorBase.ReliefState.BeginState	Defined|Event|Public
SCRIPT	NoseActorBase.ReliefState.EndState	Defined|Event|Public
SCRIPT	NoseActorBase.ReliefState.Tick	Defined|Event|Public
SCRIPT	NoseActorBase.saveToPersistentData	Defined|Public
SCRIPT	NoseActorBase.ShouldSaveForCheckpoint	Defined|Public
SCRIPT	NoseActorBase.ShowNose	Defined|Public
SCRIPT	NoseActorBase.statistic_Trophy_And_PData	Defined|Public
SCRIPT	NoseActorBase.TakeDamage	Defined|Event|HasOptionalParms|Public
SCRIPT	NoseActorBase.TakeRadiusDamage	Defined|Simulated|HasOptionalParms|Public
SCRIPT	NoseActorBase.UpdateAfterAcceptPersistentDate	Defined|Event|Public
SCRIPT	NoseActorBase.WakeNose	Defined|Public
SCRIPT	NPCfallingVolume.PostBeginPlay	Defined|Simulated|Event|Public
SCRIPT	NPCfallingVolume.StopsProjectile	Defined|Simulated|Public
SCRIPT	NpcProjectile.IsReflectByAliceWeapon	Defined|Public
SCRIPT	NpcProjectile.PlayShieldExplosionEffect	Defined|HasOptionalParms|Public|HasDefaults
SCRIPT	NxForceField.OnToggle	Defined|Simulated|Public
SCRIPT	NxForceFieldSpawnable.OnToggle	Defined|Simulated|Public
SCRIPT	NxGenericForceFieldBrush.PostBeginPlay	Defined|Simulated|Event|Public
SCRIPT	NxGenericForceFieldBrush.StopsProjectile	Defined|Simulated|Public
SCRIPT	Object.Add_ColorColor	Final|Defined|Operator|Static|Public
SCRIPT	Object.ByteToFloat	Final|Defined|Simulated|HasOptionalParms|Public
SCRIPT	Object.ClampRotAxis	Final|Defined|Simulated|Static|Public|HasOutParms
SCRIPT	Object.ClampRotAxisFromBase	Final|Defined|Simulated|Static|Public
SCRIPT	Object.ClampRotAxisFromRange	Final|Defined|Simulated|Static|Public
SCRIPT	Object.ColorToLinearColor	Final|Defined|Static|Public
SCRIPT	Object.FindDeltaAngle	Final|Defined|Simulated|Static|Public
SCRIPT	Object.FInterpEaseIn	Final|Defined|Static|Public
SCRIPT	Object.FInterpEaseOut	Final|Defined|Static|Public
SCRIPT	Object.FloatToByte	Final|Defined|Simulated|HasOptionalParms|Public
SCRIPT	Object.FPctByRange	Final|Defined|Simulated|Static|Public
SCRIPT	Object.GetAngularDegreesFromRadians	Final|Defined|Simulated|Static|Public|HasOutParms
SCRIPT	Object.GetHeadingAngle	Final|Defined|Simulated|Static|Public
SCRIPT	Object.GetPackageName	Final|Defined|Public
SCRIPT	Object.GetRangePctByValue	Final|Defined|Simulated|Static|Public
SCRIPT	Object.GetRangeValueByPct	Final|Defined|Simulated|Static|Public
SCRIPT	Object.GetRightMost	Final|Defined|Static|Public
SCRIPT	Object.InCylinder	Final|Defined|Simulated|HasOptionalParms|Public|HasDefaults
SCRIPT	Object.JoinArray	Final|Defined|Static|HasOptionalParms|Public|HasOutParms
SCRIPT	Object.LerpColor	Final|Defined|Static|Public|HasDefaults
SCRIPT	Object.MakeColor	Final|Defined|Static|HasOptionalParms|Public|HasDefaults
SCRIPT	Object.MakeLinearColor	Final|Defined|Static|Public|HasDefaults
SCRIPT	Object.MakeRotator	Final|Defined|Static|Public|HasDefaults
SCRIPT	Object.Multiply_ColorFloat	Final|Defined|Operator|Static|Public
SCRIPT	Object.Multiply_FloatColor	Final|Defined|Operator|Static|Public
SCRIPT	Object.Multiply_LinearColorFloat	Final|Defined|Operator|Static|Public
SCRIPT	Object.NoZDot	Final|Defined|Simulated|Public
SCRIPT	Object.ParseLocalizedPropertyPath	Final|Defined|Static|Public
SCRIPT	Object.PointDistToPlane	Final|Defined|Simulated|HasOptionalParms|Public|HasOutParms|HasDefaults
SCRIPT	Object.RandRange	Final|Defined|Simulated|Static|Public
SCRIPT	Object.RSize	Final|Defined|Static|Public
SCRIPT	Object.SClampRotAxis	Final|Defined|Simulated|Static|Public|HasOutParms
SCRIPT	Object.Split	Final|Defined|Static|HasOptionalParms|Public
SCRIPT	Object.SplitString	Final|Defined|Static|HasOptionalParms|Public
SCRIPT	Object.Subtract_ColorColor	Final|Defined|Operator|Static|Public
SCRIPT	Object.Subtract_LinearColorLinearColor	Final|Defined|Operator|Static|Public
SCRIPT	Object.UnwindHeading	Final|Defined|Simulated|Static|Public
SCRIPT	Object.vect2d	Final|Defined|Static|Public|HasDefaults
SCRIPT	OnlineGameInterfaceImpl.AddCancelFindOnlineGamesCompleteDelegate	Defined|Public
SCRIPT	OnlineGameInterfaceImpl.AddCreateOnlineGameCompleteDelegate	Defined|Public
SCRIPT	OnlineGameInterfaceImpl.AddDestroyOnlineGameCompleteDelegate	Defined|Public
SCRIPT	OnlineGameInterfaceImpl.AddEndOnlineGameCompleteDelegate	Defined|Public
SCRIPT	OnlineGameInterfaceImpl.AddFindOnlineGamesCompleteDelegate	Defined|Public
SCRIPT	OnlineGameInterfaceImpl.AddJoinOnlineGameCompleteDelegate	Defined|Public
SCRIPT	OnlineGameInterfaceImpl.AddStartOnlineGameCompleteDelegate	Defined|Public
SCRIPT	OnlineGameInterfaceImpl.AddUpdateOnlineGameCompleteDelegate	Defined|Public
SCRIPT	OnlineGameInterfaceImpl.ClearCancelFindOnlineGamesCompleteDelegate	Defined|Public
SCRIPT	OnlineGameInterfaceImpl.ClearCreateOnlineGameCompleteDelegate	Defined|Public
SCRIPT	OnlineGameInterfaceImpl.ClearDestroyOnlineGameCompleteDelegate	Defined|Public
SCRIPT	OnlineGameInterfaceImpl.ClearEndOnlineGameCompleteDelegate	Defined|Public
SCRIPT	OnlineGameInterfaceImpl.ClearFindOnlineGamesCompleteDelegate	Defined|Public
SCRIPT	OnlineGameInterfaceImpl.ClearJoinOnlineGameCompleteDelegate	Defined|Public
SCRIPT	OnlineGameInterfaceImpl.ClearStartOnlineGameCompleteDelegate	Defined|Public
SCRIPT	OnlineGameInterfaceImpl.ClearUpdateOnlineGameCompleteDelegate	Defined|Public
SCRIPT	OnlineGameInterfaceImpl.GetGameSearch	Defined|Public
SCRIPT	OnlineGameInterfaceImpl.GetGameSettings	Defined|Public
SCRIPT	OnlineGameSearch.SetSkillOverride	Defined|Public|HasOutParms
SCRIPT	OnlineNewsInterfaceMcp.AddReadNewsCompletedDelegate	Defined|Public
SCRIPT	OnlineNewsInterfaceMcp.ClearReadNewsCompletedDelegate	Defined|Public
SCRIPT	OnlineNewsInterfaceMcp.GetNews	Defined|Public
SCRIPT	OnlinePlayerStorage.SetToDefaults	Defined|Event|Public
SCRIPT	OnlinePlaylistManager.DownloadPlaylist	Defined|Public
SCRIPT	OnlinePlaylistManager.GetContentIdsFromPlaylist	Defined|Public|HasOutParms
SCRIPT	OnlinePlaylistManager.GetGameSettings	Defined|Public
SCRIPT	OnlinePlaylistManager.GetTeamInfoFromPlaylist	Defined|Public|HasOutParms
SCRIPT	OnlinePlaylistManager.HasAnyGameSettings	Defined|Public
SCRIPT	OnlinePlaylistManager.OnReadTitleFileComplete	Defined|Public
SCRIPT	OnlinePlaylistManager.PlaylistSupportsDedicatedServers	Defined|Public
SCRIPT	OnlinePlaylistManager.Reset	Defined|Public
SCRIPT	OnlineRecentPlayersList.AddPartyToRecentParties	Defined|Public|HasOutParms
SCRIPT	OnlineRecentPlayersList.AddPlayerToRecentPlayers	Defined|Public
SCRIPT	OnlineRecentPlayersList.ClearRecentParties	Defined|Public
SCRIPT	OnlineRecentPlayersList.ClearRecentPlayers	Defined|Public
SCRIPT	OnlineRecentPlayersList.DumpPlayersList	Defined|Public|HasOutParms|HasDefaults
SCRIPT	OnlineRecentPlayersList.GetCurrentPlayersListCount	Defined|Public
SCRIPT	OnlineRecentPlayersList.GetPlayersFromCurrentPlayers	Defined|Public|HasOutParms
SCRIPT	OnlineRecentPlayersList.GetPlayersFromRecentParties	Defined|Public|HasOutParms
SCRIPT	OnlineRecentPlayersList.GetSkillForCurrentPlayer	Defined|Public
SCRIPT	OnlineRecentPlayersList.GetTeamForCurrentPlayer	Defined|Public
SCRIPT	OnlineRecentPlayersList.SetCurrentPlayersList	Defined|Public
SCRIPT	OnlineRecentPlayersList.SetLastParty	Defined|Public|HasOutParms
SCRIPT	OnlineRecentPlayersList.ShowCurrentPlayersList	Defined|Public
SCRIPT	OnlineRecentPlayersList.ShowLastPartyPlayerList	Defined|Public
SCRIPT	OnlineRecentPlayersList.ShowRecentPartiesPlayerList	Defined|Public
SCRIPT	OnlineRecentPlayersList.ShowRecentPlayerList	Defined|Public
SCRIPT	OnlineSubsystem.DumpGameSettings	Defined|Static|Public
SCRIPT	OnlineSubsystem.DumpNetIds	Defined|Static|Public|HasOutParms|HasDefaults
SCRIPT	OnlineSubsystem.DumpSessionState	Defined|Public|HasDefaults
SCRIPT	OnlineSubsystem.GetNamedInterface	Defined|Event|Public
SCRIPT	OnlineSubsystem.PostInit	Defined|Event|Public
SCRIPT	OnlineSubsystem.SetAccountInterface	Defined|Event|Public
SCRIPT	OnlineSubsystem.SetContentInterface	Defined|Event|Public
SCRIPT	OnlineSubsystem.SetGameInterface	Defined|Event|Public
SCRIPT	OnlineSubsystem.SetNamedInterface	Defined|Event|Public
SCRIPT	OnlineSubsystem.SetNewsInterface	Defined|Event|Public
SCRIPT	OnlineSubsystem.SetPartyChatInterface	Defined|Event|Public
SCRIPT	OnlineSubsystem.SetPlayerInterface	Defined|Event|Public
SCRIPT	OnlineSubsystem.SetPlayerInterfaceEx	Defined|Event|Public
SCRIPT	OnlineSubsystem.SetStatsInterface	Defined|Event|Public
SCRIPT	OnlineSubsystem.SetSystemInterface	Defined|Event|Public
SCRIPT	OnlineSubsystem.SetVoiceInterface	Defined|Event|Public
SCRIPT	OnlineSubsystemCommonImpl.GetRegisteredPlayers	Defined|Public|HasOutParms
SCRIPT	OnlineSubsystemPC.AddDLCContentInstalledDelegate	Defined|Public
SCRIPT	OnlineSubsystemPC.AddFriendsChangeDelegate	Defined|Public
SCRIPT	OnlineSubsystemPC.AddMutingChangeDelegate	Defined|Public
SCRIPT	OnlineSubsystemPC.AddReadFriendsCompleteDelegate	Defined|Public
SCRIPT	OnlineSubsystemPC.AddReadProfileSettingsCompleteDelegate	Defined|Public
SCRIPT	OnlineSubsystemPC.AddRecognitionCompleteDelegate	Defined|Public
SCRIPT	OnlineSubsystemPC.AddWriteProfileSettingsCompleteDelegate	Defined|Public
SCRIPT	OnlineSubsystemPC.ClearDLCContentInstalledDelegate	Defined|Public
SCRIPT	OnlineSubsystemPC.ClearFriendsChangeDelegate	Defined|Public
SCRIPT	OnlineSubsystemPC.ClearMutingChangeDelegate	Defined|Public
SCRIPT	OnlineSubsystemPC.ClearReadFriendsCompleteDelegate	Defined|Public
SCRIPT	OnlineSubsystemPC.ClearReadProfileSettingsCompleteDelegate	Defined|Public
SCRIPT	OnlineSubsystemPC.ClearRecognitionCompleteDelegate	Defined|Public
SCRIPT	OnlineSubsystemPC.ClearWriteProfileSettingsCompleteDelegate	Defined|Public
SCRIPT	OnlineSubsystemPC.GetLoginStatus	Defined|Public
SCRIPT	OnlineSubsystemPC.GetNATType	Defined|Public
SCRIPT	OnlineSubsystemPC.GetPlayerNickname	Defined|Public
SCRIPT	OnlineSubsystemPC.GetPlayerNicknameFromIndex	Defined|Event|Public
SCRIPT	OnlineSubsystemPC.GetPlayerStorage	Defined|Public
SCRIPT	OnlineSubsystemPC.GetPlayerUniqueNetIdFromIndex	Defined|Event|Public|HasDefaults
SCRIPT	OnlineSubsystemPC.GetProfileSettings	Defined|Public
SCRIPT	OnlineSubsystemPC.GetUniquePlayerId	Defined|Public|HasOutParms
SCRIPT	OnlineSubsystemPC.HasLinkConnection	Defined|Public
SCRIPT	OnlineSubsystemPC.IsControllerConnected	Defined|Public
SCRIPT	OnlineTitleFileDownloadMcp.AddReadTitleFileCompleteDelegate	Defined|Public
SCRIPT	OnlineTitleFileDownloadMcp.ClearReadTitleFileCompleteDelegate	Defined|Public
SCRIPT	OnlineTitleFileDownloadMcp.GetTitleFileState	Defined|Public
SCRIPT	PartyBeaconHost.AreReservationsFull	Defined|Public
SCRIPT	PartyBeaconHost.DumpReservations	Defined|Public|HasDefaults
SCRIPT	PartyBeaconHost.GetPartyLeaders	Defined|Public|HasOutParms
SCRIPT	PartyBeaconHost.GetPlayers	Defined|Public|HasOutParms|HasDefaults
SCRIPT	PartyBeaconHost.RegisterPartyMembers	Defined|Event|Public|HasDefaults
SCRIPT	PartyBeaconHost.UnregisterParty	Defined|Event|Public|HasDefaults
SCRIPT	PartyBeaconHost.UnregisterPartyMembers	Defined|Event|Public|HasDefaults
SCRIPT	Path_AlongLine.AlongLine	Defined|Static|Public
SCRIPT	Path_AlongLine.Recycle	Defined|Public
SCRIPT	Path_AvoidInEscapableNodes.DontGetStuck	Defined|Static|Public
SCRIPT	Path_AvoidInEscapableNodes.Recycle	Defined|Public
SCRIPT	Path_MinDistBetweenSpecsOfType.EnforceMinDist	Defined|Static|HasOptionalParms|Public
SCRIPT	Path_MinDistBetweenSpecsOfType.Recycle	Defined|Public
SCRIPT	Path_TowardGoal.Recycle	Defined|Public
SCRIPT	Path_TowardGoal.TowardGoal	Defined|Static|Public
SCRIPT	Path_TowardPoint.Recycle	Defined|Public
SCRIPT	Path_TowardPoint.TowardPoint	Defined|Static|Public
SCRIPT	Path_WithinDistanceEnvelope.Recycle	Defined|Public
SCRIPT	Path_WithinDistanceEnvelope.StayWithinEnvelopeToLoc	Defined|Static|HasOptionalParms|Public
SCRIPT	Path_WithinTraversalDist.DontExceedMaxDist	Defined|Static|HasOptionalParms|Public
SCRIPT	Path_WithinTraversalDist.Recycle	Defined|Public
SCRIPT	PathConstraint.GetDumpString	Defined|Event|Public
SCRIPT	PathConstraint.Recycle	Defined|Event|Public
SCRIPT	PathGoalEvaluator.GetDumpString	Defined|Event|Public
SCRIPT	PathGoalEvaluator.Recycle	Defined|Event|Public
SCRIPT	PathNode_Dynamic.GetDebugAbbrev	Defined|Simulated|Event|Public
SCRIPT	PathNode.GetDebugAbbrev	Defined|Simulated|Event|Public
SCRIPT	Pawn.AddVelocity	Defined|HasOptionalParms|Public
SCRIPT	Pawn.AdjustedStrength	Defined|Public
SCRIPT	Pawn.AffectedByHitEffects	Defined|Simulated|Public
SCRIPT	Pawn.AnyLockableSocketaEnable	Defined|Public
SCRIPT	Pawn.BaseChange	Defined|Singular|Event|Public
SCRIPT	Pawn.BecomeViewTarget	Defined|Simulated|Event|Public
SCRIPT	Pawn.BeginAnimControl	Defined|Simulated|Event|Public
SCRIPT	Pawn.BotFire	Defined|Public
SCRIPT	Pawn.BreathTimer	Defined|Event|Public
SCRIPT	Pawn.CacheAnimNodes	Defined|Simulated|Public
SCRIPT	Pawn.CanActorPlayFaceFXAnim	Defined|Simulated|Public
SCRIPT	Pawn.CanAttack	Defined|Public
SCRIPT	Pawn.CanBeBaseForPawn	Defined|Simulated|Public
SCRIPT	Pawn.CanGrabLadder	Defined|Public
SCRIPT	Pawn.CannotJumpNow	Defined|Public
SCRIPT	Pawn.CanSplash	Defined|Simulated|Public
SCRIPT	Pawn.CanThrowWeapon	Defined|Simulated|Public
SCRIPT	Pawn.CheatFly	Defined|Public
SCRIPT	Pawn.CheatGhost	Defined|Public
SCRIPT	Pawn.CheatWalk	Defined|Public
SCRIPT	Pawn.CheckWaterJump	Defined|Public|HasOutParms|HasDefaults
SCRIPT	Pawn.ChooseFireMode	Defined|Public
SCRIPT	Pawn.ClearAnimNodes	Defined|Simulated|Public
SCRIPT	Pawn.ClearFlashCount	Defined|Simulated|Public
SCRIPT	Pawn.ClearFlashLocation	Defined|Public
SCRIPT	Pawn.ClientMessage	Defined|Event|HasOptionalParms|Public
SCRIPT	Pawn.ClientRestart	Defined|Simulated|Public
SCRIPT	Pawn.ClientSetLocation	Defined|Public
SCRIPT	Pawn.ClientSetRotation	Defined|Public
SCRIPT	Pawn.ClimbLadder	Defined|Public
SCRIPT	Pawn.CreateInventory	Final|Defined|Event|HasOptionalParms|Public
SCRIPT	Pawn.CreatePathConstraint	Defined|Public
SCRIPT	Pawn.CreatePathGoalEvaluator	Defined|Public
SCRIPT	Pawn.DelaySlideToTarget	Defined|Event|Public
SCRIPT	Pawn.Destroyed	Defined|Simulated|Event|Public
SCRIPT	Pawn.DetachFromController	Defined|HasOptionalParms|Public
SCRIPT	Pawn.Died	Defined|Public
SCRIPT	Pawn.DisplayDebug	Defined|Simulated|Public|HasOutParms
SCRIPT	Pawn.DoFall	Defined|Public
SCRIPT	Pawn.DoJump	Defined|Public
SCRIPT	Pawn.DoKismetAttachment	Defined|Public
SCRIPT	Pawn.DrawHUD	Defined|Simulated|Public
SCRIPT	Pawn.DropToGround	Defined|Public
SCRIPT	Pawn.Dying.BeginState	Defined|Event|Public
SCRIPT	Pawn.Dying.OutsideWorldBounds	Defined|Singular|Simulated|Event|Public
SCRIPT	Pawn.Dying.TakeDamage	Defined|Event|HasOptionalParms|Public
SCRIPT	Pawn.Dying.Timer	Defined|Event|Public
SCRIPT	Pawn.EffectIsRelevant	Defined|Simulated|HasOptionalParms|Public
SCRIPT	Pawn.EncroachedBy	Defined|Event|Public
SCRIPT	Pawn.EncroachingOn	Defined|Event|Public
SCRIPT	Pawn.EndClimbLadder	Defined|Public
SCRIPT	Pawn.EndCrouch	Defined|Simulated|Event|Public
SCRIPT	Pawn.FaceRotation	Defined|Simulated|Public
SCRIPT	Pawn.FellOutOfWorld	Defined|Simulated|Event|Public
SCRIPT	Pawn.FindInventoryType	Final|Defined|Simulated|HasOptionalParms|Public
SCRIPT	Pawn.FinishAnimControl	Defined|Simulated|Event|Public
SCRIPT	Pawn.FinishedInterpolation	Defined|Public
SCRIPT	Pawn.FireOnRelease	Defined|Public
SCRIPT	Pawn.FiringModeUpdated	Defined|Simulated|Public
SCRIPT	Pawn.FlashCountUpdated	Defined|Simulated|Public
SCRIPT	Pawn.FlashLocationUpdated	Defined|Simulated|Public
SCRIPT	Pawn.GetActorEyesViewPoint	Defined|Simulated|Event|Public|HasOutParms
SCRIPT	Pawn.GetActorFaceFXAsset	Defined|Event|Public
SCRIPT	Pawn.GetAdjustedAimFor	Defined|Simulated|Public
SCRIPT	Pawn.GetBaseAimRotation	Defined|Singular|Simulated|Event|Public|HasDefaults
SCRIPT	Pawn.GetCameraTargetSocketLoc	Defined|Simulated|Public
SCRIPT	Pawn.GetCollisionExtent	Final|Defined|Simulated|Public|HasDefaults
SCRIPT	Pawn.GetCollisionHeight	Defined|Simulated|Public
SCRIPT	Pawn.GetCollisionRadius	Defined|Simulated|Public
SCRIPT	Pawn.GetDamageScaling	Defined|Public
SCRIPT	Pawn.GetDefaultCameraMode	Defined|Simulated|Public
SCRIPT	Pawn.GetFaceFXAudioComponent	Defined|Simulated|Event|Public
SCRIPT	Pawn.GetHumanReadableName	Defined|Simulated|Public
SCRIPT	Pawn.GetMoveTarget	Defined|Public
SCRIPT	Pawn.GetTeam	Defined|Simulated|Public
SCRIPT	Pawn.GetWeaponFiringMode	Defined|Simulated|Public
SCRIPT	Pawn.GetWeaponStartTraceLocation	Defined|Simulated|Event|HasOptionalParms|Public|HasDefaults
SCRIPT	Pawn.gibbedBy	Defined|Public
SCRIPT	Pawn.HandleMomentum	Defined|HasOptionalParms|Public
SCRIPT	Pawn.HandlePickup	Defined|Public
SCRIPT	Pawn.HasRangedAttack	Defined|Public
SCRIPT	Pawn.HeadVolumeChange	Defined|Event|Public
SCRIPT	Pawn.HealDamage	Defined|Event|Public
SCRIPT	Pawn.IncrementFlashCount	Defined|Simulated|Public
SCRIPT	Pawn.InFreeCam	Defined|Simulated|Event|Public
SCRIPT	Pawn.InGodMode	Defined|Public
SCRIPT	Pawn.Internal_ClearFlashCount	Final|Defined|Simulated|Public|HasOutParms
SCRIPT	Pawn.Internal_ClearFlashLocation	Final|Defined|Public|HasOutParms
SCRIPT	Pawn.Internal_IncrementFlashCount	Final|Defined|Simulated|Public|HasOutParms
SCRIPT	Pawn.Internal_SetFiringMode	Final|Defined|Simulated|Public|HasOutParms
SCRIPT	Pawn.Internal_SetFlashLocation	Final|Defined|Simulated|Public|HasOutParms
SCRIPT	Pawn.InterpolationFinished	Defined|Simulated|Event|Public
SCRIPT	Pawn.InterpolationStarted	Defined|Simulated|Event|Public
SCRIPT	Pawn.IsActorPlayingFaceFXAnim	Defined|Simulated|Public
SCRIPT	Pawn.IsFiring	Defined|Public
SCRIPT	Pawn.IsFirstPerson	Defined|Simulated|Public
SCRIPT	Pawn.isInEncroachState	Defined|Public
SCRIPT	Pawn.IsInPain	Defined|Public
SCRIPT	Pawn.IsSameTeam	Defined|Simulated|Event|Public
SCRIPT	Pawn.IsStationary	Defined|Public
SCRIPT	Pawn.IsValidEnemy	Defined|Simulated|Public
SCRIPT	Pawn.JumpOffPawn	Defined|Public
SCRIPT	Pawn.JumpOutOfWater	Defined|Public
SCRIPT	Pawn.KilledBy	Defined|Public
SCRIPT	Pawn.Landed	Defined|Event|Public
SCRIPT	Pawn.LineOfSightTo	Defined|Public
SCRIPT	Pawn.MAT_BeginAIGroup	Defined|Event|Public
SCRIPT	Pawn.MessagePlayer	Final|Defined|Event|Public
SCRIPT	Pawn.NearMoveTarget	Defined|Public
SCRIPT	Pawn.NeedToTurn	Defined|Public|HasDefaults
SCRIPT	Pawn.NotifyTakeHit	Defined|Public
SCRIPT	Pawn.OnAnimEnd	Defined|Event|Public
SCRIPT	Pawn.OnAssignController	Defined|Public
SCRIPT	Pawn.OnGiveInventory	Defined|Simulated|Public
SCRIPT	Pawn.OnLockedOn	Defined|Public
SCRIPT	Pawn.OnNotLockedOn	Defined|Public
SCRIPT	Pawn.OnPlayFaceFXAnim	Defined|Simulated|Public
SCRIPT	Pawn.OnSetMaterial	Defined|Public
SCRIPT	Pawn.OnTeleport	Defined|Simulated|Public|HasDefaults
SCRIPT	Pawn.OutsideWorldBounds	Defined|Singular|Simulated|Event|Public
SCRIPT	Pawn.PawnCalcCamera	Defined|Simulated|Public|HasOutParms
SCRIPT	Pawn.PlayActorFaceFXAnim	Defined|Event|Public
SCRIPT	Pawn.PlayDying	Defined|Simulated|Public
SCRIPT	Pawn.PlayerChangedTeam	Defined|Public
SCRIPT	Pawn.PlayHit	Defined|Public
SCRIPT	Pawn.PlayTeleportEffect	Defined|Public
SCRIPT	Pawn.PossessedBy	Defined|Public
SCRIPT	Pawn.PostBeginPlay	Defined|Event|Public
SCRIPT	Pawn.PostInitAnimTree	Defined|Simulated|Event|Public
SCRIPT	Pawn.PreBeginPlay	Defined|Simulated|Event|Public
SCRIPT	Pawn.ProcessViewRotation	Defined|Simulated|Public|HasOutParms
SCRIPT	Pawn.RangedAttackTime	Defined|Public
SCRIPT	Pawn.ReceivedNewEvent	Defined|Simulated|Event|Public
SCRIPT	Pawn.ReceiveLocalizedMessage	Defined|HasOptionalParms|Public
SCRIPT	Pawn.RecommendLongRangedAttack	Defined|Public
SCRIPT	Pawn.ReplicatedEvent	Defined|Simulated|Event|Public
SCRIPT	Pawn.Reset	Defined|Public
SCRIPT	Pawn.RestoreAnimSetsToDefault	Defined|Simulated|Event|Public
SCRIPT	Pawn.SetActiveWeapon	Defined|Simulated|Public
SCRIPT	Pawn.SetAnimPosition	Defined|Simulated|Event|Public
SCRIPT	Pawn.SetBaseEyeheight	Defined|Simulated|Public
SCRIPT	Pawn.SetDyingPhysics	Defined|Public
SCRIPT	Pawn.SetFiringMode	Defined|Simulated|Public
SCRIPT	Pawn.SetFlashLocation	Defined|Simulated|Public
SCRIPT	Pawn.SetKillInstigator	Defined|Public
SCRIPT	Pawn.SetMorphWeight	Defined|Event|Public
SCRIPT	Pawn.SetMovementPhysics	Defined|Public
SCRIPT	Pawn.SetMoveTarget	Defined|Public
SCRIPT	Pawn.SetSkelControlScale	Defined|Event|Public
SCRIPT	Pawn.SetViewRotation	Defined|Simulated|Public
SCRIPT	Pawn.SetWalking	Defined|Event|Public
SCRIPT	Pawn.ShouldCrouch	Defined|Public
SCRIPT	Pawn.SoakPause	Defined|Event|Public
SCRIPT	Pawn.SpawnDefaultController	Defined|Public
SCRIPT	Pawn.SpawnedByKismet	Defined|Event|Public
SCRIPT	Pawn.SpecialCostForPath	Defined|Public
SCRIPT	Pawn.StartCrouch	Defined|Simulated|Event|Public
SCRIPT	Pawn.StartDriving	Defined|Simulated|Event|Public
SCRIPT	Pawn.StartFire	Defined|Simulated|Public
SCRIPT	Pawn.StartSlideToTarget	Defined|Public
SCRIPT	Pawn.StopActorFaceFXAnim	Defined|Event|Public
SCRIPT	Pawn.StopDriving	Defined|Simulated|Event|Public
SCRIPT	Pawn.StopFire	Defined|Simulated|Public
SCRIPT	Pawn.StopFiring	Defined|Public
SCRIPT	Pawn.Suicide	Defined|Public
SCRIPT	Pawn.TakeDamage	Defined|Event|HasOptionalParms|Public
SCRIPT	Pawn.TakeFallingDamage	Defined|Public
SCRIPT	Pawn.TakeRadiusDamageOnBones	Defined|Event|Public|HasDefaults
SCRIPT	Pawn.ThrowActiveWeapon	Defined|Public
SCRIPT	Pawn.ThrowWeaponOnDeath	Defined|Public
SCRIPT	Pawn.TooCloseToAttack	Defined|Public
SCRIPT	Pawn.TornOff	Defined|Simulated|Event|Public
SCRIPT	Pawn.TossInventory	Defined|HasOptionalParms|Public|HasDefaults
SCRIPT	Pawn.TouchingWaterVolume	Defined|Public
SCRIPT	Pawn.TurnOff	Defined|Simulated|Public
SCRIPT	Pawn.UnCrouch	Defined|Simulated|Public
SCRIPT	Pawn.UnPossessed	Defined|Public
SCRIPT	Pawn.UpdateControllerOnPossess	Defined|Public
SCRIPT	Pawn.UpdatePawnRotation	Final|Defined|Simulated|Event|Public
SCRIPT	Pawn.WasPlayerPawn	Defined|Simulated|Public
SCRIPT	Pawn.WeaponFired	Defined|Simulated|HasOptionalParms|Public
SCRIPT	Pawn.WeaponStoppedFiring	Defined|Simulated|Public
SCRIPT	Pawn.WillBeKilledByDamage	Defined|Event|Public
SCRIPT	Pawn.ZeroMovementVariables	Defined|Simulated|Public
SCRIPT	PepperGrinderAlternateProjectile.Explode	Defined|Simulated|HasOptionalParms|Public
SCRIPT	PepperGrinderAlternateProjectile.GetDecalData	Defined|Public|HasDefaults
SCRIPT	PepperGrinderAlternateProjectile.GetDLCWeaponFlag	Defined|Simulated|Public
SCRIPT	PepperGrinderAlternateProjectile.HitWall	Defined|Singular|Simulated|Event|Public
SCRIPT	PepperGrinderAlternateProjectile.InitConfigData	Defined|Public
SCRIPT	PepperGrinderAlternateProjectile.SpawnCauseDamageActor	Defined|Public
SCRIPT	PepperGrinderAlternateProjectile.SpawnDecalOnGround	Defined|Public|HasDefaults
SCRIPT	PepperGrinderPrimaryProjectile.GetDLCWeaponFlag	Defined|Simulated|Public
SCRIPT	PhysicalMaterial.FindFractureSounds	Defined|Simulated|Public|HasOutParms
SCRIPT	PhysicalMaterial.GetPhysicalMaterialProperty	Defined|Simulated|Public
SCRIPT	PhysicsVolume.ApplyCheckpointRecord	Defined|Public|HasOutParms
SCRIPT	PhysicsVolume.CausePainTo	Defined|Public
SCRIPT	PhysicsVolume.CreateCheckpointRecord	Defined|Public|HasOutParms
SCRIPT	PhysicsVolume.OnSetDamageInstigator	Defined|Public
SCRIPT	PhysicsVolume.OnToggle	Defined|Simulated|Public
SCRIPT	PhysicsVolume.PostBeginPlay	Defined|Simulated|Event|Public
SCRIPT	PhysicsVolume.Reset	Defined|Public
SCRIPT	PhysicsVolume.ShouldSaveForCheckpoint	Defined|Public
SCRIPT	PhysicsVolume.TimerPop	Defined|Public
SCRIPT	PhysicsVolume.Touch	Defined|Simulated|Event|Public
SCRIPT	PhysXDestructibleActor.Destroyed	Defined|Event|Public
SCRIPT	PhysXDestructibleActor.PostBeginPlay	Defined|Simulated|Event|Public
SCRIPT	PhysXDestructibleActor.SpawnEffects	Defined|Simulated|Event|Public
SCRIPT	PhysXDestructibleActor.TakeDamage	Defined|Simulated|Event|HasOptionalParms|Public
SCRIPT	PhysXEmitterSpawnable.Destroyed	Defined|Event|Public
SCRIPT	PhysXEmitterSpawnable.ReplicatedEvent	Defined|Simulated|Event|Public
SCRIPT	PhysXEmitterSpawnable.SetTemplate	Defined|Simulated|Event|HasOptionalParms|Public
SCRIPT	PickupFactory.CheckForErrors	Defined|Public|HasDefaults
SCRIPT	PickupFactory.DelayRespawn	Defined|Public
SCRIPT	PickupFactory.Destroyed	Defined|Event|Public
SCRIPT	PickupFactory.DetourWeight	Defined|Event|Public
SCRIPT	PickupFactory.Disabled.BeginState	Defined|Simulated|Event|Public
SCRIPT	PickupFactory.Disabled.EndState	Defined|Simulated|Event|Public
SCRIPT	PickupFactory.Disabled.ReadyToPickup	Defined|Public
SCRIPT	PickupFactory.Disabled.SetInitialState	Defined|Simulated|Event|Public
SCRIPT	PickupFactory.GetRespawnTime	Defined|Public
SCRIPT	PickupFactory.GiveTo	Defined|Public
SCRIPT	PickupFactory.InitializePickup	Defined|Simulated|Public
SCRIPT	PickupFactory.PickedUpBy	Defined|Public
SCRIPT	PickupFactory.Pickup.BeginState	Defined|Event|Public
SCRIPT	PickupFactory.Pickup.CheckTouching	Defined|Public
SCRIPT	PickupFactory.Pickup.DetourWeight	Defined|Event|Public
SCRIPT	PickupFactory.Pickup.ReadyToPickup	Defined|Public
SCRIPT	PickupFactory.Pickup.RecheckValidTouch	Defined|Public
SCRIPT	PickupFactory.Pickup.Touch	Defined|Event|Public
SCRIPT	PickupFactory.Pickup.ValidTouch	Defined|Public
SCRIPT	PickupFactory.PreBeginPlay	Defined|Simulated|Event|Public
SCRIPT	PickupFactory.ReadyToPickup	Defined|Public
SCRIPT	PickupFactory.ReplicatedEvent	Defined|Simulated|Event|Public
SCRIPT	PickupFactory.Reset	Defined|Public
SCRIPT	PickupFactory.SetInitialState	Defined|Simulated|Event|Public
SCRIPT	PickupFactory.SetPickupHidden	Defined|Simulated|Public
SCRIPT	PickupFactory.SetPickupMesh	Defined|Simulated|Public
SCRIPT	PickupFactory.SetPickupVisible	Defined|Simulated|Public
SCRIPT	PickupFactory.SetRespawn	Defined|Public
SCRIPT	PickupFactory.ShutDown	Defined|Simulated|Public
SCRIPT	PickupFactory.Sleeping.BeginState	Defined|Event|Public
SCRIPT	PickupFactory.Sleeping.EndState	Defined|Event|Public
SCRIPT	PickupFactory.Sleeping.ReadyToPickup	Defined|Public
SCRIPT	PickupFactory.SpawnCopyFor	Defined|Public
SCRIPT	PickupFactory.StartSleeping	Defined|Public
SCRIPT	PickupFactory.WaitingForMatch.BeginState	Defined|Event|Public
SCRIPT	PickupFactory.WaitingForMatch.MatchStarting	Defined|Public
SCRIPT	PinballCannon.BeginAttractAgain	Defined|Public
SCRIPT	PinballCannon.ChangeRotation	Defined|Public|HasDefaults
SCRIPT	PinballCannon.PostBeginPlay	Defined|Simulated|Event|Public
SCRIPT	PinballCannon.setChargeMat	Defined|Public
SCRIPT	PinballCannon.ShootOut	Defined|Public
SCRIPT	PinballCannon.Tick	Defined|Event|Public|HasDefaults
SCRIPT	PinballCannon.Touch	Defined|Event|Public
SCRIPT	PinballCannon.turnoffChargeMat	Defined|Public
SCRIPT	PlayerController.AcknowledgePossession	Defined|Public
SCRIPT	PlayerController.AddCheats	Defined|Public
SCRIPT	PlayerController.AddDebugText	Final|Defined|Net|NetReliable|Simulated|Event|HasOptionalParms|Public|NetClient
SCRIPT	PlayerController.AdjustFOV	Defined|Public
SCRIPT	PlayerController.AimHelpDot	Defined|Public
SCRIPT	PlayerController.AimingHelp	Defined|Public
SCRIPT	PlayerController.AllowTextMessage	Defined|Public
SCRIPT	PlayerController.AllowTTSMessageFrom	Final|Defined|Simulated|Private
SCRIPT	PlayerController.AskForPawn	Defined|Net|NetReliable|Public|NetServer
SCRIPT	PlayerController.BaseSpectating.BeginState	Defined|Event|Public
SCRIPT	PlayerController.BaseSpectating.EndState	Defined|Event|Public
SCRIPT	PlayerController.BaseSpectating.IsSpectating	Defined|Public
SCRIPT	PlayerController.BaseSpectating.LimitSpectatorVelocity	Defined|Public
SCRIPT	PlayerController.BaseSpectating.PlayerMove	Defined|Public
SCRIPT	PlayerController.BaseSpectating.ProcessMove	Defined|Public
SCRIPT	PlayerController.BaseSpectating.ReplicateMove	Defined|Public
SCRIPT	PlayerController.BaseSpectating.ServerSetSpectatorLocation	Defined|Net|Public|NetServer
SCRIPT	PlayerController.BugIt	Defined|Exec|Event|HasOptionalParms|Public|HasDefaults
SCRIPT	PlayerController.BugItAI	Defined|Exec|Event|HasOptionalParms|Public|HasDefaults
SCRIPT	PlayerController.BugItGo	Defined|Exec|Public|HasDefaults
SCRIPT	PlayerController.BugItGoString	Defined|Public
SCRIPT	PlayerController.BugItStringCreator	Defined|Exec|Event|Public|HasOutParms
SCRIPT	PlayerController.BugItWorker	Defined|Public
SCRIPT	PlayerController.CallCameraUpdateViewTarget	Defined|Simulated|Event|Public|HasOutParms
SCRIPT	PlayerController.CallServerMove	Defined|Public|HasDefaults
SCRIPT	PlayerController.Camera	Defined|Exec|Public
SCRIPT	PlayerController.CanAllPlayersPlayOnline	Defined|Public
SCRIPT	PlayerController.CanCommunicate	Final|Defined|Simulated|Private
SCRIPT	PlayerController.CanRestartPlayer	Defined|Public
SCRIPT	PlayerController.CanUnpause	Defined|Public|Delegate
SCRIPT	PlayerController.CanUnpauseControllerConnected	Defined|Public
SCRIPT	PlayerController.CanUnpauseExternalUI	Defined|Public
SCRIPT	PlayerController.CanViewUserCreatedContent	Defined|Public
SCRIPT	PlayerController.CauseEvent	Defined|Exec|HasOptionalParms|Public
SCRIPT	PlayerController.CE	Defined|Exec|HasOptionalParms|Public
SCRIPT	PlayerController.ChangeTeam	Defined|Exec|HasOptionalParms|Public
SCRIPT	PlayerController.CheckJumpOrDuck	Defined|Public
SCRIPT	PlayerController.CleanOutSavedMoves	Defined|Public
SCRIPT	PlayerController.CleanupPawn	Defined|Public
SCRIPT	PlayerController.CleanupPRI	Defined|Public
SCRIPT	PlayerController.ClearAckedMoves	Defined|Public
SCRIPT	PlayerController.ClearDoubleClick	Defined|Public
SCRIPT	PlayerController.ClearInviteDelegates	Defined|Public
SCRIPT	PlayerController.ClearOnlineDelegates	Defined|Event|Public
SCRIPT	PlayerController.ClientAckGoodMove	Defined|Net|Simulated|Public|NetClient
SCRIPT	PlayerController.ClientAdjustPosition	Defined|Net|Simulated|Public|HasDefaults|NetClient
SCRIPT	PlayerController.ClientAdminMessage	Defined|Net|NetReliable|Simulated|Public|NetClient
SCRIPT	PlayerController.ClientArbitratedMatchEnded	Defined|Net|NetReliable|Simulated|Public|NetClient
SCRIPT	PlayerController.ClientCancelPendingMapChange	Defined|Net|NetReliable|Simulated|Event|Public|NetClient
SCRIPT	PlayerController.ClientCapBandwidth	Defined|Net|NetReliable|Simulated|Public|NetClient
SCRIPT	PlayerController.ClientClearKismetText	Final|Defined|Net|NetReliable|Simulated|Public|NetClient
SCRIPT	PlayerController.ClientCommitMapChange	Defined|Net|NetReliable|Simulated|Event|Public|NetClient
SCRIPT	PlayerController.ClientControlMovieTexture	Defined|Net|NetReliable|Simulated|Public|NetClient
SCRIPT	PlayerController.ClientDrawCoordinateSystem	Defined|Net|NetReliable|Simulated|HasOptionalParms|Public|NetClient
SCRIPT	PlayerController.ClientDrawKismetText	Final|Defined|Net|NetReliable|Simulated|Public|NetClient
SCRIPT	PlayerController.ClientEndOnlineGame	Defined|Net|NetReliable|Simulated|Public|NetClient
SCRIPT	PlayerController.ClientForceGarbageCollection	Defined|Net|NetReliable|Simulated|Event|Public|NetClient
SCRIPT	PlayerController.ClientGameEnded	Defined|Net|NetReliable|Simulated|Public|NetClient
SCRIPT	PlayerController.ClientGotoState	Defined|Net|NetReliable|Simulated|HasOptionalParms|Public|NetClient
SCRIPT	PlayerController.ClientHearSound	Defined|Net|Simulated|Event|HasOptionalParms|Public|NetClient
SCRIPT	PlayerController.ClientIgnoreLookInput	Defined|Net|NetReliable|Simulated|Public|NetClient
SCRIPT	PlayerController.ClientIgnoreMoveInput	Defined|Net|NetReliable|Simulated|Public|NetClient
SCRIPT	PlayerController.ClientInitializeDataStores	Defined|Net|NetReliable|Simulated|Public|NetClient
SCRIPT	PlayerController.ClientMessage	Defined|Net|NetReliable|Simulated|Event|HasOptionalParms|Public|NetClient
SCRIPT	PlayerController.ClientMutePlayer	Defined|Net|NetReliable|Simulated|Event|Public|NetClient
SCRIPT	PlayerController.ClientPlayActorFaceFXAnim	Defined|Net|NetReliable|Simulated|Public|NetClient
SCRIPT	PlayerController.ClientPlayCameraAnim	Defined|Net|Simulated|Event|HasOptionalParms|Public|NetClient
SCRIPT	PlayerController.ClientPlayCameraShake	Defined|Net|Simulated|HasOptionalParms|Public|NetClient
SCRIPT	PlayerController.ClientPlayForceFeedbackWaveform	Defined|Net|NetReliable|Simulated|Event|Public|NetClient
SCRIPT	PlayerController.ClientPlaySound	Defined|Net|Simulated|Event|Public|NetClient
SCRIPT	PlayerController.ClientPrepareMapChange	Defined|Net|NetReliable|Simulated|Event|Public|NetClient
SCRIPT	PlayerController.ClientPrestreamTextures	Defined|Net|NetReliable|Simulated|Event|HasOptionalParms|Public|NetClient
SCRIPT	PlayerController.ClientRegisterForArbitration	Defined|Net|NetReliable|Simulated|Public|NetClient
SCRIPT	PlayerController.ClientRegisterHostStatGuid	Defined|Net|NetReliable|Simulated|Public|NetClient
SCRIPT	PlayerController.ClientReset	Defined|Net|NetReliable|Simulated|Public|NetClient
SCRIPT	PlayerController.ClientRestart	Defined|Net|NetReliable|Simulated|Public|NetClient
SCRIPT	PlayerController.ClientReturnToParty	Defined|Net|NetReliable|Simulated|Public|NetClient
SCRIPT	PlayerController.ClientSetBlockOnAsyncLoading	Defined|Net|NetReliable|Simulated|Event|Public|NetClient
SCRIPT	PlayerController.ClientSetCameraFade	Defined|Net|NetReliable|Simulated|Event|HasOptionalParms|Public|NetClient
SCRIPT	PlayerController.ClientSetCameraMode	Defined|Net|NetReliable|Simulated|Public|NetClient
SCRIPT	PlayerController.ClientSetCinematicMode	Defined|Net|NetReliable|Simulated|Public|NetClient
SCRIPT	PlayerController.ClientSetForceMipLevelsToBeResident	Defined|Net|NetReliable|Simulated|Event|HasOptionalParms|Public|NetClient
SCRIPT	PlayerController.ClientSetHUD	Defined|Net|NetReliable|Simulated|Public|NetClient
SCRIPT	PlayerController.ClientSetProgressMessage	Defined|Net|NetReliable|Simulated|Event|HasOptionalParms|Public|NetClient
SCRIPT	PlayerController.ClientSetViewTarget	Defined|Net|NetReliable|Simulated|Event|HasOptionalParms|Public|NetClient
SCRIPT	PlayerController.ClientSpawnCameraLensEffect	Defined|Net|Simulated|Event|Public|NetClient
SCRIPT	PlayerController.ClientStartNetworkedVoice	Defined|Net|NetReliable|Simulated|Public|NetClient
SCRIPT	PlayerController.ClientStartOnlineGame	Defined|Net|NetReliable|Simulated|Public|NetClient
SCRIPT	PlayerController.ClientStopCameraAnim	Defined|Net|NetReliable|Simulated|Event|Public|NetClient
SCRIPT	PlayerController.ClientStopCameraShake	Defined|Net|Simulated|Public|NetClient
SCRIPT	PlayerController.ClientStopForceFeedbackWaveform	Final|Defined|Net|NetReliable|Simulated|Event|HasOptionalParms|Public|NetClient
SCRIPT	PlayerController.ClientStopNetworkedVoice	Defined|Net|NetReliable|Simulated|Public|NetClient
SCRIPT	PlayerController.ClientTravelToSession	Defined|Net|NetReliable|Simulated|Public|HasDefaults|NetClient
SCRIPT	PlayerController.ClientUnmutePlayer	Defined|Net|NetReliable|Simulated|Event|Public|NetClient
SCRIPT	PlayerController.ClientUpdatePosition	Defined|Public|HasDefaults
SCRIPT	PlayerController.ClientVoiceHandshakeComplete	Defined|Net|NetReliable|Simulated|Public|NetClient
SCRIPT	PlayerController.ClientWriteOnlinePlayerScores	Defined|Net|NetReliable|Simulated|Public|HasDefaults|NetClient
SCRIPT	PlayerController.CompressAccel	Defined|Public
SCRIPT	PlayerController.ConditionalPause	Defined|Event|Public
SCRIPT	PlayerController.ConsoleKey	Defined|Exec|Public
SCRIPT	PlayerController.Dead.BeginState	Defined|Event|Public
SCRIPT	PlayerController.Dead.EndState	Defined|Event|Public
SCRIPT	PlayerController.Dead.FindGoodView	Defined|Public
SCRIPT	PlayerController.Dead.IsDead	Defined|Public
SCRIPT	PlayerController.Dead.Jump	Defined|Exec|Public
SCRIPT	PlayerController.Dead.PlayerMove	Defined|Public
SCRIPT	PlayerController.Dead.ServerMove	Defined|Net|Public|NetServer
SCRIPT	PlayerController.Dead.ServerRestartPlayer	Defined|Net|NetReliable|Public|NetServer
SCRIPT	PlayerController.Dead.StartFire	Defined|Exec|HasOptionalParms|Public
SCRIPT	PlayerController.Dead.Timer	Defined|Event|Public
SCRIPT	PlayerController.Dead.Use	Defined|Exec|Public
SCRIPT	PlayerController.DebugLogPRIs	Defined|Public|HasDefaults
SCRIPT	PlayerController.DelayedPrepareMapChange	Defined|Public
SCRIPT	PlayerController.Destroyed	Defined|Event|Public
SCRIPT	PlayerController.DisableDebugAI	Defined|Public
SCRIPT	PlayerController.DisplayDebug	Defined|Simulated|Public|HasOutParms
SCRIPT	PlayerController.DrawDebugTextList	Final|Defined|Simulated|Public|HasDefaults
SCRIPT	PlayerController.DrawHUD	Defined|Public
SCRIPT	PlayerController.DualServerMove	Defined|Net|Public|NetServer
SCRIPT	PlayerController.DumpOnlineSessionState	Defined|Exec|Public
SCRIPT	PlayerController.EnableCheats	Defined|Exec|Public
SCRIPT	PlayerController.EnterStartState	Defined|Public
SCRIPT	PlayerController.FindVehicleToDrive	Defined|Public|HasDefaults
SCRIPT	PlayerController.FixFOV	Defined|Public
SCRIPT	PlayerController.ForceClearUnpauseDelegates	Defined|Public
SCRIPT	PlayerController.ForceDeathUpdate	Defined|Public
SCRIPT	PlayerController.FOV	Defined|Exec|Public
SCRIPT	PlayerController.FroceResetIgnoreMoveInput	Defined|Public
SCRIPT	PlayerController.GameHasEnded	Defined|HasOptionalParms|Public
SCRIPT	PlayerController.GameplayMutePlayer	Defined|Public
SCRIPT	PlayerController.GameplayUnmutePlayer	Defined|Public
SCRIPT	PlayerController.GetAdjustedAimFor	Defined|Public|HasDefaults
SCRIPT	PlayerController.GetFOVAngle	Defined|Event|Public
SCRIPT	PlayerController.GetFreeMove	Final|Defined|Public
SCRIPT	PlayerController.GetOnlineSubsystem	Final|Defined|Simulated|Public
SCRIPT	PlayerController.GetPlayerViewPoint	Defined|Simulated|Event|Public|HasOutParms
SCRIPT	PlayerController.GetRumbleScale	Final|Defined|Public
SCRIPT	PlayerController.GetSeamlessTravelActorList	Defined|Event|Public|HasOutParms
SCRIPT	PlayerController.GetServerMoveDeltaTime	Defined|Public
SCRIPT	PlayerController.GetSplitscreenPlayerByIndex	Defined|Simulated|HasOptionalParms|Public
SCRIPT	PlayerController.GetSplitscreenPlayerCount	Defined|Simulated|Public
SCRIPT	PlayerController.GetTriggerUseList	Defined|Public|HasOutParms|HasDefaults
SCRIPT	PlayerController.GetUIController	Final|Defined|Public
SCRIPT	PlayerController.GivePawn	Defined|Net|NetReliable|Simulated|Public|NetClient
SCRIPT	PlayerController.HandlePickup	Defined|Public
SCRIPT	PlayerController.HandleWalking	Defined|Public
SCRIPT	PlayerController.HasSplitscreenPlayer	Defined|Simulated|Public
SCRIPT	PlayerController.HearSoundFinished	Defined|Simulated|Public
SCRIPT	PlayerController.IgnoreLookInput	Defined|Public
SCRIPT	PlayerController.IgnoreMoveInput	Defined|Public
SCRIPT	PlayerController.IncrementNumberOfMatchesPlayed	Defined|Public
SCRIPT	PlayerController.InitInputSystem	Defined|Event|Public
SCRIPT	PlayerController.InviteHasEnoughSpace	Defined|Public
SCRIPT	PlayerController.IsClosestLocalPlayerToActor	Defined|Simulated|Public
SCRIPT	PlayerController.IsForceFeedbackAllowed	Defined|Simulated|Public
SCRIPT	PlayerController.IsLookInputIgnored	Defined|Event|Public
SCRIPT	PlayerController.IsMoveInputIgnored	Defined|Event|Public
SCRIPT	PlayerController.IsPartyLeader	Defined|Simulated|Public
SCRIPT	PlayerController.IsPaused	Final|Defined|Simulated|Public
SCRIPT	PlayerController.IsPrimaryPlayer	Defined|Simulated|Public
SCRIPT	PlayerController.IsSpectating	Defined|Public
SCRIPT	PlayerController.IsSplitscreenPlayer	Defined|Simulated|HasOptionalParms|Public|HasOutParms
SCRIPT	PlayerController.KickWarning	Defined|Event|Public
SCRIPT	PlayerController.Kismet_ClientPlaySound	Defined|Net|NetReliable|Simulated|Event|Public|NetClient
SCRIPT	PlayerController.Kismet_ClientStopSound	Defined|Net|NetReliable|Simulated|Event|Public|NetClient
SCRIPT	PlayerController.LevelStreamingStatusChanged	Final|Defined|Event|Public
SCRIPT	PlayerController.LimitViewRotation	Defined|Event|Public
SCRIPT	PlayerController.ListCE	Defined|Exec|Public
SCRIPT	PlayerController.ListConsoleEvents	Defined|Exec|Public
SCRIPT	PlayerController.LocalTravel	Defined|Exec|Public
SCRIPT	PlayerController.LogLoc	Defined|Exec|Public|HasDefaults
SCRIPT	PlayerController.LongClientAdjustPosition	Defined|Net|Simulated|Public|HasDefaults|NetClient
SCRIPT	PlayerController.MoveAutonomous	Defined|Public
SCRIPT	PlayerController.MoveLog	Defined|HasOptionalParms|Public
SCRIPT	PlayerController.Mutate	Defined|Exec|Public
SCRIPT	PlayerController.NextWeapon	Defined|Exec|Public
SCRIPT	PlayerController.NotifyDirectorControl	Defined|Event|Public
SCRIPT	PlayerController.NotifyInviteFailed	Defined|Public
SCRIPT	PlayerController.NotifyLanded	Defined|Event|Public
SCRIPT	PlayerController.NotifyLoadedWorld	Defined|Event|Public|HasDefaults
SCRIPT	PlayerController.NotifyNotAllPlayersCanJoinInvite	Defined|Public
SCRIPT	PlayerController.NotifyNotEnoughSpaceInInvite	Defined|Public
SCRIPT	PlayerController.NotifyTakeHit	Defined|Public
SCRIPT	PlayerController.OldServerMove	Defined|Net|Public|NetServer|HasDefaults
SCRIPT	PlayerController.OnArbitrationRegisterComplete	Defined|Public
SCRIPT	PlayerController.OnCameraShake	Defined|Public
SCRIPT	PlayerController.OnConsoleCommand	Defined|Public
SCRIPT	PlayerController.OnControllerChanged	Defined|Public
SCRIPT	PlayerController.OnDestroy	Defined|Simulated|Public
SCRIPT	PlayerController.OnDestroyForInviteComplete	Defined|Public
SCRIPT	PlayerController.OnDrawText	Defined|Public
SCRIPT	PlayerController.OnEndForInviteComplete	Defined|Public
SCRIPT	PlayerController.OnExternalUIChanged	Defined|Public
SCRIPT	PlayerController.OnFlyThroughHasEnded	Defined|Simulated|Public
SCRIPT	PlayerController.OnForceFeedback	Defined|Public
SCRIPT	PlayerController.OnGameInviteAccepted	Defined|Public|HasOutParms
SCRIPT	PlayerController.OnInviteJoinComplete	Defined|Public
SCRIPT	PlayerController.OnJoinTravelToSessionComplete	Defined|Public
SCRIPT	PlayerController.OnRegisterHostStatGuidComplete	Defined|Public
SCRIPT	PlayerController.OnSetCameraTarget	Defined|Simulated|Public
SCRIPT	PlayerController.OnSetCameraTargetAdvanced	Defined|Simulated|Public|HasDefaults
SCRIPT	PlayerController.OnSetSoundMode	Defined|Public
SCRIPT	PlayerController.OnToggleCinematicMode	Defined|Public
SCRIPT	PlayerController.OnToggleHUD	Defined|Simulated|Public
SCRIPT	PlayerController.OnToggleInput	Defined|Public
SCRIPT	PlayerController.PathChild	Defined|Exec|HasOptionalParms|Public
SCRIPT	PlayerController.PathClear	Defined|Exec|Public
SCRIPT	PlayerController.PathStep	Defined|Exec|HasOptionalParms|Public
SCRIPT	PlayerController.Pause	Defined|Exec|Public
SCRIPT	PlayerController.PauseRumbleForAllPlayers	Defined|HasOptionalParms|Public
SCRIPT	PlayerController.PawnDied	Defined|Public
SCRIPT	PlayerController.PerformedUseAction	Defined|Public
SCRIPT	PlayerController.PlayerClimbing.BeginState	Defined|Event|Public
SCRIPT	PlayerController.PlayerClimbing.EndState	Defined|Event|Public
SCRIPT	PlayerController.PlayerClimbing.NotifyPhysicsVolumeChange	Defined|Event|Public
SCRIPT	PlayerController.PlayerClimbing.PlayerMove	Defined|Public
SCRIPT	PlayerController.PlayerClimbing.ProcessMove	Defined|Public
SCRIPT	PlayerController.PlayerDriving.BeginState	Defined|Event|Public
SCRIPT	PlayerController.PlayerDriving.EndState	Defined|Event|Public
SCRIPT	PlayerController.PlayerDriving.PlayerMove	Defined|Public
SCRIPT	PlayerController.PlayerDriving.ProcessDrive	Defined|Public
SCRIPT	PlayerController.PlayerDriving.ServerUse	Defined|Net|Public|NetServer
SCRIPT	PlayerController.PlayerFlying.BeginState	Defined|Event|Public
SCRIPT	PlayerController.PlayerFlying.PlayerMove	Defined|Public
SCRIPT	PlayerController.PlayerSwimming.BeginState	Defined|Event|Public
SCRIPT	PlayerController.PlayerSwimming.NotifyLanded	Defined|Event|Public
SCRIPT	PlayerController.PlayerSwimming.NotifyPhysicsVolumeChange	Defined|Event|Public
SCRIPT	PlayerController.PlayerSwimming.PlayerMove	Defined|Public
SCRIPT	PlayerController.PlayerSwimming.ProcessMove	Defined|Public
SCRIPT	PlayerController.PlayerSwimming.Timer	Defined|Event|Public
SCRIPT	PlayerController.PlayerTick	Defined|Event|Public
SCRIPT	PlayerController.PlayerWaiting.BeginState	Defined|Simulated|Event|Public
SCRIPT	PlayerController.PlayerWaiting.EndState	Defined|Event|Public
SCRIPT	PlayerController.PlayerWaiting.ServerChangeTeam	Defined|Net|NetReliable|Public|NetServer
SCRIPT	PlayerController.PlayerWaiting.ServerRestartPlayer	Defined|Net|NetReliable|Public|NetServer
SCRIPT	PlayerController.PlayerWaiting.StartFire	Defined|Exec|HasOptionalParms|Public
SCRIPT	PlayerController.PlayerWalking.BeginState	Defined|Event|Public
SCRIPT	PlayerController.PlayerWalking.EndState	Defined|Event|Public
SCRIPT	PlayerController.PlayerWalking.NotifyPhysicsVolumeChange	Defined|Event|Public
SCRIPT	PlayerController.PlayerWalking.PlayerMove	Defined|Public
SCRIPT	PlayerController.PlayerWalking.ProcessMove	Defined|Public
SCRIPT	PlayerController.PlayRumble	Defined|Event|Public
SCRIPT	PlayerController.Possess	Defined|Event|Public
SCRIPT	PlayerController.PostBeginPlay	Defined|Simulated|Event|Public
SCRIPT	PlayerController.PostControllerIdChange	Defined|Public|HasDefaults
SCRIPT	PlayerController.PreClientTravel	Defined|Event|Public
SCRIPT	PlayerController.PreControllerIdChange	Defined|Public
SCRIPT	PlayerController.PrevWeapon	Defined|Exec|Public
SCRIPT	PlayerController.ProcessDrive	Defined|Public
SCRIPT	PlayerController.ProcessMove	Defined|Public
SCRIPT	PlayerController.ProcessViewRotation	Defined|Public|HasOutParms
SCRIPT	PlayerController.QuickLoad	Defined|Exec|Public
SCRIPT	PlayerController.QuickSave	Defined|Exec|Public
SCRIPT	PlayerController.RE	Defined|Exec|HasOptionalParms|Public
SCRIPT	PlayerController.ReceivedPlayer	Defined|Simulated|Event|Public
SCRIPT	PlayerController.ReceiveLocalizedMessage	Defined|Net|NetReliable|Simulated|Event|HasOptionalParms|Public|NetClient
SCRIPT	PlayerController.RegisterCustomPlayerDataStores	Defined|Simulated|Protected
SCRIPT	PlayerController.RegisterOnlineDelegates	Defined|Public
SCRIPT	PlayerController.RegisterPlayerDataStores	Final|Defined|Simulated|Public
SCRIPT	PlayerController.RegisterStandardPlayerDataStores	Defined|Simulated|Protected
SCRIPT	PlayerController.ReloadProfileSettings	Defined|Simulated|Public
SCRIPT	PlayerController.RemoteEvent	Defined|Exec|HasOptionalParms|Public
SCRIPT	PlayerController.RemoveAllDebugStrings	Final|Defined|Net|NetReliable|Simulated|Event|Public|NetClient
SCRIPT	PlayerController.RemoveDebugText	Final|Defined|Net|NetReliable|Simulated|Event|Public|NetClient
SCRIPT	PlayerController.ReplicateMove	Defined|Public
SCRIPT	PlayerController.Reset	Defined|Public
SCRIPT	PlayerController.ResetCameraMode	Defined|Event|Public
SCRIPT	PlayerController.ResetFOV	Defined|Public
SCRIPT	PlayerController.ResetPlayerMovementInput	Defined|Public
SCRIPT	PlayerController.ResetTimeMargin	Defined|Public
SCRIPT	PlayerController.Restart	Defined|Public
SCRIPT	PlayerController.RestartLevel	Defined|Exec|Public
SCRIPT	PlayerController.RoundEnded.BeginState	Defined|Event|Public
SCRIPT	PlayerController.RoundEnded.EndState	Defined|Event|Public
SCRIPT	PlayerController.RoundEnded.FindGoodView	Defined|Public
SCRIPT	PlayerController.RoundEnded.IsSpectating	Defined|Public
SCRIPT	PlayerController.RoundEnded.PlayerMove	Defined|Public
SCRIPT	PlayerController.RoundEnded.Possess	Defined|Event|Public
SCRIPT	PlayerController.RoundEnded.ServerMove	Defined|Net|Public|NetServer
SCRIPT	PlayerController.RoundEnded.ServerRestartGame	Defined|Net|NetReliable|Public|NetServer
SCRIPT	PlayerController.RoundEnded.StartFire	Defined|Exec|HasOptionalParms|Public
SCRIPT	PlayerController.RoundEnded.Timer	Defined|Event|Public
SCRIPT	PlayerController.SaveActorConfig	Defined|Exec|Public
SCRIPT	PlayerController.SaveClassConfig	Defined|Exec|Public
SCRIPT	PlayerController.Say	Defined|Exec|Public
SCRIPT	PlayerController.SeamlessTravelFrom	Defined|Public
SCRIPT	PlayerController.SendClientAdjustment	Defined|Event|Public
SCRIPT	PlayerController.SendToConsole	Defined|Exec|Public
SCRIPT	PlayerController.ServerAcknowledgePossession	Defined|Net|NetReliable|Public|NetServer
SCRIPT	PlayerController.ServerCamera	Defined|Net|NetReliable|Public|NetServer
SCRIPT	PlayerController.ServerCauseEvent	Defined|Net|Public|NetServer
SCRIPT	PlayerController.ServerChangeName	Defined|Net|NetReliable|Public|NetServer
SCRIPT	PlayerController.ServerChangeTeam	Defined|Net|NetReliable|Public|NetServer
SCRIPT	PlayerController.ServerDrive	Defined|Net|Public|NetServer|HasDefaults
SCRIPT	PlayerController.ServerGivePawn	Defined|Public
SCRIPT	PlayerController.ServerMove	Defined|Net|Public|NetServer|HasDefaults
SCRIPT	PlayerController.ServerMoveHandleClientError	Defined|Public|HasDefaults
SCRIPT	PlayerController.ServerMutate	Defined|Net|NetReliable|Public|NetServer
SCRIPT	PlayerController.ServerMutePlayer	Defined|Net|NetReliable|Event|Public|NetServer
SCRIPT	PlayerController.ServerPause	Defined|Net|NetReliable|Public|NetServer
SCRIPT	PlayerController.ServerRegisterClientStatGuid	Defined|Net|NetReliable|Public|NetServer
SCRIPT	PlayerController.ServerRegisteredForArbitration	Defined|Net|NetReliable|Public|NetServer
SCRIPT	PlayerController.ServerRemoteEvent	Defined|Net|Public|NetServer
SCRIPT	PlayerController.ServerSay	Defined|Net|Public|NetServer
SCRIPT	PlayerController.ServerSetNetSpeed	Defined|Net|NetReliable|Public|NetServer
SCRIPT	PlayerController.ServerSetSpectatorLocation	Defined|Net|Public|NetServer
SCRIPT	PlayerController.ServerShortTimeout	Defined|Net|NetReliable|Public|NetServer
SCRIPT	PlayerController.ServerSuicide	Defined|Net|NetReliable|Public|NetServer
SCRIPT	PlayerController.ServerTeamSay	Defined|Net|Public|NetServer
SCRIPT	PlayerController.ServerThrowWeapon	Defined|Net|NetReliable|Public|NetServer
SCRIPT	PlayerController.ServerUnmutePlayer	Defined|Net|NetReliable|Event|Public|NetServer
SCRIPT	PlayerController.ServerUpdatePing	Defined|Net|Public|NetServer
SCRIPT	PlayerController.ServerUse	Defined|Net|Public|NetServer
SCRIPT	PlayerController.ServerUTrace	Defined|Net|NetReliable|Public|NetServer
SCRIPT	PlayerController.ServerVerifyViewTarget	Defined|Net|NetReliable|Public|NetServer
SCRIPT	PlayerController.ServerViewNextPlayer	Defined|Net|Public|NetServer
SCRIPT	PlayerController.ServerViewPrevPlayer	Defined|Net|Public|NetServer
SCRIPT	PlayerController.ServerViewSelf	Defined|Net|HasOptionalParms|Public|NetServer
SCRIPT	PlayerController.SetCameraMode	Defined|Public
SCRIPT	PlayerController.SetCinematicMode	Defined|Public
SCRIPT	PlayerController.SetFOV	Defined|Public
SCRIPT	PlayerController.SetName	Defined|Exec|Public
SCRIPT	PlayerController.SetPause	Defined|HasOptionalParms|Public
SCRIPT	PlayerController.SetPlayerDataProvider	Defined|Simulated|Public
SCRIPT	PlayerController.SetRumbleScale	Final|Defined|Public
SCRIPT	PlayerController.SetViewTargetWithBlend	Final|Defined|HasOptionalParms|Public|HasDefaults
SCRIPT	PlayerController.ShortClientAdjustPosition	Defined|Net|Simulated|Public|HasDefaults|NetClient
SCRIPT	PlayerController.ShowGameState	Defined|Exec|Public
SCRIPT	PlayerController.ShowPlayerState	Defined|Exec|Public
SCRIPT	PlayerController.SoakPause	Defined|Event|Public
SCRIPT	PlayerController.SpawnCoverReplicator	Defined|Public
SCRIPT	PlayerController.SpawnDefaultHUD	Defined|Public
SCRIPT	PlayerController.SpawnPlayerCamera	Defined|Event|Public
SCRIPT	PlayerController.SpeakTTS	Defined|Simulated|HasOptionalParms|Public
SCRIPT	PlayerController.Spectating.BeginState	Defined|Event|Public
SCRIPT	PlayerController.Spectating.EndState	Defined|Event|Public
SCRIPT	PlayerController.Spectating.StartAltFire	Defined|Exec|HasOptionalParms|Public
SCRIPT	PlayerController.Spectating.StartFire	Defined|Exec|HasOptionalParms|Public
SCRIPT	PlayerController.Speech	Defined|Exec|Public
SCRIPT	PlayerController.StartAltFire	Defined|Exec|HasOptionalParms|Public
SCRIPT	PlayerController.StartFire	Defined|Exec|HasOptionalParms|Public
SCRIPT	PlayerController.StopAltFire	Defined|Exec|HasOptionalParms|Public
SCRIPT	PlayerController.StopFire	Defined|Exec|HasOptionalParms|Public
SCRIPT	PlayerController.Suicide	Defined|Exec|Public
SCRIPT	PlayerController.SwitchLevel	Defined|Exec|Public
SCRIPT	PlayerController.SwitchTeam	Defined|Exec|Public
SCRIPT	PlayerController.Talk	Defined|Exec|Public
SCRIPT	PlayerController.TeamMessage	Defined|Net|NetReliable|Simulated|Event|HasOptionalParms|Public|NetClient
SCRIPT	PlayerController.TeamSay	Defined|Exec|Public
SCRIPT	PlayerController.TeamTalk	Defined|Exec|Public
SCRIPT	PlayerController.ThrowWeapon	Defined|Exec|Public
SCRIPT	PlayerController.TriggerInteracted	Defined|Public|HasDefaults
SCRIPT	PlayerController.UnPossess	Defined|Event|Public
SCRIPT	PlayerController.UnregisterPlayerDataStores	Defined|Simulated|Public
SCRIPT	PlayerController.UnregisterStandardPlayerDataStores	Defined|Simulated|Public
SCRIPT	PlayerController.UpdatePing	Final|Defined|Public
SCRIPT	PlayerController.UpdateRotation	Defined|Public|HasDefaults
SCRIPT	PlayerController.UpdateStateFromAdjustment	Defined|Public
SCRIPT	PlayerController.Use	Defined|Exec|Public
SCRIPT	PlayerController.UsingFirstPersonCamera	Defined|Public
SCRIPT	PlayerController.UTrace	Defined|Exec|Public
SCRIPT	PlayerController.VeryShortClientAdjustPosition	Defined|Net|Simulated|Public|HasDefaults|NetClient
SCRIPT	PlayerController.ViewAPlayer	Defined|Public
SCRIPT	PlayerController.WaitingForPawn.BeginState	Defined|Event|Public
SCRIPT	PlayerController.WaitingForPawn.ClientGotoState	Defined|Net|NetReliable|Simulated|HasOptionalParms|Public|NetClient
SCRIPT	PlayerController.WaitingForPawn.EndState	Defined|Event|Public
SCRIPT	PlayerController.WaitingForPawn.LongClientAdjustPosition	Defined|Net|Simulated|Public|NetClient
SCRIPT	PlayerController.WaitingForPawn.PlayerTick	Defined|Event|Public
SCRIPT	PlayerController.WaitingForPawn.ReplicateMove	Defined|Public
SCRIPT	PlayerController.WaitingForPawn.StartFire	Defined|Exec|HasOptionalParms|Public
SCRIPT	PlayerController.WaitingForPawn.Timer	Defined|Event|Public
SCRIPT	PlayerInput.AdjustMouseSensitivity	Defined|Public
SCRIPT	PlayerInput.CatchDoubleClickInput	Defined|Public
SCRIPT	PlayerInput.CheckForDoubleClickMove	Defined|Public
SCRIPT	PlayerInput.ClearSmoothing	Defined|Exec|Public
SCRIPT	PlayerInput.InvertMouse	Defined|Exec|Public
SCRIPT	PlayerInput.InvertTurn	Defined|Exec|Public
SCRIPT	PlayerInput.Jump	Defined|Exec|Public
SCRIPT	PlayerInput.PlayerInput	Defined|Event|Public
SCRIPT	PlayerInput.ProcessInputMatching	Final|Defined|Public
SCRIPT	PlayerInput.SetSensitivity	Defined|Exec|Public
SCRIPT	PlayerInput.SmartJump	Defined|Exec|Public
SCRIPT	PlayerInput.SmoothMouse	Defined|Public|HasOutParms
SCRIPT	PlayerOwnerDataProvider.CleanupDataProvider	Defined|Public
SCRIPT	PlayerOwnerDataProvider.SetPlayerDataProvider	Defined|Public
SCRIPT	PlayerOwnerDataStore.ClearDataProviders	Final|Defined|Public
SCRIPT	PlayerOwnerDataStore.NotifyGameSessionEnded	Defined|Public
SCRIPT	PlayerOwnerDataStore.SetPlayerDataProvider	Defined|Public
SCRIPT	PlayerReplicationInfo.BindPlayerOwnerDataProvider	Defined|Simulated|Public
SCRIPT	PlayerReplicationInfo.ClientInitialize	Defined|Simulated|Public
SCRIPT	PlayerReplicationInfo.CopyProperties	Defined|Public
SCRIPT	PlayerReplicationInfo.Destroyed	Defined|Simulated|Event|Public
SCRIPT	PlayerReplicationInfo.DisplayDebug	Defined|Simulated|Public|HasOutParms
SCRIPT	PlayerReplicationInfo.Duplicate	Defined|Public
SCRIPT	PlayerReplicationInfo.GetCurrentGameDS	Defined|Simulated|Public
SCRIPT	PlayerReplicationInfo.GetHumanReadableName	Defined|Simulated|Public
SCRIPT	PlayerReplicationInfo.GetLocationName	Defined|Simulated|Public
SCRIPT	PlayerReplicationInfo.IncrementDeaths	Defined|HasOptionalParms|Public
SCRIPT	PlayerReplicationInfo.IsInvalidName	Defined|Simulated|Public
SCRIPT	PlayerReplicationInfo.IsLocalPlayerPRI	Defined|Simulated|Public
SCRIPT	PlayerReplicationInfo.NotifyLocalPlayerTeamReceived	Defined|Simulated|Public
SCRIPT	PlayerReplicationInfo.OverrideWith	Defined|Public
SCRIPT	PlayerReplicationInfo.PostBeginPlay	Defined|Simulated|Event|Public
SCRIPT	PlayerReplicationInfo.RegisterPlayerWithSession	Defined|Simulated|Public
SCRIPT	PlayerReplicationInfo.ReplicatedDataBinding	Defined|Simulated|Event|Public
SCRIPT	PlayerReplicationInfo.ReplicatedEvent	Defined|Simulated|Event|Public
SCRIPT	PlayerReplicationInfo.Reset	Defined|Public
SCRIPT	PlayerReplicationInfo.SeamlessTravelTo	Defined|Public
SCRIPT	PlayerReplicationInfo.ServerSetSplitscreenIndex	Defined|Net|NetReliable|Public|NetServer
SCRIPT	PlayerReplicationInfo.SetPlayerName	Defined|Event|Public
SCRIPT	PlayerReplicationInfo.SetPlayerTeam	Defined|Public
SCRIPT	PlayerReplicationInfo.SetSplitscreenIndex	Defined|Simulated|Public
SCRIPT	PlayerReplicationInfo.SetUniqueId	Defined|Simulated|Public
SCRIPT	PlayerReplicationInfo.SetWaitingPlayer	Defined|Public
SCRIPT	PlayerReplicationInfo.ShouldBroadCastWelcomeMessage	Defined|Simulated|HasOptionalParms|Public
SCRIPT	PlayerReplicationInfo.Timer	Defined|Event|Public
SCRIPT	PlayerReplicationInfo.UnregisterPlayerFromSession	Defined|Simulated|Public|HasDefaults
SCRIPT	PlayerReplicationInfo.UpdatePlayerDataProvider	Defined|Simulated|HasOptionalParms|Public
SCRIPT	PlayerReplicationInfo.UpdatePlayerLocation	Defined|Public
SCRIPT	PlayerReplicationInfo.UpdateTeamDataProvider	Defined|Simulated|Public
SCRIPT	PlayerStart.OnToggle	Defined|Simulated|Public
SCRIPT	PointLightComponent.OnUpdatePropertyBrightness	Defined|Public
SCRIPT	PointLightComponent.OnUpdatePropertyLightColor	Defined|Public
SCRIPT	PointLightToggleable.ApplyCheckpointRecord	Defined|Public|HasOutParms
SCRIPT	PointLightToggleable.CreateCheckpointRecord	Defined|Public|HasOutParms
SCRIPT	PointLightToggleable.ShouldSaveForCheckpoint	Defined|Public
SCRIPT	PortalTeleporter.StopsProjectile	Defined|Simulated|Public
SCRIPT	PostProcessChain.FindPostProcessEffect	Final|Defined|Event|Public
SCRIPT	PostProcessVolume.OnToggle	Defined|Simulated|Public
SCRIPT	PotentialClimbWatcher.Tick	Defined|Simulated|Event|Public|HasDefaults
SCRIPT	PowerupDataProvider.IsValidDataSourceClass	Defined|Event|Public
SCRIPT	PressurePad.CheckActors	Defined|Public
SCRIPT	PressurePad.PlayFxEffect	Defined|Public|HasDefaults
SCRIPT	PressurePad.PostBeginPlay	Defined|Simulated|Event|Public
SCRIPT	PressurePad.SetFrameCollision	Defined|Public
SCRIPT	PressurePad.ShouldSaveForCheckpoint	Defined|Public
SCRIPT	PressurePad.Tick	Defined|Event|Public|HasDefaults
SCRIPT	PressurePad.Touch	Defined|Event|Public
SCRIPT	PressureTriggerVolume.PostBeginPlay	Defined|Simulated|Event|Public
SCRIPT	PressureTriggerVolume.StopsProjectile	Defined|Simulated|Public
SCRIPT	PreTargetingMode_MergeManager.AdjustPreTargetByPriority	Defined|Public|HasOutParms
SCRIPT	PreTargetingMode_MergeManager.CalcAngleCamera	Defined|Public|HasDefaults
SCRIPT	PreTargetingMode_MergeManager.CalcAnglePawn	Defined|Public|HasDefaults
SCRIPT	PreTargetingMode_MergeManager.ChooseByDistance	Defined|Public|HasOutParms
SCRIPT	PreTargetingMode_MergeManager.ChooseByPotentialField	Defined|Public|HasOutParms|HasDefaults
SCRIPT	PreTargetingMode_MergeManager.ChooseFromCameraView	Defined|Public|HasOutParms
SCRIPT	PreTargetingMode_MergeManager.DeterminePreTarget	Defined|Public
SCRIPT	PreTargetingMode_MergeManager.Initialize	Final|Defined|Simulated|Public
SCRIPT	PreTargetingMode_MergeManager.IsValidePV	Defined|Public
SCRIPT	PreTargetingMode_MergeManager.NotifyTargetWillChange	Defined|HasOptionalParms|Public
SCRIPT	PreTargetingMode_MergeManager.SelectTarget	Defined|HasOptionalParms|Public
SCRIPT	PreTargetingMode_MergeManager.Update	Defined|Public
SCRIPT	PrimitiveComponent.GetPosition	Final|Defined|Public|HasDefaults
SCRIPT	Projectile.ApplyFluidSurfaceImpact	Defined|Simulated|Public
SCRIPT	Projectile.CanSplash	Defined|Simulated|Public
SCRIPT	Projectile.Destroyed	Defined|Simulated|Public
SCRIPT	Projectile.EncroachedBy	Defined|Simulated|Event|Public
SCRIPT	Projectile.EncroachingOn	Defined|Event|Public
SCRIPT	Projectile.Explode	Defined|Simulated|HasOptionalParms|Public
SCRIPT	Projectile.FellOutOfWorld	Defined|Simulated|Event|Public
SCRIPT	Projectile.GetRange	Defined|Simulated|Static|Public
SCRIPT	Projectile.GetTimeToLocation	Defined|Simulated|Public
SCRIPT	Projectile.HitWall	Defined|Singular|Simulated|Event|Public
SCRIPT	Projectile.HurtRadius	Defined|Simulated|HasOptionalParms|Public
SCRIPT	Projectile.Init	Defined|Public
SCRIPT	Projectile.InRebound	Defined|Simulated|Public
SCRIPT	Projectile.IsStationary	Defined|Public
SCRIPT	Projectile.PostBeginPlay	Defined|Simulated|Event|Public
SCRIPT	Projectile.PreBeginPlay	Defined|Event|Public
SCRIPT	Projectile.ProcessTouch	Defined|Simulated|Public
SCRIPT	Projectile.ProjectileHurtRadius	Defined|Simulated|Public|HasDefaults
SCRIPT	Projectile.RandSpin	Final|Defined|Simulated|Public
SCRIPT	Projectile.Reset	Defined|Public
SCRIPT	Projectile.StaticGetTimeToLocation	Defined|Simulated|Static|Public
SCRIPT	Projectile.Touch	Defined|Singular|Simulated|Event|Public
SCRIPT	ProjectileRigidBallBase.DestroyBall	Defined|Public
SCRIPT	ProjectileRigidBallBase.Explode	Defined|Simulated|Public
SCRIPT	ProjectileRigidBallBase.ExplodeDirectly	Defined|Simulated|Public|HasDefaults
SCRIPT	ProjectileRigidBallBase.InitParam	Defined|Public
SCRIPT	ProjectileRigidBallBase.OnExplodeTimer	Defined|Simulated|Public
SCRIPT	ProjectileRigidBallBase.OnParticleSystemFinished	Defined|Simulated|Public
SCRIPT	ProjectileRigidBallBase.OnProjBump	Defined|Simulated|Public
SCRIPT	ProjectileRigidBallBase.OnProjHitWall	Defined|Simulated|Public
SCRIPT	ProjectileRigidBallBase.OnProjShutDown	Defined|Simulated|Public
SCRIPT	ProjectileRigidBallBase.OnProjTouch	Defined|Simulated|Public
SCRIPT	ProjectileRigidBallBase.RigidBodyCollision	Defined|Event|Public|HasOutParms
SCRIPT	ProjectileRigidBallBase.ShouldTriggerCollisionEvent	Defined|Public
SCRIPT	ProjectileRigidBallBase.StartDelayTimer	Defined|Simulated|Public
SCRIPT	ProjectileRigidBallBase.WakeBall	Defined|Public
SCRIPT	Pylon.IsEnabled	Defined|Event|Public
SCRIPT	Pylon.OnToggle	Defined|Public
SCRIPT	Pylon.SetEnabled	Defined|Event|Public
SCRIPT	RadialBlurComponent.OnUpdatePropertyBlurFalloffExponent	Defined|Public
SCRIPT	RadialBlurComponent.OnUpdatePropertyBlurOpacity	Defined|Public
SCRIPT	RadialBlurComponent.OnUpdatePropertyBlurScale	Defined|Public
SCRIPT	RailRideActor.BounceOff	Defined|Public
SCRIPT	RailRideActor.Bump	Defined|Event|Public
SCRIPT	RailRideActor.StopBounce	Defined|Public
SCRIPT	RailRideActor.Tick	Defined|Event|Public
SCRIPT	RB_ConstraintActor.OnDestroy	Defined|Simulated|Public
SCRIPT	RB_ConstraintActor.OnToggle	Defined|Simulated|Public
SCRIPT	RB_ConstraintActor.OnToggleConstraintDrive	Defined|Simulated|Public
SCRIPT	RB_CylindricalForceActor.OnToggle	Defined|Simulated|Public
SCRIPT	RB_LineImpulseActor.OnToggle	Defined|Simulated|Public
SCRIPT	RB_LineImpulseActor.ReplicatedEvent	Defined|Simulated|Event|Public
SCRIPT	RB_RadialForceActor.OnToggle	Defined|Simulated|Public
SCRIPT	RB_RadialImpulseActor.OnToggle	Defined|Simulated|Public
SCRIPT	RB_RadialImpulseActor.ReplicatedEvent	Defined|Simulated|Event|Public
SCRIPT	RB_Thruster.OnToggle	Defined|Simulated|Public
SCRIPT	ReachSpec.IsBlockedFor	Defined|Public
SCRIPT	SavedMove.CanCombineWith	Defined|Public
SCRIPT	SavedMove.Clear	Defined|Public
SCRIPT	SavedMove.CompressedFlags	Defined|Public
SCRIPT	SavedMove.GetDebugString	Defined|Public
SCRIPT	SavedMove.GetStartLocation	Defined|Public
SCRIPT	SavedMove.IsImportantMove	Defined|Public|HasDefaults
SCRIPT	SavedMove.PostUpdate	Defined|Public
SCRIPT	SavedMove.PrepMoveFor	Defined|Public
SCRIPT	SavedMove.ResetMoveFor	Defined|Public
SCRIPT	SavedMove.SetFlags	Defined|Static|Public
SCRIPT	SavedMove.SetInitialPosition	Defined|Public
SCRIPT	SavedMove.SetMoveFor	Defined|Public
SCRIPT	SceneCaptureActor.OnToggle	Defined|Simulated|Public
SCRIPT	SceneCaptureComponent.NeedsUpdate	Final|Defined|Simulated|Public
SCRIPT	SceneDataStore.AddField	Final|Defined|HasOptionalParms|Public|HasOutParms
SCRIPT	SceneDataStore.ClearCollectionValueArray	Final|Defined|HasOptionalParms|Public
SCRIPT	SceneDataStore.ClearFields	Final|Defined|HasOptionalParms|Public
SCRIPT	SceneDataStore.FindCollectionValueIndex	Final|Defined|HasOptionalParms|Public|HasOutParms
SCRIPT	SceneDataStore.FindFieldIndex	Final|Defined|HasOptionalParms|Public
SCRIPT	SceneDataStore.GetCollectionValue	Final|Defined|HasOptionalParms|Public|HasOutParms
SCRIPT	SceneDataStore.GetCollectionValueArray	Final|Defined|HasOptionalParms|Public|HasOutParms
SCRIPT	SceneDataStore.InsertCollectionValue	Final|Defined|HasOptionalParms|Public|HasOutParms
SCRIPT	SceneDataStore.Registered	Defined|Event|Public
SCRIPT	SceneDataStore.RemoveCollectionValue	Final|Defined|HasOptionalParms|Public|HasOutParms
SCRIPT	SceneDataStore.RemoveCollectionValueByIndex	Final|Defined|HasOptionalParms|Public
SCRIPT	SceneDataStore.RemoveField	Final|Defined|Public
SCRIPT	SceneDataStore.ReplaceCollectionValue	Final|Defined|HasOptionalParms|Public|HasOutParms
SCRIPT	SceneDataStore.ReplaceCollectionValueByIndex	Final|Defined|HasOptionalParms|Public|HasOutParms
SCRIPT	SceneDataStore.SceneDataFieldChanged	Defined|HasOptionalParms|Public
SCRIPT	SceneDataStore.SetCollectionValueArray	Final|Defined|HasOptionalParms|Public|HasOutParms
SCRIPT	ScoreBoard.DrawHUD	Defined|Public
SCRIPT	ScoreBoard.UpdateGRI	Defined|Public
SCRIPT	Scout.PreBeginPlay	Defined|Simulated|Event|Public
SCRIPT	ScriptConsoleEntry.OnCreateChild	Defined|Public
SCRIPT	ScriptConsoleEntry.PostInitialize	Defined|Event|Public
SCRIPT	ScriptConsoleEntry.SetValue	Defined|Public
SCRIPT	SecretPickup.ShowPressButtonUI	Defined|Event|Public
SCRIPT	SeqAct_ActivateRemoteEvent.GetObjClassVersion	Defined|Event|Static|Public
SCRIPT	SeqAct_ActorFactory.GetObjClassVersion	Defined|Event|Static|Public
SCRIPT	SeqAct_AIMoveToActor.GetObjClassVersion	Defined|Event|Static|Public
SCRIPT	SeqAct_AIMoveToActor.PickDestination	Defined|Public
SCRIPT	SeqAct_AliceAbilityControl.AddHobbyHorse	Defined|Event|Public
SCRIPT	SeqAct_AliceAbilityControl.AddPiperGrinder	Defined|Event|Public
SCRIPT	SeqAct_AliceAbilityControl.AddTeapotCannon	Defined|Event|Public
SCRIPT	SeqAct_AliceAbilityControl.AddVorpalBlade	Defined|Event|Public
SCRIPT	SeqAct_AttachToActor.GetObjClassVersion	Defined|Event|Static|Public
SCRIPT	SeqAct_CameraFade.GetObjClassVersion	Defined|Event|Static|Public
SCRIPT	SeqAct_CameraLookAt.GetObjClassVersion	Defined|Event|Static|Public
SCRIPT	SeqAct_CameraShake.GetObjClassVersion	Defined|Event|Static|Public
SCRIPT	SeqAct_ChangeCollision.GetObjClassVersion	Defined|Event|Static|Public
SCRIPT	SeqAct_Chapterpoint.Activated	Defined|Event|Public
SCRIPT	SeqAct_Chapterpoint.LoadChapterPoint	Defined|Exec|Public
SCRIPT	SeqAct_Checkpoint.Activated	Defined|Event|Public
SCRIPT	SeqAct_Checkpoint.Deactivated	Defined|Event|Public
SCRIPT	SeqAct_Checkpoint.GetObjClassVersion	Defined|Event|Static|Public
SCRIPT	SeqAct_Checkpoint.SaveCheckpoint	Defined|Exec|Public
SCRIPT	SeqAct_Checkpoint.ShouldTeleport	Final|Defined|Public
SCRIPT	SeqAct_Checkpoint.Update	Defined|Event|Public
SCRIPT	SeqAct_ConsoleCommand.GetObjClassVersion	Defined|Event|Static|Public
SCRIPT	SeqAct_ConsoleCommand.VersionUpdated	Defined|Public
SCRIPT	SeqAct_ControlMovieTexture.Activated	Defined|Event|Public
SCRIPT	SeqAct_ConvertToString.GetObjClassVersion	Defined|Event|Static|Public
SCRIPT	SeqAct_Delay.IsValidUISequenceObject	Defined|Event|HasOptionalParms|Public
SCRIPT	SeqAct_Delay.Reset	Defined|Public
SCRIPT	SeqAct_DrawText.GetObjClassVersion	Defined|Event|Static|Public
SCRIPT	SeqAct_GameCrowdPopulationManagerToggle.FindPopMgrTarget	Defined|Event|Public
SCRIPT	SeqAct_GameCrowdPopulationManagerToggle.GetObjClassVersion	Defined|Event|Static|Public
SCRIPT	SeqAct_GameCrowdSpawner.CreateNewAgent	Defined|Public|HasDefaults
SCRIPT	SeqAct_GameCrowdSpawner.GetObjClassVersion	Defined|Event|Static|Public
SCRIPT	SeqAct_GameCrowdSpawner.SpawnAgent	Defined|Event|Public
SCRIPT	SeqAct_Gate.IsValidUISequenceObject	Defined|Event|HasOptionalParms|Public
SCRIPT	SeqAct_GetLocationAndRotation.GetObjClassVersion	Defined|Event|Static|Public
SCRIPT	SeqAct_GetVelocity.GetObjClassVersion	Defined|Event|Static|Public
SCRIPT	SeqAct_Interp.GetObjClassVersion	Defined|Event|Static|Public
SCRIPT	SeqAct_Interp.Reset	Defined|Public
SCRIPT	SeqAct_InterruptSpeech.GetObjClassVersion	Defined|Event|Static|Public
SCRIPT	SeqAct_IsInObjectList.IsValidUISequenceObject	Defined|Event|HasOptionalParms|Public
SCRIPT	SeqAct_LatentWithInterpData.GetObjClassVersion	Defined|Event|Static|Public
SCRIPT	SeqAct_Log.GetObjClassVersion	Defined|Event|Static|Public
SCRIPT	SeqAct_Log.IsValidUISequenceObject	Defined|Event|HasOptionalParms|Public
SCRIPT	SeqAct_ModifyHealth.GetObjClassVersion	Defined|Event|Static|Public
SCRIPT	SeqAct_ParticleEventGenerator.GetObjClassVersion	Defined|Event|Static|Public
SCRIPT	SeqAct_PhysXSwitch.IsValidUISequenceObject	Defined|Event|HasOptionalParms|Public
SCRIPT	SeqAct_PlayAgentAnimation.GetObjClassVersion	Defined|Event|Static|Public
SCRIPT	SeqAct_PlayAgentAnimation.SetCurrentAnimationActionFor	Defined|Public
SCRIPT	SeqAct_PlayBinkMovie.GetObjClassVersion	Defined|Event|Static|Public
SCRIPT	SeqAct_PlayCameraAnim.GetObjClassVersion	Defined|Event|Static|Public
SCRIPT	SeqAct_PlaySound.GetObjClassVersion	Defined|Event|Static|Public
SCRIPT	SeqAct_RandomSwitch.GetObjClassVersion	Defined|Event|Static|Public
SCRIPT	SeqAct_SetAbilityCamera.GetObjClassVersion	Defined|Event|Static|Public
SCRIPT	SeqAct_SetCameraTarget.GetObjClassVersion	Defined|Event|Static|Public
SCRIPT	SeqAct_SetCameraTargetAdvanced.GetObjClassVersion	Defined|Event|Static|Public
SCRIPT	SeqAct_SetDeath.OnAliceDeathParticleFinished	Defined|Public
SCRIPT	SeqAct_SetDeath.PlayerAliceDeathParticle	Defined|Event|Public
SCRIPT	SeqAct_SetDeath.ResetAmmoOfAlice	Defined|Event|Public
SCRIPT	SeqAct_SetFloat.GetObjClassVersion	Defined|Event|Static|Public
SCRIPT	SeqAct_SetInt.GetObjClassVersion	Defined|Event|Static|Public
SCRIPT	SeqAct_SetLocation.GetObjClassVersion	Defined|Event|Static|Public
SCRIPT	SeqAct_SetMaterialEffect.GetObjClassVersion	Defined|Event|Static|Public
SCRIPT	SeqAct_SetMatInstVectorParam.GetObjClassVersion	Defined|Event|Static|Public
SCRIPT	SeqAct_SetMonochromeFactor.GetObjClassVersion	Defined|Event|Static|Public
SCRIPT	SeqAct_SetObject.GetObjClassVersion	Defined|Event|Static|Public
SCRIPT	SeqAct_SetSequenceVariable.IsValidUISequenceObject	Defined|Event|HasOptionalParms|Public
SCRIPT	SeqAct_SetSoundMode.Activated	Defined|Event|Public
SCRIPT	SeqAct_SetSoundMode.GetObjClassVersion	Defined|Event|Static|Public
SCRIPT	SeqAct_SetString.GetObjClassVersion	Defined|Event|Static|Public
SCRIPT	SeqAct_SetVector.Activated	Defined|Event|Public|HasDefaults
SCRIPT	SeqAct_SetVelocity.GetObjClassVersion	Defined|Event|Static|Public
SCRIPT	SeqAct_Speak.GetObjClassVersion	Defined|Event|Static|Public
SCRIPT	SeqAct_SpecialCameraBehavior.GetObjClassVersion	Defined|Event|Static|Public
SCRIPT	SeqAct_StreamInTextures.GetObjClassVersion	Defined|Event|Static|Public
SCRIPT	SeqAct_StreamInTextures.IsValidUISequenceObject	Defined|Event|HasOptionalParms|Public
SCRIPT	SeqAct_Switch.IsValidUISequenceObject	Defined|Event|HasOptionalParms|Public
SCRIPT	SeqAct_Timer.IsValidUISequenceObject	Defined|Event|HasOptionalParms|Public
SCRIPT	SeqAct_Toggle.IsValidUISequenceObject	Defined|Event|HasOptionalParms|Public
SCRIPT	SeqAct_ToggleAffectedByHitEffects.IsValidUISequenceObject	Defined|Event|HasOptionalParms|Public
SCRIPT	SeqAct_ToggleCameraMagnetEffect.GetObjClassVersion	Defined|Event|Static|Public
SCRIPT	SeqAct_ToggleCameraPreset.GetObjClassVersion	Defined|Event|Static|Public
SCRIPT	SeqAct_ToggleCinematicMode.Activated	Defined|Event|Public
SCRIPT	SeqAct_ToggleCinematicMode.IsValidUISequenceObject	Defined|Event|HasOptionalParms|Public
SCRIPT	SeqAct_ToggleGodMode.IsValidUISequenceObject	Defined|Event|HasOptionalParms|Public
SCRIPT	SeqAct_ToggleHidden.IsValidUISequenceObject	Defined|Event|HasOptionalParms|Public
SCRIPT	SeqAct_ToggleHUD.GetObjClassVersion	Defined|Event|Static|Public
SCRIPT	SeqAct_ToggleHUD.IsValidUISequenceObject	Defined|Event|HasOptionalParms|Public
SCRIPT	SeqAct_ToggleInput.IsValidUISequenceObject	Defined|Event|HasOptionalParms|Public
SCRIPT	SeqAct_ToggleShrink.ToggleShrinkMode	Defined|Event|Public
SCRIPT	SeqAct_ToggleShrinkMode.AutoUnShrink	Defined|Event|Public
SCRIPT	SeqAct_Trace.GetObjClassVersion	Defined|Event|Static|Public
SCRIPT	SeqAct_UpdatePhysBonesFromAnim.GetObjClassVersion	Defined|Event|Static|Public
SCRIPT	SeqAct_UseCommLink.GetObjClassVersion	Defined|Event|Static|Public
SCRIPT	SeqCond_GetServerType.GetObjClassVersion	Defined|Event|Static|Public
SCRIPT	SeqCond_IsLoggedIn.CheckLogins	Defined|Event|Public
SCRIPT	SeqCond_SwitchBase.IsFallThruEnabled	Defined|Event|Public
SCRIPT	SeqCond_SwitchClass.InsertValueEntry	Defined|Event|Public
SCRIPT	SeqCond_SwitchClass.IsFallThruEnabled	Defined|Event|Public
SCRIPT	SeqCond_SwitchClass.RemoveValueEntry	Defined|Event|Public
SCRIPT	SeqCond_SwitchClass.VerifyDefaultCaseValue	Defined|Event|Public
SCRIPT	SeqCond_SwitchObject.InsertValueEntry	Defined|Event|Public
SCRIPT	SeqCond_SwitchObject.IsFallThruEnabled	Defined|Event|Public
SCRIPT	SeqCond_SwitchObject.RemoveValueEntry	Defined|Event|Public
SCRIPT	SeqCond_SwitchObject.VerifyDefaultCaseValue	Defined|Event|Public
SCRIPT	SeqCond_SwitchPlatform.IsValidUISequenceObject	Defined|Event|HasOptionalParms|Public
SCRIPT	SeqEvent_LevelLoaded.GetObjClassVersion	Defined|Event|Static|Public
SCRIPT	SeqEvent_LOS.GetObjClassVersion	Defined|Event|Static|Public
SCRIPT	SeqEvent_Mover.NotifyAttached	Defined|Public
SCRIPT	SeqEvent_Mover.NotifyDetached	Defined|Public
SCRIPT	SeqEvent_Mover.NotifyEncroachingOn	Defined|Public
SCRIPT	SeqEvent_Mover.NotifyFinishedOpen	Defined|Public
SCRIPT	SeqEvent_Mover.RegisterEvent	Defined|Event|Public
SCRIPT	SeqEvent_ParticleEvent.GetObjClassVersion	Defined|Event|Static|Public
SCRIPT	SeqEvent_RemoteEvent.GetObjClassVersion	Defined|Event|Static|Public
SCRIPT	SeqEvent_TakeDamage.GetObjClassVersion	Defined|Event|Static|Public
SCRIPT	SeqEvent_TakeDamage.HandleDamage	Final|Defined|Public
SCRIPT	SeqEvent_TakeDamage.IsValidDamageType	Final|Defined|Public
SCRIPT	SeqEvent_TakeDamage.Reset	Defined|Public
SCRIPT	SeqEvent_TakeDamage.Toggled	Defined|Event|Public
SCRIPT	SeqEvent_Touch.GetObjClassVersion	Defined|Event|Static|Public
SCRIPT	SeqEvent_Touch.NotifyTouchingPawnDied	Defined|Public
SCRIPT	SeqEvent_Touch.Toggled	Defined|Event|Public
SCRIPT	Sequence.Reset	Defined|Public
SCRIPT	SequenceCondition.IsValidUISequenceObject	Defined|Event|HasOptionalParms|Public
SCRIPT	SequenceEvent.Reset	Defined|Public
SCRIPT	SequenceFrame.IsValidUISequenceObject	Defined|Event|HasOptionalParms|Public
SCRIPT	SequenceObject.GetObjClassVersion	Defined|Event|Static|Public
SCRIPT	SequenceObject.IsPastingIntoLevelSequenceAllowed	Defined|Event|Public
SCRIPT	SequenceObject.IsPastingIntoUISequenceAllowed	Defined|Event|Public
SCRIPT	SequenceObject.IsValidLevelSequenceObject	Defined|Event|Public
SCRIPT	SequenceObject.IsValidUISequenceObject	Defined|Event|HasOptionalParms|Public
SCRIPT	SequenceOp.GetController	Defined|Public
SCRIPT	SequenceOp.GetPawn	Defined|Public
SCRIPT	SequenceVariable.IsValidUISequenceObject	Defined|Event|HasOptionalParms|Public
SCRIPT	SeqVar_Object.GetObjectValue	Defined|Public
SCRIPT	SeqVar_Object.SetObjectValue	Defined|Public
SCRIPT	SeqVar_ObjectList.GetObjectValue	Defined|Public
SCRIPT	SeqVar_ObjectList.SetObjectValue	Defined|Public
SCRIPT	SeqVar_Player.GetObjectValue	Defined|Public
SCRIPT	SeqVar_PlayerPawn.GetObjectValue	Defined|Public
SCRIPT	SessionSettingsProvider.CleanupDataProvider	Defined|Public
SCRIPT	SessionSettingsProvider.IsValidDataSourceClass	Defined|Event|Public
SCRIPT	ShrinkFlowerInteractive.Actived.BeginState	Defined|Event|Public
SCRIPT	ShrinkFlowerInteractive.Actived.Tick	Defined|Event|Public
SCRIPT	ShrinkFlowerInteractive.ApplyCheckpointRecord	Defined|Public|HasOutParms
SCRIPT	ShrinkFlowerInteractive.CreateCheckpointRecord	Defined|Public|HasOutParms
SCRIPT	ShrinkFlowerInteractive.CreateDecal	Defined|Public
SCRIPT	ShrinkFlowerInteractive.DistanceToAlice	Defined|Public|HasDefaults
SCRIPT	ShrinkFlowerInteractive.DropPickup	Defined|Public
SCRIPT	ShrinkFlowerInteractive.Eating.BeginState	Defined|Event|Public
SCRIPT	ShrinkFlowerInteractive.Eating.EndState	Defined|Event|Public
SCRIPT	ShrinkFlowerInteractive.Eating.Tick	Defined|Event|Public
SCRIPT	ShrinkFlowerInteractive.Finished.BeginState	Defined|Event|Public
SCRIPT	ShrinkFlowerInteractive.FlowerClose.BeginState	Defined|Event|Public
SCRIPT	ShrinkFlowerInteractive.FlowerClose.Tick	Defined|Event|Public
SCRIPT	ShrinkFlowerInteractive.GetManualHPAmount	Defined|Public
SCRIPT	ShrinkFlowerInteractive.GetManualXPAmount	Defined|Public
SCRIPT	ShrinkFlowerInteractive.Idle.BeginState	Defined|Event|Public
SCRIPT	ShrinkFlowerInteractive.Idle.Tick	Defined|Event|Public
SCRIPT	ShrinkFlowerInteractive.PostBeginPlay	Defined|Simulated|Event|Public
SCRIPT	ShrinkFlowerInteractive.Shooting.BeginState	Defined|Event|Public
SCRIPT	ShrinkFlowerInteractive.Shooting.EndState	Defined|Event|Public
SCRIPT	ShrinkFlowerInteractive.Shooting.Tick	Defined|Event|Public
SCRIPT	ShrinkFlowerInteractive.UpdateAfterAcceptPersistentDate	Defined|Event|Public
SCRIPT	SkeletalMeshActor.BeginAnimControl	Defined|Simulated|Event|Public
SCRIPT	SkeletalMeshActor.CreateAndSetSonarMat	Defined|Public
SCRIPT	SkeletalMeshActor.CreateForceField	Defined|Event|Public
SCRIPT	SkeletalMeshActor.Destroyed	Defined|Simulated|Event|Public
SCRIPT	SkeletalMeshActor.DisableKismetHeadLookAt	Defined|Event|Public
SCRIPT	SkeletalMeshActor.DoKismetAttachment	Defined|Public
SCRIPT	SkeletalMeshActor.FinishAnimControl	Defined|Simulated|Event|Public
SCRIPT	SkeletalMeshActor.GetActorFaceFXAsset	Defined|Simulated|Event|Public
SCRIPT	SkeletalMeshActor.GetFaceFXAudioComponent	Defined|Simulated|Event|Public
SCRIPT	SkeletalMeshActor.IsActorPlayingFaceFXAnim	Defined|Simulated|Public
SCRIPT	SkeletalMeshActor.MountFacialAnimSets	Defined|Simulated|Public
SCRIPT	SkeletalMeshActor.OnInterruptSpeech	Defined|Public
SCRIPT	SkeletalMeshActor.OnPlayFaceFXAnim	Defined|Simulated|Public
SCRIPT	SkeletalMeshActor.OnSetMaterial	Defined|Public
SCRIPT	SkeletalMeshActor.OnSetMesh	Defined|Event|Public
SCRIPT	SkeletalMeshActor.OnSetSkelControlTarget	Defined|Simulated|Event|Public
SCRIPT	SkeletalMeshActor.OnToggle	Defined|Simulated|Public
SCRIPT	SkeletalMeshActor.OnUpdatePhysBonesFromAnim	Defined|Simulated|Event|Public
SCRIPT	SkeletalMeshActor.PlayActorFaceFXAnim	Defined|Simulated|Event|Public
SCRIPT	SkeletalMeshActor.PlayParticleEffect	Defined|Event|Public|HasDefaults
SCRIPT	SkeletalMeshActor.PlaySpeechGesture	Defined|Simulated|Exec|Event|Public
SCRIPT	SkeletalMeshActor.PostBeginPlay	Defined|Simulated|Event|Public
SCRIPT	SkeletalMeshActor.ReplicatedEvent	Defined|Simulated|Event|Public
SCRIPT	SkeletalMeshActor.SetAnimPosition	Defined|Simulated|Event|Public
SCRIPT	SkeletalMeshActor.SetKismetHeadLookAtActor	Defined|Event|Public
SCRIPT	SkeletalMeshActor.setSonarActor	Defined|Public
SCRIPT	SkeletalMeshActor.SkelMeshActorOnParticleSystemFinished	Defined|Simulated|Public
SCRIPT	SkeletalMeshActor.SpeakLineFinished	Final|Defined|Simulated|Event|Public|HasDefaults
SCRIPT	SkeletalMeshActor.StopActorFaceFXAnim	Defined|Simulated|Event|Public
SCRIPT	SkeletalMeshActor.TakeDamage	Defined|Event|HasOptionalParms|Public|HasDefaults
SCRIPT	SkeletalMeshActor.Tick	Defined|Event|Public
SCRIPT	SkeletalMeshActorBasedOnExtremeContent.PostBeginPlay	Defined|Simulated|Event|Public
SCRIPT	SkeletalMeshActorBasedOnExtremeContent.SetMaterialBasedOnExtremeContent	Defined|Simulated|Public
SCRIPT	SkeletalMeshActorMAT_DollMakerBoss.PreBeginPlay	Defined|Simulated|Event|Public
SCRIPT	SkeletalMeshActorMAT_DollMakerHandBoy.PreBeginPlay	Defined|Simulated|Event|Public
SCRIPT	SkeletalMeshActorMAT_DollMakerHandGirl.PreBeginPlay	Defined|Simulated|Event|Public
SCRIPT	SkeletalMeshActorMAT_HeadBody.PostBeginPlay	Defined|Simulated|Event|Public
SCRIPT	SkeletalMeshActorMAT.ApplyCheckpointRecord	Defined|Public|HasOutParms
SCRIPT	SkeletalMeshActorMAT.CacheAnimNodes	Defined|Simulated|Public
SCRIPT	SkeletalMeshActorMAT.ClearAnimNodes	Defined|Simulated|Public
SCRIPT	SkeletalMeshActorMAT.CreateCheckpointRecord	Defined|Public|HasOutParms
SCRIPT	SkeletalMeshActorMAT.Destroyed	Defined|Simulated|Event|Public
SCRIPT	SkeletalMeshActorMAT.FinishAnimControl	Defined|Simulated|Event|Public
SCRIPT	SkeletalMeshActorMAT.PlaySpeechGesture	Defined|Simulated|Exec|Event|Public
SCRIPT	SkeletalMeshActorMAT.PostInitAnimTree	Defined|Simulated|Event|Public
SCRIPT	SkeletalMeshActorMAT.SetAnimPosition	Defined|Simulated|Event|Public
SCRIPT	SkeletalMeshActorMAT.SetMorphWeight	Defined|Simulated|Event|Public
SCRIPT	SkeletalMeshActorMAT.SetSkelControlScale	Defined|Simulated|Event|Public
SCRIPT	SkeletalMeshComponent.BreakConstraint	Final|Defined|Simulated|HasOptionalParms|Public
SCRIPT	SkeletalMeshComponent.CreateForceField	Defined|Event|Public
SCRIPT	SkeletalMeshComponent.GetAnimLength	Final|Defined|Public
SCRIPT	SkeletalMeshComponent.GetAnimRateByDuration	Final|Defined|Public
SCRIPT	SkeletalMeshComponent.PlayAnim	Defined|HasOptionalParms|Public
SCRIPT	SkeletalMeshComponent.PlayParticleEffect	Defined|Event|Public|HasDefaults
SCRIPT	SkeletalMeshComponent.SkelMeshCompAttachedOnParticleSystemFinished	Defined|Simulated|Public
SCRIPT	SkeletalMeshComponent.SkelMeshCompOnParticleSystemFinished	Defined|Simulated|Public
SCRIPT	SkeletalMeshComponent.StopAnim	Defined|Public
SCRIPT	SkeletalMeshHairActor.PreBeginPlay	Defined|Event|Public
SCRIPT	SonarActor_Decal.BeginSonar	Defined|Public
SCRIPT	SonarActor_Decal.StopSonar	Defined|Public
SCRIPT	SonarActor_Decal.UpdateSonar	Defined|Public
SCRIPT	SphinxInteractIP.PostBeginPlay	Defined|Event|Public
SCRIPT	SphinxInterstingPoint.PostBeginPlay	Defined|Event|Public
SCRIPT	SphinxInterstingPoint.ShowRadius	Defined|Public
SCRIPT	SpikeFish.ExplodeState.BeginState	Defined|Event|Public
SCRIPT	SpikeFish.FatState.BeginState	Defined|Event|Public
SCRIPT	SpikeFish.FatState.Bump	Defined|Event|Public
SCRIPT	SpikeFish.FatState.TakeDamage	Defined|Event|HasOptionalParms|Public
SCRIPT	SpikeFish.FatState.Tick	Defined|Event|Public
SCRIPT	SpikeFish.OnToggle	Defined|Simulated|Public
SCRIPT	SpikeFish.PlayParticle	Defined|HasOptionalParms|Public
SCRIPT	SpikeFish.SpikeState.BeginState	Defined|Event|Public
SCRIPT	SpikeFish.SpikeState.Bump	Defined|Event|Public
SCRIPT	SpikeFish.SpikeState.EndState	Defined|Event|Public
SCRIPT	SpikeFish.SpikeState.StopKnockBack	Defined|Public
SCRIPT	SpikeFish.SpikeState.Tick	Defined|Event|Public
SCRIPT	SplineActor.OnToggle	Defined|Public
SCRIPT	SpotLightToggleable.ApplyCheckpointRecord	Defined|Public|HasOutParms
SCRIPT	SpotLightToggleable.CreateCheckpointRecord	Defined|Public|HasOutParms
SCRIPT	SpotLightToggleable.ShouldSaveForCheckpoint	Defined|Public
SCRIPT	StaticMeshActor.PreBeginPlay	Defined|Event|Public
SCRIPT	StaticMeshActorBasedOnExtremeContent.PostBeginPlay	Defined|Simulated|Event|Public
SCRIPT	StaticMeshActorBasedOnExtremeContent.SetMaterialBasedOnExtremeContent	Defined|Simulated|Public
SCRIPT	SVehicle.AddVelocity	Defined|HasOptionalParms|Public
SCRIPT	SVehicle.CalcCamera	Defined|Simulated|Public|HasOutParms|HasDefaults
SCRIPT	SVehicle.Destroyed	Defined|Simulated|Event|Public
SCRIPT	SVehicle.Died	Defined|Public
SCRIPT	SVehicle.DisplayDebug	Defined|Simulated|Public|HasOutParms
SCRIPT	SVehicle.DisplayWheelsDebug	Defined|Simulated|Public|HasDefaults
SCRIPT	SVehicle.DrivingStatusChanged	Defined|Simulated|Public
SCRIPT	SVehicle.GetDefaultCameraMode	Defined|Simulated|Public
SCRIPT	SVehicle.GetSVehicleDebug	Defined|Simulated|Public|HasOutParms
SCRIPT	SVehicle.HermiteEval	Defined|Simulated|Public
SCRIPT	SVehicle.PostBeginPlay	Defined|Simulated|Event|Public
SCRIPT	SVehicle.PostInitAnimTree	Defined|Simulated|Event|Public
SCRIPT	SVehicle.PostTeleport	Defined|Public
SCRIPT	SVehicle.RigidBodyCollision	Defined|Simulated|Event|Public|HasOutParms
SCRIPT	SVehicle.SetAllWheelParticleSystem	Defined|Simulated|Public
SCRIPT	SVehicle.StartEngineSound	Defined|Simulated|Public
SCRIPT	SVehicle.StartEngineSoundTimed	Defined|Simulated|Public
SCRIPT	SVehicle.StopEngineSound	Defined|Simulated|Public
SCRIPT	SVehicle.StopEngineSoundTimed	Defined|Simulated|Public
SCRIPT	SVehicle.StopVehicleSounds	Defined|Simulated|Public
SCRIPT	SVehicle.TakeRadiusDamage	Defined|Simulated|HasOptionalParms|Public|HasDefaults
SCRIPT	SVehicle.TryToDrive	Defined|Public
SCRIPT	SVehicle.TurnOff	Defined|Simulated|Public
SCRIPT	SVehicle.VehiclePlayEnterSound	Defined|Simulated|Public
SCRIPT	SVehicle.VehiclePlayExitSound	Defined|Simulated|Public
SCRIPT	TargetingMode_BreakableActor.EnteringMode	Defined|Simulated|Public
SCRIPT	TargetingMode_BreakableActor.FindAvailableTargets	Defined|Simulated|Public|HasDefaults
SCRIPT	TargetingMode_BreakableActor.GetCurrentStepInfo	Defined|Public|HasDefaults
SCRIPT	TargetingMode_BreakableActor.IsInValidRange	Defined|Public|HasDefaults
SCRIPT	TargetingMode_BreakableActor.LeavingMode	Defined|Simulated|Public
SCRIPT	TargetingMode_BreakableActor.MakeDebugColors	Defined|Public|HasOutParms|HasDefaults
SCRIPT	TargetingMode_BreakableActor.PostLockOff	Defined|Simulated|Public
SCRIPT	TargetingMode_BreakableActor.PostLockOn	Defined|Simulated|Public
SCRIPT	TargetingMode_BreakableActor.ResetDefaultTransientVariables	Defined|Simulated|Public
SCRIPT	TargetingMode_BreakableActor.SetAPCTargetingInfo	Defined|Simulated|Public
SCRIPT	TargetingMode_BreakableActor.showDebugInfo	Defined|Public|HasDefaults
SCRIPT	TargetingMode_BreakableActor.SwitchTargetingActor	Defined|Simulated|Public
SCRIPT	TargetingMode_BreakableActor.UpdateAPCTargetLocation	Defined|Simulated|Public
SCRIPT	TargetingMode_CombatLockon.EnteringMode	Defined|Simulated|Public
SCRIPT	TargetingMode_CombatLockon.FindAvailableTargets	Defined|Simulated|Public|HasDefaults
SCRIPT	TargetingMode_CombatLockon.ForceSearchOnce	Defined|Simulated|Public
SCRIPT	TargetingMode_CombatLockon.LeavingMode	Defined|Simulated|Public
SCRIPT	TargetingMode_CombatLockon.PostLockOff	Defined|Simulated|Public
SCRIPT	TargetingMode_CombatLockon.PostLockOn	Defined|Simulated|Public
SCRIPT	TargetingMode_CombatLockon.ResetDefaultTransientVariables	Defined|Simulated|Public
SCRIPT	TargetingMode_CombatLockon.SetAPCTargetingInfo	Defined|Simulated|Public
SCRIPT	TargetingMode_CombatLockon.SwitchTargetingActor	Defined|Simulated|Public
SCRIPT	TargetingMode_CombatLockon.UpdateAPCTargetSocketLocationAndRotation	Defined|Simulated|Public
SCRIPT	TargetingMode_MergeManager.AdjustFirstTargetByPriority	Defined|Public|HasOutParms
SCRIPT	TargetingMode_MergeManager.AdjustSwitchTargetByPriority	Defined|Public|HasOutParms
SCRIPT	TargetingMode_MergeManager.CalcAngleCamera	Defined|Public|HasDefaults
SCRIPT	TargetingMode_MergeManager.CalcAnglePawn	Defined|Public|HasDefaults
SCRIPT	TargetingMode_MergeManager.ChooseByDistance	Defined|Public|HasOutParms
SCRIPT	TargetingMode_MergeManager.ChooseByPotentialField	Defined|Public|HasOutParms|HasDefaults
SCRIPT	TargetingMode_MergeManager.ChooseFromCameraView	Defined|Public|HasOutParms
SCRIPT	TargetingMode_MergeManager.ChooseRearTarget	Defined|Public|HasDefaults
SCRIPT	TargetingMode_MergeManager.CycleAdd	Defined|Public
SCRIPT	TargetingMode_MergeManager.DetermineFirstTarget	Defined|Public
SCRIPT	TargetingMode_MergeManager.DetermineSwitchTarget	Defined|Public|HasDefaults
SCRIPT	TargetingMode_MergeManager.HandleTargetSwitchCommond	Defined|Public
SCRIPT	TargetingMode_MergeManager.Initialize	Final|Defined|Simulated|Public
SCRIPT	TargetingMode_MergeManager.isInTheRear	Defined|Public|HasDefaults
SCRIPT	TargetingMode_MergeManager.IsLockOnBlocked	Defined|Public|HasDefaults
SCRIPT	TargetingMode_MergeManager.IsNPCAtLeft	Defined|Public|HasDefaults
SCRIPT	TargetingMode_MergeManager.isTargetInCylinder	Defined|Public
SCRIPT	TargetingMode_MergeManager.IsValidePV	Defined|Public
SCRIPT	TargetingMode_MergeManager.MergeSwitchTarget	Defined|Public
SCRIPT	TargetingMode_MergeManager.NeedSwitchLockOnSocket	Defined|Public
SCRIPT	TargetingMode_MergeManager.NotifyTargetWillChange	Defined|HasOptionalParms|Public
SCRIPT	TargetingMode_MergeManager.SelectTarget	Defined|HasOptionalParms|Public
SCRIPT	TargetingMode_MergeManager.TrySwitchLockOnSocket	Defined|Public
SCRIPT	TargetingMode_MergeManager.Update	Defined|Public
SCRIPT	TargetingMode_MergeManager.UpdateNPCLockOnSocketInfo	Defined|Public
SCRIPT	TargetingMode_PointOfInterest.EnteringMode	Defined|Simulated|Public
SCRIPT	TargetingMode_PointOfInterest.FindAvailableTargets	Defined|Simulated|Public|HasDefaults
SCRIPT	TargetingMode_PointOfInterest.LeavingMode	Defined|Simulated|Public
SCRIPT	TargetingMode_PointOfInterest.ResetDefaultTransientVariables	Defined|Simulated|Public
SCRIPT	TargetingMode_PointOfInterest.SetAPCTargetingInfo	Defined|Simulated|Public
SCRIPT	TargetingMode_PointOfInterest.SwitchTargetingNPCs	Defined|Public
SCRIPT	TargetingMode_SkeletalMeshActor.EnteringMode	Defined|Simulated|Public
SCRIPT	TargetingMode_SkeletalMeshActor.FindAvailableTargets	Defined|Simulated|Public|HasDefaults
SCRIPT	TargetingMode_SkeletalMeshActor.LeavingMode	Defined|Simulated|Public
SCRIPT	TargetingMode_SkeletalMeshActor.PostLockOff	Defined|Simulated|Public
SCRIPT	TargetingMode_SkeletalMeshActor.PostLockOn	Defined|Simulated|Public
SCRIPT	TargetingMode_SkeletalMeshActor.ResetDefaultTransientVariables	Defined|Simulated|Public
SCRIPT	TargetingMode_SkeletalMeshActor.SetAPCTargetingInfo	Defined|Simulated|Public
SCRIPT	TargetingModeBase.Activated	Defined|Simulated|Public
SCRIPT	TargetingModeBase.Deactivated	Defined|Simulated|Public
SCRIPT	TargetingModeBase.GetSearchConditionParameters	Defined|Simulated|Public
SCRIPT	TargetingModeBase.Initialize	Final|Defined|Simulated|Public
SCRIPT	TargetingModeBase.IsActivated	Final|Defined|Simulated|Public
SCRIPT	TargetingModeBase.IsInitialized	Final|Defined|Simulated|Public
SCRIPT	TargetingModeBase.PostUpdate	Defined|Simulated|Public
SCRIPT	TargetingModeBase.Toggle	Final|Defined|Simulated|Public
SCRIPT	TargetingModeBase.Update	Defined|Simulated|Public
SCRIPT	TeamDataProvider.RegeneratePlayerLists	Defined|Public
SCRIPT	TeamInfo.AddToTeam	Defined|Public
SCRIPT	TeamInfo.Destroyed	Defined|Simulated|Event|Public
SCRIPT	TeamInfo.GetCurrentGameDS	Defined|Simulated|Public
SCRIPT	TeamInfo.GetHUDColor	Defined|Simulated|Public
SCRIPT	TeamInfo.GetHumanReadableName	Defined|Simulated|Public
SCRIPT	TeamInfo.GetTextColor	Defined|Public
SCRIPT	TeamInfo.RemoveFromTeam	Defined|Public
SCRIPT	TeamInfo.ReplicatedEvent	Defined|Simulated|Event|Public
SCRIPT	TeamInfo.UnbindTeamDataProvider	Defined|Simulated|Public
SCRIPT	TeapotCannon.Active.BeginState	Defined|Simulated|Event|Public
SCRIPT	TeapotCannon.Active.EndState	Defined|Simulated|Event|Public
SCRIPT	TeapotCannon.AliceWeaponRangeFire.BeginCharge	Defined|Simulated|Event|Public
SCRIPT	TeapotCannon.AliceWeaponRangeFire.BeginState	Defined|Simulated|Event|Public
SCRIPT	TeapotCannon.AliceWeaponRangeFire.ChargeCheckTimer	Defined|Simulated|Public
SCRIPT	TeapotCannon.AliceWeaponRangeFire.EndCharge	Defined|Simulated|Event|Public
SCRIPT	TeapotCannon.AliceWeaponRangeFire.EndState	Defined|Simulated|Event|Public
SCRIPT	TeapotCannon.AliceWeaponRangeFire.PressFireButton	Defined|Simulated|Public
SCRIPT	TeapotCannon.AliceWeaponRangeFire.ReleaseFireButton	Defined|Simulated|Public
SCRIPT	TeapotCannon.AliceWeaponRangeFire.TimeWeaponFiring	Defined|Simulated|Public
SCRIPT	TeapotCannon.CanFire	Defined|Public
SCRIPT	TeapotCannon.ChangeDLCData	Defined|Simulated|Public
SCRIPT	TeapotCannon.ChangeLevelData	Defined|Simulated|Public
SCRIPT	TeapotCannon.ChargedFire	Defined|Public
SCRIPT	TeapotCannon.FireAmmunition	Defined|Simulated|Public
SCRIPT	TeapotCannon.forceUpdateAmmoUI	Defined|Public
SCRIPT	TeapotCannon.GetDLCWeaponFlag	Defined|Simulated|Public
SCRIPT	TeapotCannon.HandleFinishedFiring	Defined|Simulated|Public
SCRIPT	TeapotCannon.Inactive.ReleaseFireButton	Defined|Simulated|Public
SCRIPT	TeapotCannon.IsCharging	Defined|Public
SCRIPT	TeapotCannon.NormalFire	Defined|Public
SCRIPT	TeapotCannon.OnOverHeatTimeOver	Defined|Public
SCRIPT	TeapotCannon.PostBeginPlay	Defined|Simulated|Public
SCRIPT	TeapotCannon.PressFireButton	Defined|Simulated|Public
SCRIPT	TeapotCannon.RefillAmmoFinished	Defined|Public
SCRIPT	TeapotCannon.ReleaseFireButton	Defined|Simulated|Public
SCRIPT	TeapotCannon.ResetWeaponAfterChangeLevel	Defined|Public
SCRIPT	TeapotCannon.ScriptSetProjectileInitPara	Defined|Public
SCRIPT	TeapotCannon.StartChargedFire	Defined|Public
SCRIPT	TeapotCannon.StartFire	Defined|Simulated|Public
SCRIPT	TeapotCannon.StartNormalFire	Defined|Public
SCRIPT	TeapotCannon.StopCharging	Defined|Public
SCRIPT	TeapotCannon.UpdateAmmo	Defined|Public
SCRIPT	TeapotCannon.UpdateAmmoUI	Defined|Public
SCRIPT	TeapotCannon.WeaponEmpty	Defined|Simulated|Public
SCRIPT	TeapotCannon.WeaponEquipping.WeaponEquipped	Defined|Simulated|Public
SCRIPT	TeapotCannon.WeaponOverHeatState.BeginState	Defined|Simulated|Event|Public
SCRIPT	TeapotCannon.WeaponOverHeatState.EndState	Defined|Simulated|Event|Public
SCRIPT	TeapotCannon.WeaponOverHeatState.NotifyFireSpecialMoveFinished	Defined|Simulated|Public
SCRIPT	TeapotCannon.WeaponOverHeatState.PlayNoAmmoIdleAnimation	Defined|Public
SCRIPT	TeapotCannon.WeaponOverHeatState.PressFireButton	Defined|Simulated|Public
SCRIPT	TeapotCannon.WeaponOverHeatState.ReleaseFireButton	Defined|Simulated|Public
SCRIPT	TeapotCannon.WeaponOverHeatState.TryPutDown	Defined|Simulated|Public
SCRIPT	TeapotCannon.WeaponPuttingDown.EndState	Defined|Simulated|Event|Public
SCRIPT	TeapotCannonBall.Bump	Defined|Event|Public
SCRIPT	TeapotCannonBall.Destroyed	Defined|Simulated|Event|Public
SCRIPT	TeapotCannonBall.Explode	Defined|Simulated|Public
SCRIPT	TeapotCannonBall.Init	Defined|Public
SCRIPT	TeapotCannonBall.OnExplodeTimer	Defined|Simulated|Public|HasDefaults
SCRIPT	TeapotCannonBall.PostBeginPlay	Defined|Simulated|Event|Public
SCRIPT	TeapotCannonBall.RigidBodyCollision	Defined|Event|Public|HasOutParms
SCRIPT	TeapotCannonBall.StartDelayTimer	Defined|Simulated|Public
SCRIPT	TeapotCannonProjectile.AltinatePSFromProjectile	Defined|Public
SCRIPT	TeapotCannonProjectile.GetDLCWeaponFlag	Defined|Simulated|Public
SCRIPT	TeapotCannonProjectile.GetExplodePhysMaterial	Defined|Public
SCRIPT	TeapotCannonProjectile.InitConfigData	Defined|Public
SCRIPT	TeapotCannonProjectile.TriggerRadiusDamageCameraShake	Defined|Simulated|Event|Public|HasDefaults
SCRIPT	TeapotCannonProjectile.TriggerRadiusDamageLight	Defined|Simulated|Event|Public|HasDefaults
SCRIPT	Teleporter.Accept	Defined|Simulated|Event|Public|HasDefaults
SCRIPT	Teleporter.PostBeginPlay	Defined|Event|Public
SCRIPT	Teleporter.PostTouch	Defined|Simulated|Event|Public
SCRIPT	Teleporter.SpecialHandling	Defined|Event|Public
SCRIPT	Teleporter.Touch	Defined|Event|Public
SCRIPT	Terrain.PostBeginPlay	Defined|Simulated|Event|Public
SCRIPT	TestEnemy.TakeDamage	Defined|Event|HasOptionalParms|Public
SCRIPT	TestEnemy.Touch	Defined|Event|Public
SCRIPT	Trigger_LOS.Tick	Defined|Simulated|Event|Public|HasDefaults
SCRIPT	Trigger.ApplyCheckpointRecord	Defined|Public|HasOutParms
SCRIPT	Trigger.CreateCheckpointRecord	Defined|Public|HasOutParms
SCRIPT	Trigger.NotifyTriggered	Defined|Public
SCRIPT	Trigger.PostBeginPlay	Defined|Simulated|Event|Public
SCRIPT	Trigger.ShouldSaveForCheckpoint	Defined|Public
SCRIPT	Trigger.StopsProjectile	Defined|Simulated|Public
SCRIPT	Trigger.Touch	Defined|Event|Public
SCRIPT	Trigger.UnTrigger	Defined|Public
SCRIPT	Trigger.UpdateAfterAcceptPersistentDate	Defined|Event|Public
SCRIPT	TriggeredPath.OnToggle	Defined|Public
SCRIPT	TriggeredPath.SpecialHandling	Defined|Event|Public
SCRIPT	TriggeredPath.SuggestMovePreparation	Defined|Event|Public
SCRIPT	TriggerStreamingLevel.Touch	Defined|Event|Public
SCRIPT	TriggerVolume.PostBeginPlay	Defined|Simulated|Event|Public
SCRIPT	TriggerVolume.StopsProjectile	Defined|Simulated|Public
SCRIPT	Turret2DManager.CheckActorType	Defined|Public
SCRIPT	Turret2DManager.Fire	Defined|Public
SCRIPT	Turret2DManager.OnLoadReady	Defined|Public
SCRIPT	Turret2DManager.OnToggle	Defined|Simulated|Public
SCRIPT	Turret2DManager.Tick	Defined|Event|Public
SCRIPT	TurretBomb.Destroyed	Defined|Simulated|Event|Public
SCRIPT	TurretBomb.Init	Defined|Public
SCRIPT	TurretBomb.PlayTrailParticle	Defined|Public
SCRIPT	TurretBomb.SetMyOwner	Defined|Public
SCRIPT	TurretBomb.Tick	Defined|Event|Public|HasDefaults
SCRIPT	TurretBomb.Touch	Defined|Event|Public
SCRIPT	TurretMine.Destroyed	Defined|Simulated|Event|Public
SCRIPT	TurretMine.Touch	Defined|Event|Public
SCRIPT	UIAction_OpenScene.GetObjClassVersion	Defined|Event|Static|Public
SCRIPT	UIAction_Scene.GetObjClassVersion	Defined|Event|Static|Public
SCRIPT	UIAction_Scene.IsValidLevelSequenceObject	Defined|Event|Public
SCRIPT	UIAction.GetObjClassVersion	Defined|Event|Static|Public
SCRIPT	UIAction.IsValidLevelSequenceObject	Defined|Event|Public
SCRIPT	UIAction.IsValidUISequenceObject	Defined|Event|HasOptionalParms|Public
SCRIPT	UIButton.SetImage	Final|Defined|Public
SCRIPT	UICalloutButton.GenerateCompleteCaptionMarkup	Defined|Event|HasOptionalParms|Public
SCRIPT	UICalloutButton.GetCalloutDataStoreName	Defined|Event|Public
SCRIPT	UICalloutButton.GetCalloutInputProxy	Defined|HasOptionalParms|Public
SCRIPT	UICalloutButton.GetCalloutMarkupString	Defined|Event|HasOptionalParms|Public
SCRIPT	UICalloutButton.GetPanelOwner	Defined|Public
SCRIPT	UICalloutButton.PostInitialize	Defined|Event|Public
SCRIPT	UICalloutButton.RemovedFromParent	Defined|Event|Public
SCRIPT	UICalloutButton.SetInputAlias	Defined|Event|Public
SCRIPT	UICalloutButton.VerifyDefaultMarkupString	Defined|Protected
SCRIPT	UICalloutButtonPanel.AddedChild	Defined|Event|Public
SCRIPT	UICalloutButtonPanel.CanButtonAcceptFocus	Defined|Event|HasOptionalParms|Public
SCRIPT	UICalloutButtonPanel.ConfigureChildButton	Defined|Public
SCRIPT	UICalloutButtonPanel.ContainsButton	Defined|Event|Public
SCRIPT	UICalloutButtonPanel.EnableButton	Defined|Event|HasOptionalParms|Public
SCRIPT	UICalloutButtonPanel.FindButton	Defined|Event|Public
SCRIPT	UICalloutButtonPanel.FindButtonIndex	Defined|Event|Public
SCRIPT	UICalloutButtonPanel.InitializeInputProxy	Defined|Public
SCRIPT	UICalloutButtonPanel.InsertButton	Defined|Event|Public
SCRIPT	UICalloutButtonPanel.OnButtonVisibilityChanged	Defined|Public
SCRIPT	UICalloutButtonPanel.PopulateCalloutButtonArray	Defined|Public
SCRIPT	UICalloutButtonPanel.PostInitialize	Defined|Event|Public
SCRIPT	UICalloutButtonPanel.RemoveAllButtons	Defined|Event|Public
SCRIPT	UICalloutButtonPanel.RemoveButton	Defined|Event|Public
SCRIPT	UICalloutButtonPanel.RemoveButtonByAlias	Defined|Event|Public
SCRIPT	UICalloutButtonPanel.RemovedChild	Defined|Event|HasOptionalParms|Public
SCRIPT	UICalloutButtonPanel.RemovedFromParent	Defined|Event|Public
SCRIPT	UICalloutButtonPanel.SetButtonCallback	Defined|Event|Public
SCRIPT	UICalloutButtonPanel.SetButtonCaption	Defined|Event|Public
SCRIPT	UICalloutButtonPanel.SetButtonInputAlias	Defined|Event|Public
SCRIPT	UICalloutButtonPanel.ShowButton	Defined|Event|HasOptionalParms|Public
SCRIPT	UICalloutButtonPanel.SynchronizeInputAliases	Defined|Event|Public
SCRIPT	UICharacterSummary.IsProviderDisabled	Defined|Event|Public
SCRIPT	UICheckbox.IsChecked	Final|Defined|Public
SCRIPT	UICheckbox.SetCheckImage	Final|Defined|Public
SCRIPT	UIComboBox.ButtonPressed	Defined|Public
SCRIPT	UIComboBox.EditboxPressed	Defined|Public
SCRIPT	UIComboBox.EditboxTextChanged	Defined|Public
SCRIPT	UIComboBox.HideList	Defined|Event|HasOptionalParms|Public
SCRIPT	UIComboBox.IsListDockedToButton	Final|Defined|Public
SCRIPT	UIComboBox.ListItemSelected	Defined|HasOptionalParms|Public
SCRIPT	UIComboBox.PostInitialize	Defined|Event|Public
SCRIPT	UIComboBox.SelectedItemChanged	Defined|Public
SCRIPT	UIComboBox.SetEditboxText	Defined|HasOptionalParms|Public
SCRIPT	UIComboBox.SetListDocking	Defined|Public
SCRIPT	UIComboBox.SetVisibility	Defined|Event|Public
SCRIPT	UIComboBox.ShowList	Defined|Event|HasOptionalParms|Public
SCRIPT	UIComboBox.ShowListClickHandler	Defined|Public
SCRIPT	UIComp_DrawString.EnableAutoSizing	Final|Defined|Event|HasOptionalParms|Public
SCRIPT	UIComp_DrawString.IsAutoSizeEnabled	Final|Defined|Public
SCRIPT	UIComp_DrawString.SetAutoSizePadding	Final|Defined|Event|Public
SCRIPT	UICond_IsFocused.IsValidLevelSequenceObject	Defined|Event|Public
SCRIPT	UICond_SwitchWidget.IsValidLevelSequenceObject	Defined|Event|Public
SCRIPT	UIContextMenu.ClearMenuItems	Defined|Event|Public
SCRIPT	UIContextMenu.FindMenuItemIndex	Defined|Event|Public
SCRIPT	UIContextMenu.GetAllMenuItems	Defined|Event|Public|HasOutParms
SCRIPT	UIContextMenu.GetMenuItem	Defined|Event|Public|HasOutParms
SCRIPT	UIContextMenu.InsertMenuItem	Defined|Event|HasOptionalParms|Public
SCRIPT	UIContextMenu.RemoveMenuItem	Defined|Event|Public
SCRIPT	UIContextMenu.RemoveMenuItemAtIndex	Defined|Event|Public
SCRIPT	UIContextMenu.SetMenuItems	Defined|Event|HasOptionalParms|Public
SCRIPT	UIDataProvider_OnlineClanMates.OnClanMatesReadComplete	Defined|Public
SCRIPT	UIDataProvider_OnlineClanMates.OnRegister	Defined|Event|Public
SCRIPT	UIDataProvider_OnlineFriendMessages.OnFriendInviteReceived	Defined|Public
SCRIPT	UIDataProvider_OnlineFriendMessages.OnFriendMessageReceived	Defined|Public
SCRIPT	UIDataProvider_OnlineFriendMessages.OnGameInviteReceived	Defined|Public
SCRIPT	UIDataProvider_OnlineFriendMessages.OnLoginChange	Defined|Public
SCRIPT	UIDataProvider_OnlineFriendMessages.OnRegister	Defined|Event|Public
SCRIPT	UIDataProvider_OnlineFriendMessages.OnUnregister	Defined|Event|Public
SCRIPT	UIDataProvider_OnlineFriendMessages.ReadMessages	Defined|Public
SCRIPT	UIDataProvider_OnlineFriends.OnFriendsReadComplete	Defined|Public
SCRIPT	UIDataProvider_OnlineFriends.OnLoginChange	Defined|Public
SCRIPT	UIDataProvider_OnlineFriends.OnRegister	Defined|Event|Public
SCRIPT	UIDataProvider_OnlineFriends.OnUnregister	Defined|Event|Public
SCRIPT	UIDataProvider_OnlineFriends.RefreshFriendsList	Defined|Event|Public
SCRIPT	UIDataProvider_OnlinePartyChatList.OnLoginChange	Defined|Public
SCRIPT	UIDataProvider_OnlinePartyChatList.OnRegister	Defined|Event|Public
SCRIPT	UIDataProvider_OnlinePartyChatList.OnUnregister	Defined|Event|Public
SCRIPT	UIDataProvider_OnlinePartyChatList.RefreshMembersList	Defined|Event|Public
SCRIPT	UIDataProvider_OnlinePlayerDataBase.OnRegister	Defined|Event|Public
SCRIPT	UIDataProvider_OnlinePlayerDataBase.OnUnregister	Defined|Event|Public
SCRIPT	UIDataProvider_OnlinePlayers.OnPlayersReadComplete	Defined|Public
SCRIPT	UIDataProvider_OnlinePlayers.OnRegister	Defined|Event|Public
SCRIPT	UIDataProvider_OnlinePlayerStorage.AddReadCompleteDelegate	Defined|Public
SCRIPT	UIDataProvider_OnlinePlayerStorage.ArrayProviderPropertyChanged	Defined|HasOptionalParms|Public
SCRIPT	UIDataProvider_OnlinePlayerStorage.ClearReadCompleteDelegate	Defined|Public
SCRIPT	UIDataProvider_OnlinePlayerStorage.OnLoginChange	Defined|Public|HasDefaults
SCRIPT	UIDataProvider_OnlinePlayerStorage.OnReadStorageComplete	Defined|Public
SCRIPT	UIDataProvider_OnlinePlayerStorage.OnRegister	Defined|Event|Public
SCRIPT	UIDataProvider_OnlinePlayerStorage.OnSettingValueUpdated	Defined|Public
SCRIPT	UIDataProvider_OnlinePlayerStorage.OnUnregister	Defined|Event|Public
SCRIPT	UIDataProvider_OnlinePlayerStorage.ReadData	Defined|Public
SCRIPT	UIDataProvider_OnlinePlayerStorage.RefreshStorageData	Defined|Public
SCRIPT	UIDataProvider_OnlinePlayerStorage.SaveStorageData	Defined|Event|Public
SCRIPT	UIDataProvider_OnlinePlayerStorage.WriteData	Defined|Public
SCRIPT	UIDataProvider_OnlineProfileSettings.AddReadCompleteDelegate	Defined|Public
SCRIPT	UIDataProvider_OnlineProfileSettings.ClearReadCompleteDelegate	Defined|Public
SCRIPT	UIDataProvider_OnlineProfileSettings.ReadData	Defined|Public
SCRIPT	UIDataProvider_OnlineProfileSettings.WriteData	Defined|Public
SCRIPT	UIDataProvider_PlayerAchievements.GetAchievementDetails	Defined|Public|HasOutParms
SCRIPT	UIDataProvider_PlayerAchievements.OnLoginChange	Defined|Public
SCRIPT	UIDataProvider_PlayerAchievements.OnPlayerAchievementsChanged	Defined|Public
SCRIPT	UIDataProvider_PlayerAchievements.OnPlayerAchievementUnlocked	Defined|Public
SCRIPT	UIDataProvider_PlayerAchievements.OnRegister	Defined|Event|Public
SCRIPT	UIDataProvider_PlayerAchievements.OnUnregister	Defined|Event|Public
SCRIPT	UIDataProvider_PlayerAchievements.UpdateAchievements	Defined|Public
SCRIPT	UIDataProvider_Settings.ArrayProviderPropertyChanged	Defined|HasOptionalParms|Public
SCRIPT	UIDataProvider_Settings.OnSettingValueUpdated	Defined|Public
SCRIPT	UIDataProvider_Settings.ProviderInstanceBound	Defined|Event|Public
SCRIPT	UIDataProvider_Settings.ProviderInstanceUnbound	Defined|Event|Public
SCRIPT	UIDataProvider.AddPropertyNotificationChangeRequest	Final|Defined|HasOptionalParms|Public
SCRIPT	UIDataProvider.IsCollectionDataType	Defined|Event|Public
SCRIPT	UIDataProvider.NotifyPropertyChanged	Defined|Event|HasOptionalParms|Public
SCRIPT	UIDataProvider.ParseTagArrayDelimiter	Final|Defined|Public|HasOutParms
SCRIPT	UIDataProvider.RemovePropertyNotificationChangeRequest	Final|Defined|Public
SCRIPT	UIDataStore_DynamicResource.Registered	Defined|Event|Public
SCRIPT	UIDataStore_DynamicResource.Unregistered	Defined|Event|Public
SCRIPT	UIDataStore_GameState.NotifyGameSessionEnded	Defined|Public
SCRIPT	UIDataStore_MenuItems.OnGameSettingsChanged	Defined|HasOptionalParms|Public
SCRIPT	UIDataStore_MenuItems.Registered	Defined|Event|Public
SCRIPT	UIDataStore_MenuItems.Unregistered	Defined|Event|Public
SCRIPT	UIDataStore_OnlineGameSearch.ClearAllSearchResults	Defined|Public
SCRIPT	UIDataStore_OnlineGameSearch.FindSearchConfigurationIndex	Defined|Public
SCRIPT	UIDataStore_OnlineGameSearch.GetActiveGameSearch	Defined|Event|Public
SCRIPT	UIDataStore_OnlineGameSearch.GetCurrentGameSearch	Defined|Event|Public
SCRIPT	UIDataStore_OnlineGameSearch.GetSearchResultFromIndex	Defined|Event|Public|HasOutParms
SCRIPT	UIDataStore_OnlineGameSearch.Init	Defined|Event|Public
SCRIPT	UIDataStore_OnlineGameSearch.InvalidateCurrentSearchResults	Defined|Public
SCRIPT	UIDataStore_OnlineGameSearch.MoveToNext	Defined|Event|HasOptionalParms|Public
SCRIPT	UIDataStore_OnlineGameSearch.MoveToPrevious	Defined|Event|HasOptionalParms|Public
SCRIPT	UIDataStore_OnlineGameSearch.OnSearchComplete	Defined|Public
SCRIPT	UIDataStore_OnlineGameSearch.OverrideQuerySubmission	Defined|Protected
SCRIPT	UIDataStore_OnlineGameSearch.SetCurrentByIndex	Defined|Event|HasOptionalParms|Public
SCRIPT	UIDataStore_OnlineGameSearch.SetCurrentByName	Defined|Event|HasOptionalParms|Public
SCRIPT	UIDataStore_OnlineGameSearch.ShowHostGamercard	Defined|Event|Public
SCRIPT	UIDataStore_OnlineGameSearch.SubmitGameSearch	Defined|Event|HasOptionalParms|Public
SCRIPT	UIDataStore_OnlineGameSettings.CreateGame	Defined|Event|Public
SCRIPT	UIDataStore_OnlineGameSettings.GetCurrentGameSettings	Defined|Event|Public
SCRIPT	UIDataStore_OnlineGameSettings.GetCurrentProvider	Defined|Event|Public
SCRIPT	UIDataStore_OnlineGameSettings.MoveToNext	Defined|Event|Public
SCRIPT	UIDataStore_OnlineGameSettings.MoveToPrevious	Defined|Event|Public
SCRIPT	UIDataStore_OnlineGameSettings.Registered	Defined|Event|Public
SCRIPT	UIDataStore_OnlineGameSettings.SetCurrentByIndex	Defined|Event|Public
SCRIPT	UIDataStore_OnlineGameSettings.SetCurrentByName	Defined|Event|Public
SCRIPT	UIDataStore_OnlineGameSettings.Unregistered	Defined|Event|Public
SCRIPT	UIDataStore_OnlinePlayerData.ClearDelegates	Defined|Public
SCRIPT	UIDataStore_OnlinePlayerData.GetCachedPlayerProfile	Defined|Event|Static|Public
SCRIPT	UIDataStore_OnlinePlayerData.GetCachedPlayerStorage	Defined|Event|Static|Public
SCRIPT	UIDataStore_OnlinePlayerData.OnDownloadableContentQueryDone	Defined|Public
SCRIPT	UIDataStore_OnlinePlayerData.OnLoginChange	Defined|Public
SCRIPT	UIDataStore_OnlinePlayerData.OnPlayerDataChange	Defined|Public
SCRIPT	UIDataStore_OnlinePlayerData.OnRegister	Defined|Event|Public
SCRIPT	UIDataStore_OnlinePlayerData.OnUnregister	Defined|Event|Public
SCRIPT	UIDataStore_OnlinePlayerData.RegisterDelegates	Defined|Public
SCRIPT	UIDataStore_OnlinePlayerData.SaveProfileData	Defined|Event|Public
SCRIPT	UIDataStore_OnlinePlaylists.GetOnlinePlaylistProvider	Defined|Static|HasOptionalParms|Public|HasOutParms|HasDefaults
SCRIPT	UIDataStore_OnlineStats.Init	Defined|Event|Public
SCRIPT	UIDataStore_OnlineStats.OnReadComplete	Defined|Public
SCRIPT	UIDataStore_OnlineStats.RefreshStats	Defined|Event|Public|HasDefaults
SCRIPT	UIDataStore_OnlineStats.SetStatsReadInfo	Defined|Public
SCRIPT	UIDataStore_OnlineStats.ShowGamercard	Defined|Event|Public|HasDefaults
SCRIPT	UIDataStore_Registry.GetDataProvider	Final|Defined|Public
SCRIPT	UIDataStore_SessionSettings.ClearDataProviders	Final|Defined|Public
SCRIPT	UIDataStore_SessionSettings.NotifyGameSessionEnded	Defined|Public
SCRIPT	UIDataStore.GetDataStoreClient	Final|Defined|Public
SCRIPT	UIDataStore.RefreshSubscribers	Final|Defined|Event|HasOptionalParms|Public
SCRIPT	UIDataStore.SubscriberAttached	Defined|Event|Public
SCRIPT	UIDataStore.SubscriberDetached	Defined|Event|Public
SCRIPT	UIDynamicDataProvider.CleanupDataProvider	Defined|Public
SCRIPT	UIDynamicDataProvider.GetDataSource	Final|Defined|Public
SCRIPT	UIDynamicDataProvider.IsValidDataSourceClass	Defined|Event|Public
SCRIPT	UIEditBox.IgnoreMarkup	Final|Defined|Public
SCRIPT	UIEditBox.Initialized	Defined|Event|Public
SCRIPT	UIEditBox.IsReadOnly	Final|Defined|Public
SCRIPT	UIEditBox.SetBackgroundImage	Final|Defined|Public
SCRIPT	UIEditBox.SetReadOnly	Defined|Public
SCRIPT	UIEvent_CalloutButtonInputProxy.GetObjClassVersion	Defined|Event|Static|Public
SCRIPT	UIEvent_CalloutButtonInputProxy.IsPastingIntoUISequenceAllowed	Defined|Event|Public
SCRIPT	UIEvent_CalloutButtonInputProxy.IsValidUISequenceObject	Defined|Event|HasOptionalParms|Public
SCRIPT	UIEvent_MetaObject.IsPastingIntoUISequenceAllowed	Defined|Event|Public
SCRIPT	UIEvent_MetaObject.IsValidUISequenceObject	Defined|Event|HasOptionalParms|Public
SCRIPT	UIEvent_ProcessInput.IsValidUISequenceObject	Defined|Event|HasOptionalParms|Public
SCRIPT	UIEvent_SceneActivated.Deactivated	Defined|Event|Public
SCRIPT	UIEvent_SceneActivated.GetObjClassVersion	Defined|Event|Static|Public
SCRIPT	UIEvent.GetObjClassVersion	Defined|Event|Static|Public
SCRIPT	UIEvent.IsValidLevelSequenceObject	Defined|Event|Public
SCRIPT	UIEvent.IsValidUISequenceObject	Defined|Event|HasOptionalParms|Public
SCRIPT	UIEvent.ShouldAlwaysInstance	Defined|Event|Public
SCRIPT	UIFocusHint.RemovedFromParent	Defined|Event|Public
SCRIPT	UIFrameBox.SetBackgroundImage	Final|Defined|Public
SCRIPT	UIGameInfoSummary.IsProviderDisabled	Defined|Event|Public
SCRIPT	UIImage.SetValue	Final|Defined|Public
SCRIPT	UIInteraction.CanAllPlayOnline	Final|Defined|Public
SCRIPT	UIInteraction.CanPlayOnline	Final|Defined|Event|Static|Public
SCRIPT	UIInteraction.GetConnectedGamepadCount	Final|Defined|Static|HasOptionalParms|Public
SCRIPT	UIInteraction.GetLocalPlayer	Final|Defined|Static|Public
SCRIPT	UIInteraction.GetLoggedInPlayerCount	Final|Defined|Static|HasOptionalParms|Public
SCRIPT	UIInteraction.GetLoginStatus	Final|Defined|Event|Static|Public
SCRIPT	UIInteraction.GetLowestLoginStatusOfControllers	Final|Defined|Public
SCRIPT	UIInteraction.GetNATType	Final|Defined|Event|Static|Public
SCRIPT	UIInteraction.GetNumGuestsLoggedIn	Final|Defined|Static|Public
SCRIPT	UIInteraction.HasLinkConnection	Final|Defined|Event|Static|Public
SCRIPT	UIInteraction.IsGamepadConnected	Final|Defined|Static|Public
SCRIPT	UIInteraction.IsLoggedIn	Final|Defined|Event|Static|HasOptionalParms|Public
SCRIPT	UIInteraction.NotifyGameSessionEnded	Defined|Public
SCRIPT	UIInteraction.NotifyPlayerAdded	Defined|Public|HasDefaults
SCRIPT	UIInteraction.NotifyPlayerRemoved	Defined|Public|HasDefaults
SCRIPT	UIInteraction.SetMousePosition	Final|Defined|Public
SCRIPT	UILabel.GetValue	Defined|Public
SCRIPT	UILabel.IgnoreMarkup	Final|Defined|Public
SCRIPT	UILabel.SetArrayValue	Final|Defined|Public
SCRIPT	UILabelButton.GetCaption	Final|Defined|Event|Public
SCRIPT	UIList.AllMutexesDisabled	Final|Defined|Event|Public
SCRIPT	UIList.ClickedScrollZone	Defined|Public
SCRIPT	UIList.DecrementAllMutexes	Final|Defined|Event|HasOptionalParms|Public
SCRIPT	UIList.DisableSetIndex	Final|Defined|Event|Public
SCRIPT	UIList.DisableValueChangeNotification	Final|Defined|Event|Public
SCRIPT	UIList.EnableColumnHeaderRendering	Final|Defined|HasOptionalParms|Public
SCRIPT	UIList.EnableSetIndex	Final|Defined|Event|Public
SCRIPT	UIList.EnableValueChangeNotification	Final|Defined|Event|Public
SCRIPT	UIList.IncrementAllMutexes	Final|Defined|Event|Public
SCRIPT	UIList.Initialized	Defined|Event|Public
SCRIPT	UIList.IsSetIndexEnabled	Final|Defined|Event|Public
SCRIPT	UIList.IsValueChangeNotificationEnabled	Final|Defined|Event|Public
SCRIPT	UIList.OnStateChanged	Final|Defined|HasOptionalParms|Public
SCRIPT	UIList.PostInitialize	Defined|Event|Public
SCRIPT	UIList.ShouldRenderColumnHeaders	Final|Defined|Public
SCRIPT	UIMessageBox.SetupDockingRelationships	Defined|Public
SCRIPT	UIMessageBoxBase.AddButton	Defined|Public
SCRIPT	UIMessageBoxBase.FindButtonIndex	Defined|Public
SCRIPT	UIMessageBoxBase.GetButtonBar	Defined|Public
SCRIPT	UIMessageBoxBase.GetMessageLabel	Defined|Public
SCRIPT	UIMessageBoxBase.GetTitleLabel	Defined|Public
SCRIPT	UIMessageBoxBase.HandleSceneActivated	Defined|Public
SCRIPT	UIMessageBoxBase.HasButton	Defined|Public
SCRIPT	UIMessageBoxBase.LayoutControls	Defined|Public
SCRIPT	UIMessageBoxBase.OnOptionSelected	Defined|Public|Delegate
SCRIPT	UIMessageBoxBase.OptionChosen	Defined|Public
SCRIPT	UIMessageBoxBase.RemoveButton	Defined|Public
SCRIPT	UIMessageBoxBase.SetButtonCallback	Defined|Protected
SCRIPT	UIMessageBoxBase.SetMessage	Defined|Public
SCRIPT	UIMessageBoxBase.SetQuestion	Defined|Public
SCRIPT	UIMessageBoxBase.SetTitle	Defined|Public
SCRIPT	UIMessageBoxBase.SetupMessageBox	Defined|HasOptionalParms|Public
SCRIPT	UINavigationList.GetGameResourceDataStore	Final|Defined|Static|Public
SCRIPT	UINavigationList.GetItemTagAtIndex	Defined|Public|HasDefaults
SCRIPT	UINavigationList.GetScenePathAtIndex	Defined|Public|HasDefaults
SCRIPT	UINavigationList.GetSelectedItemTag	Defined|Public
SCRIPT	UINavigationList.GetSelectedScenePath	Defined|Public
SCRIPT	UINumericEditBox.Initialized	Defined|Event|Public
SCRIPT	UINumericEditBox.PostInitialize	Defined|Event|Public
SCRIPT	UIObject.ClearDockTargets	Defined|Public
SCRIPT	UIObject.GetOwner	Final|Defined|Public
SCRIPT	UIObject.GetParent	Defined|Public
SCRIPT	UIObject.GetScene	Final|Defined|Public
SCRIPT	UIObject.LogRenderBounds	Defined|Public
SCRIPT	UIOptionListBase.Created	Defined|Public
SCRIPT	UIOptionListBase.Initialized	Defined|Event|Public
SCRIPT	UIOptionListBase.InitializeInternalControls	Defined|Public
SCRIPT	UIOptionListBase.OnButtonClicked	Defined|Public
SCRIPT	UIOptionListBase.OnStateChanged	Defined|HasOptionalParms|Public
SCRIPT	UIPanel.SetBackgroundImage	Final|Defined|Public
SCRIPT	UIProgressBar.SetBackgroundImage	Final|Defined|Public
SCRIPT	UIProgressBar.SetFillImage	Final|Defined|Public
SCRIPT	UIProgressBar.SetOverlayImage	Final|Defined|Public
SCRIPT	UIResourceCombinationProvider.ClearProviderReferences	Defined|Public
SCRIPT	UIResourceCombinationProvider.GetCellFieldType	Defined|Event|Public|HasOutParms
SCRIPT	UIResourceCombinationProvider.GetCellFieldValue	Defined|Event|HasOptionalParms|Public|HasOutParms
SCRIPT	UIResourceCombinationProvider.GetElementCellSchemaProvider	Defined|Event|Public|HasOutParms
SCRIPT	UIResourceCombinationProvider.GetElementCellTags	Defined|Event|HasOptionalParms|Public|HasOutParms
SCRIPT	UIResourceCombinationProvider.GetElementCellValueProvider	Defined|Event|Public|HasOutParms
SCRIPT	UIResourceCombinationProvider.GetElementCount	Defined|Event|Public
SCRIPT	UIResourceCombinationProvider.GetElementProviderTags	Defined|Event|Public
SCRIPT	UIResourceCombinationProvider.GetListElements	Defined|Event|Public|HasOutParms
SCRIPT	UIResourceCombinationProvider.InitializeProvider	Defined|Event|Public
SCRIPT	UIResourceCombinationProvider.IsElementEnabled	Defined|Event|Public
SCRIPT	UIResourceCombinationProvider.ReplaceProviderCollection	Defined|Public|HasOutParms
SCRIPT	UIResourceCombinationProvider.ReplaceProviderValue	Defined|Public|HasOutParms
SCRIPT	UIRoot.ConvertWidgetIDToString	Final|Defined|Static|Public
SCRIPT	UIRoot.GetDataStoreStringValue	Defined|Static|HasOptionalParms|Public|HasOutParms|HasDefaults
SCRIPT	UIRoot.GetOnlineGameInterface	Final|Defined|Static|Public
SCRIPT	UIRoot.GetOnlinePlayerInterface	Final|Defined|Static|Public
SCRIPT	UIRoot.GetOnlinePlayerInterfaceEx	Final|Defined|Static|Public
SCRIPT	UIRoot.IsConsole	Final|Defined|Static|HasOptionalParms|Public
SCRIPT	UIRoot.IsEditor	Final|Defined|Static|Public
SCRIPT	UIRoot.SetDataStoreStringValue	Defined|Static|HasOptionalParms|Public|HasDefaults
SCRIPT	UIRoot.StaticResolveDataStore	Final|Defined|Static|HasOptionalParms|Public
SCRIPT	UIScene.AddedChild	Defined|Event|Public
SCRIPT	UIScene.BeginSceneAnimation	Defined|HasOptionalParms|Public
SCRIPT	UIScene.BeginSceneCloseAnimation	Defined|Public
SCRIPT	UIScene.BeginSceneLostFocusAnimation	Defined|Public
SCRIPT	UIScene.BeginSceneOpenAnimation	Defined|Public
SCRIPT	UIScene.BeginSceneRegainedFocusAnimation	Defined|Public
SCRIPT	UIScene.BeginSceneRegainingFocusAnimation	Defined|Public
SCRIPT	UIScene.CalculateInputMask	Final|Defined|Event|Public
SCRIPT	UIScene.CloseScene	Defined|Event|HasOptionalParms|Public
SCRIPT	UIScene.DebugShowAnimators	Defined|Public
SCRIPT	UIScene.FindAnimatorIndex	Defined|Public
SCRIPT	UIScene.LogCurrentState	Defined|Public
SCRIPT	UIScene.LogRenderBounds	Defined|Public
SCRIPT	UIScene.NotifyControllerStatusChanged	Defined|Public
SCRIPT	UIScene.NotifyGameSessionEnded	Defined|Public
SCRIPT	UIScene.NotifyLinkStatusChanged	Defined|Public
SCRIPT	UIScene.NotifyLoginStatusChanged	Defined|Public
SCRIPT	UIScene.NotifyOnlineServiceStatusChanged	Defined|Public
SCRIPT	UIScene.NotifyPlayerAdded	Defined|Public
SCRIPT	UIScene.NotifyPlayerRemoved	Defined|Public
SCRIPT	UIScene.NotifyStorageDeviceChanged	Defined|Public
SCRIPT	UIScene.OnCloseAnimationComplete	Defined|Public
SCRIPT	UIScene.OnCloseAnimationComplete_IgnoreChildScenes	Defined|Public
SCRIPT	UIScene.OnLostFocusAnimationComplete	Defined|Public
SCRIPT	UIScene.OnOpenAnimationComplete	Defined|Public
SCRIPT	UIScene.OnQueryBeginAnimation_DisableInput	Defined|Public|Delegate
SCRIPT	UIScene.OnQueryEndAnimation_EnableInput	Defined|Public|Delegate
SCRIPT	UIScene.OnRegainedFocusAnimationComplete	Defined|Public
SCRIPT	UIScene.OnRegainingFocusAnimationComplete	Defined|Public
SCRIPT	UIScene.OpenScene	Defined|Event|HasOptionalParms|Public
SCRIPT	UIScene.RemovedChild	Defined|Event|HasOptionalParms|Public
SCRIPT	UIScene.SceneActivated	Defined|Event|Public
SCRIPT	UIScene.SceneDeactivated	Defined|Event|Public
SCRIPT	UIScene.SetVisibility	Defined|Event|Public
SCRIPT	UIScene.StopSceneAnimation	Defined|HasOptionalParms|Public
SCRIPT	UIScene.UIAnimationEnded	Defined|Event|Public
SCRIPT	UIScene.UIAnimationStarted	Defined|Event|HasOptionalParms|Public|HasDefaults
SCRIPT	UIScreenObject.ActivateFocusHint	Defined|Event|Public
SCRIPT	UIScreenObject.ActivateKeyFrameCompletedDelegates	Defined|Event|Public
SCRIPT	UIScreenObject.ActivateTrackCompletedDelegates	Defined|Event|Public
SCRIPT	UIScreenObject.Add_UIAnimKeyFrameCompletedHandler	Final|Defined|Public
SCRIPT	UIScreenObject.Add_UIAnimTrackCompletedHandler	Final|Defined|Public
SCRIPT	UIScreenObject.BecomePrimaryPlayer	Defined|Public
SCRIPT	UIScreenObject.CanPlayOnline	Final|Defined|HasOptionalParms|Public
SCRIPT	UIScreenObject.DisablePlayerInput	Final|Defined|Event|HasOptionalParms|Public
SCRIPT	UIScreenObject.DisableWidget	Final|Defined|Public
SCRIPT	UIScreenObject.EnablePlayerInput	Final|Defined|Event|HasOptionalParms|Public
SCRIPT	UIScreenObject.EnableWidget	Final|Defined|Public
SCRIPT	UIScreenObject.Find_UIAnimKeyFrameCompletedHandler	Final|Defined|Public
SCRIPT	UIScreenObject.Find_UIAnimTrackCompletedHandler	Final|Defined|Public
SCRIPT	UIScreenObject.GetLoggedInControllerIds	Final|Defined|Static|HasOptionalParms|Public|HasOutParms
SCRIPT	UIScreenObject.GetLoggedInPlayerCount	Final|Defined|Static|HasOptionalParms|Public
SCRIPT	UIScreenObject.GetLoginStatus	Final|Defined|HasOptionalParms|Public
SCRIPT	UIScreenObject.GetNATType	Defined|Public
SCRIPT	UIScreenObject.HasLinkConnection	Final|Defined|Static|Public
SCRIPT	UIScreenObject.IsGamepadConnected	Final|Defined|Event|HasOptionalParms|Public
SCRIPT	UIScreenObject.IsLoggedIn	Defined|Event|HasOptionalParms|Public
SCRIPT	UIScreenObject.LogCurrentState	Defined|Public
SCRIPT	UIScreenObject.OnConsoleCommand	Defined|Public
SCRIPT	UIScreenObject.PrivateSetVisibility	Final|Defined|Private
SCRIPT	UIScreenObject.Remove_UIAnimKeyFrameCompletedHandler	Final|Defined|Public
SCRIPT	UIScreenObject.Remove_UIAnimTrackCompletedHandler	Final|Defined|Public
SCRIPT	UIScreenObject.RemovedFromParent	Defined|Event|Public
SCRIPT	UIScreenObject.SetVisibility	Defined|Event|Public
SCRIPT	UIScreenObject.UIAnimationEnded	Defined|Event|Public
SCRIPT	UIScreenObject.UIAnimationStarted	Defined|Event|HasOptionalParms|Public
SCRIPT	UIScriptConsoleScene.OnCreateChild	Defined|Public
SCRIPT	UIScriptConsoleScene.PostInitialize	Defined|Event|Public
SCRIPT	UIScrollbar.GetMarkerPosPercent	Final|Defined|Public
SCRIPT	UIScrollbar.GetMarkerSizePercent	Final|Defined|Public
SCRIPT	UIScrollbar.GetNudgePercent	Final|Defined|Public
SCRIPT	UIScrollbar.GetNudgeValue	Final|Defined|Public
SCRIPT	UIScrollbar.Initialized	Defined|Event|Public
SCRIPT	UIScrollbar.PostInitialize	Defined|Event|Public
SCRIPT	UIScrollFrame.AddedChild	Defined|Event|Public
SCRIPT	UIScrollFrame.OnChildRepositioned	Final|Defined|Public
SCRIPT	UIScrollFrame.RemovedChild	Defined|Event|HasOptionalParms|Public
SCRIPT	UIScrollFrame.ScrollZoneClicked	Final|Defined|Event|Private
SCRIPT	UISettingsProvider.CleanupDataProvider	Defined|Public
SCRIPT	UISlider.OnStateChanged	Final|Defined|HasOptionalParms|Public
SCRIPT	UISlider.SetBackgroundImage	Final|Defined|Public
SCRIPT	UISlider.SetBarImage	Final|Defined|Public
SCRIPT	UISlider.SetMarkerImage	Final|Defined|Public
SCRIPT	UIState_Disabled.ActivateState	Defined|Event|Public
SCRIPT	UIState_Disabled.IsStateAllowed	Defined|Event|Public
SCRIPT	UIState_Focused.ActivateState	Defined|Event|Public
SCRIPT	UIState_TargetedTab.IsWidgetClassSupported	Defined|Event|Public
SCRIPT	UIState.ActivateState	Defined|Event|Public
SCRIPT	UIState.DeactivateState	Defined|Event|Public
SCRIPT	UIState.IsStateAllowed	Defined|Event|Public
SCRIPT	UIState.IsWidgetClassSupported	Defined|Event|Public
SCRIPT	UIStyle.GetDefaultStyle	Final|Defined|Event|Public
SCRIPT	UITabButton.AddedChild	Defined|Event|Public
SCRIPT	UITabButton.GetTabPage	Defined|Public
SCRIPT	UITabButton.OnStateChanged	Defined|HasOptionalParms|Public
SCRIPT	UITabButton.RemovedChild	Defined|Event|HasOptionalParms|Public
SCRIPT	UITabButton.RemovedFromParent	Defined|Event|Public
SCRIPT	UITabControl.ActivateBestTab	Defined|HasOptionalParms|Public
SCRIPT	UITabControl.ActivateNextPage	Defined|Event|HasOptionalParms|Public
SCRIPT	UITabControl.ActivatePage	Defined|Event|HasOptionalParms|Public
SCRIPT	UITabControl.ActivatePageByCaption	Defined|HasOptionalParms|Public
SCRIPT	UITabControl.ActivatePreviousPage	Defined|Event|HasOptionalParms|Public
SCRIPT	UITabControl.AddedChild	Defined|Event|Public
SCRIPT	UITabControl.EnableTabPage	Defined|Event|HasOptionalParms|Public
SCRIPT	UITabControl.FindPageIndexByButton	Defined|Public
SCRIPT	UITabControl.FindPageIndexByCaption	Defined|HasOptionalParms|Public
SCRIPT	UITabControl.FindPageIndexByPageRef	Defined|Public
SCRIPT	UITabControl.InsertPage	Defined|Event|HasOptionalParms|Public
SCRIPT	UITabControl.PostInitialize	Defined|Event|Public
SCRIPT	UITabControl.PrivateActivatePage	Defined|Event|Protected
SCRIPT	UITabControl.ProcessInputKey	Defined|Public|HasOutParms
SCRIPT	UITabControl.RemovePage	Defined|Event|Public
SCRIPT	UITabControl.ReplacePage	Defined|Event|HasOptionalParms|Public
SCRIPT	UITabControl.TabButtonClicked	Defined|Public
SCRIPT	UITabPage.ActivatePage	Defined|Event|HasOptionalParms|Public
SCRIPT	UITabPage.CanActivatePage	Defined|Public
SCRIPT	UITabPage.CreateTabButton	Defined|Event|Static|Protected
SCRIPT	UITabPage.GetTabButton	Defined|HasOptionalParms|Public
SCRIPT	UITabPage.IsActivePage	Defined|Public
SCRIPT	UITabPage.IsFocusInitializationRequired	Defined|Public
SCRIPT	UITabPage.LinkToTabButton	Defined|Event|Public
SCRIPT	UITabPage.RemovedFromParent	Defined|Event|Public
SCRIPT	UITabPage.SetTabCaption	Defined|Public
SCRIPT	UITexture.GetSurface	Final|Defined|Public
SCRIPT	UIToggleButton.ButtonClicked	Defined|Public
SCRIPT	UIToggleButton.IsChecked	Final|Defined|Public
SCRIPT	UIWeaponSummary.IsProviderDisabled	Defined|Event|Public
SCRIPT	Vehicle.AdjustDriverDamage	Defined|Public|HasOutParms
SCRIPT	Vehicle.AnySeatAvailable	Defined|Public
SCRIPT	Vehicle.AttachDriver	Defined|Simulated|Public
SCRIPT	Vehicle.CanEnterVehicle	Defined|Public
SCRIPT	Vehicle.CheatFly	Defined|Public
SCRIPT	Vehicle.CheatGhost	Defined|Public
SCRIPT	Vehicle.CheatWalk	Defined|Public
SCRIPT	Vehicle.ContinueOnFoot	Defined|Event|Public
SCRIPT	Vehicle.Destroyed	Defined|Simulated|Event|Public
SCRIPT	Vehicle.Destroyed_HandleDriver	Defined|Simulated|Public
SCRIPT	Vehicle.Died	Defined|Public
SCRIPT	Vehicle.DisplayDebug	Defined|Simulated|Public|HasOutParms
SCRIPT	Vehicle.DriverDied	Defined|Public
SCRIPT	Vehicle.DriverEnter	Defined|Public
SCRIPT	Vehicle.DriverLeave	Defined|Event|Public|HasDefaults
SCRIPT	Vehicle.DriverLeft	Defined|Public
SCRIPT	Vehicle.DriverRadiusDamage	Defined|HasOptionalParms|Public
SCRIPT	Vehicle.DrivingStatusChanged	Defined|Simulated|Public
SCRIPT	Vehicle.EncroachingOn	Defined|Event|Public|HasDefaults
SCRIPT	Vehicle.FindAutoExit	Defined|Public|HasDefaults
SCRIPT	Vehicle.GetCollisionDamageInstigator	Defined|Public
SCRIPT	Vehicle.GetDefaultCameraMode	Defined|Simulated|Public
SCRIPT	Vehicle.GetEntryLocation	Defined|Simulated|Event|Public
SCRIPT	Vehicle.GetExitRotation	Defined|Public|HasDefaults
SCRIPT	Vehicle.NotifyTeamChanged	Defined|Simulated|Public
SCRIPT	Vehicle.PancakeOther	Defined|Public
SCRIPT	Vehicle.PlaceExitingDriver	Defined|HasOptionalParms|Public|HasDefaults
SCRIPT	Vehicle.PlayerChangedTeam	Defined|Public
SCRIPT	Vehicle.PossessedBy	Defined|Public
SCRIPT	Vehicle.PostBeginPlay	Defined|Event|Public
SCRIPT	Vehicle.ReplicatedEvent	Defined|Simulated|Event|Public
SCRIPT	Vehicle.SetBaseEyeheight	Defined|Simulated|Public
SCRIPT	Vehicle.SetDriving	Defined|Simulated|Public
SCRIPT	Vehicle.SetInputs	Defined|Simulated|Public
SCRIPT	Vehicle.SetKillInstigator	Defined|Public
SCRIPT	Vehicle.Suicide	Defined|Public
SCRIPT	Vehicle.TakeDamage	Defined|Event|HasOptionalParms|Public
SCRIPT	Vehicle.TakeRadiusDamage	Defined|Simulated|HasOptionalParms|Public
SCRIPT	Vehicle.TryExitPos	Defined|Public|HasDefaults
SCRIPT	Vehicle.TryToDrive	Defined|Public
SCRIPT	Vehicle.UnPossessed	Defined|Public
SCRIPT	Vehicle.ZeroMovementVariables	Defined|Simulated|Public
SCRIPT	Volume.AssociatedTouch.BeginState	Defined|Event|Public
SCRIPT	Volume.AssociatedTouch.Touch	Defined|Event|Public
SCRIPT	Volume.AssociatedTouch.UnTouch	Defined|Event|Public
SCRIPT	Volume.CollisionChanged	Defined|Simulated|Event|Public
SCRIPT	Volume.DisplayDebug	Defined|Simulated|Public|HasOutParms
SCRIPT	Volume.GetLocationStringFor	Defined|Simulated|Public
SCRIPT	Volume.OnToggle	Defined|Simulated|Public
SCRIPT	Volume.PostBeginPlay	Defined|Event|Public
SCRIPT	VolumeTimer.PostBeginPlay	Defined|Event|Public
SCRIPT	VolumeTimer.Timer	Defined|Event|Public
SCRIPT	VorpalBlade.AliceWeaponMeleeFire.ShouldSlideToTargetWhenFire	Defined|Simulated|Public|HasOutParms
SCRIPT	VorpalBlade.AttachOwnerData	Defined|Simulated|Public
SCRIPT	VorpalBlade.ChangeDLCData	Defined|Simulated|Public
SCRIPT	VorpalBlade.GetDLCWeaponFlag	Defined|Simulated|Public
SCRIPT	VorpalBlade.GetMuzzleSocketMesh	Defined|Simulated|Public
SCRIPT	VorpalBlade.PostBeginPlay	Defined|Simulated|Public
SCRIPT	VorpalBlade.UpdateAchievement29	Defined|Public
SCRIPT	WalkInWaterVolume.PawnEnteredVolume	Defined|Simulated|Event|Public
SCRIPT	WalkInWaterVolume.PawnLeavingVolume	Defined|Simulated|Event|Public
SCRIPT	WaterVolume.PlayEntrySplash	Defined|Public
SCRIPT	WaterVolume.PlayExitSplash	Defined|Public
SCRIPT	WaterVolume.Touch	Defined|Simulated|Event|Public
SCRIPT	WaterVolume.UnTouch	Defined|Event|Public
SCRIPT	Weapon.Activate	Defined|Simulated|Public
SCRIPT	Weapon.Active.BeginFire	Defined|Simulated|Public
SCRIPT	Weapon.Active.BeginState	Defined|Simulated|Event|Public
SCRIPT	Weapon.Active.ReadyToFire	Defined|Simulated|Public
SCRIPT	Weapon.Active.TryPutDown	Defined|Simulated|Public
SCRIPT	Weapon.AddSpread	Defined|Simulated|Public|HasDefaults
SCRIPT	Weapon.AdjustFOVAngle	Defined|Simulated|Public
SCRIPT	Weapon.BeginFire	Defined|Simulated|Public
SCRIPT	Weapon.CacheAIController	Defined|Simulated|Public
SCRIPT	Weapon.CalcWeaponFire	Defined|Simulated|HasOptionalParms|Public|HasOutParms|HasDefaults
SCRIPT	Weapon.CanAttack	Defined|Public
SCRIPT	Weapon.CanThrow	Defined|Simulated|Public
SCRIPT	Weapon.ClearAllPendingFire	Final|Defined|Simulated|Public
SCRIPT	Weapon.ClearFlashCount	Defined|Simulated|Public
SCRIPT	Weapon.ClearFlashLocation	Defined|Public
SCRIPT	Weapon.ClearPendingFire	Final|Defined|Simulated|Public
SCRIPT	Weapon.ClientGivenTo	Defined|Net|NetReliable|Simulated|Public|NetClient
SCRIPT	Weapon.ClientWeaponSet	Defined|Net|NetReliable|Simulated|HasOptionalParms|Public|NetClient
SCRIPT	Weapon.ClientWeaponThrown	Defined|Net|NetReliable|Simulated|Public|NetClient
SCRIPT	Weapon.DebugAddAmmo	Final|Defined|Event|Public
SCRIPT	Weapon.DenyClientWeaponSet	Defined|Simulated|Public
SCRIPT	Weapon.DenyPickupQuery	Defined|Public
SCRIPT	Weapon.Destroyed	Defined|Simulated|Event|Public
SCRIPT	Weapon.DisplayDebug	Defined|Simulated|Public|HasOutParms
SCRIPT	Weapon.DoOverrideNextWeapon	Defined|Simulated|Public
SCRIPT	Weapon.DoOverridePrevWeapon	Defined|Simulated|Public
SCRIPT	Weapon.DropFrom	Defined|Public
SCRIPT	Weapon.EndFire	Defined|Simulated|Public
SCRIPT	Weapon.FireAmmunition	Defined|Simulated|Public
SCRIPT	Weapon.FireOnRelease	Defined|Public
SCRIPT	Weapon.FocusOnLeader	Defined|Public
SCRIPT	Weapon.ForceEndFire	Defined|Simulated|Public
SCRIPT	Weapon.GetAdjustedAim	Defined|Simulated|Public|HasDefaults
SCRIPT	Weapon.GetAIRating	Defined|Public
SCRIPT	Weapon.GetDamageRadius	Defined|Public
SCRIPT	Weapon.GetFireInterval	Defined|Simulated|Public
SCRIPT	Weapon.GetMuzzleLoc	Defined|Simulated|Event|Public
SCRIPT	Weapon.GetPendingFireLength	Final|Defined|Simulated|Public
SCRIPT	Weapon.GetProjectileClass	Defined|Public
SCRIPT	Weapon.GetTargetDistance	Defined|Simulated|Public|HasDefaults
SCRIPT	Weapon.GetTraceOwner	Defined|Simulated|Public
SCRIPT	Weapon.GetTraceRange	Defined|Simulated|Event|Public
SCRIPT	Weapon.GetViewAxes	Defined|Simulated|Public|HasOutParms|HasDefaults
SCRIPT	Weapon.GetWeaponAnimNodeSeq	Defined|Simulated|Public
SCRIPT	Weapon.GetWeaponDebug	Defined|Simulated|Public|HasOutParms
SCRIPT	Weapon.GetWeaponRating	Defined|Simulated|Public
SCRIPT	Weapon.HandleFinishedFiring	Defined|Simulated|Public
SCRIPT	Weapon.HasAmmo	Defined|Simulated|HasOptionalParms|Public
SCRIPT	Weapon.HasAnyAmmo	Defined|Simulated|Public
SCRIPT	Weapon.HolderDied	Defined|Public
SCRIPT	Weapon.Inactive.ServerStartFire	Defined|Net|NetReliable|Public|NetServer
SCRIPT	Weapon.Inactive.ServerStopFire	Defined|Net|NetReliable|Public|NetServer
SCRIPT	Weapon.Inactive.TryPutDown	Defined|Simulated|Public
SCRIPT	Weapon.IncrementFlashCount	Defined|Simulated|Public
SCRIPT	Weapon.InstantFire	Defined|Simulated|Public|HasDefaults
SCRIPT	Weapon.IsActiveWeapon	Defined|Simulated|Public
SCRIPT	Weapon.IsFiring	Defined|Simulated|Event|Public
SCRIPT	Weapon.ItemRemovedFromInvManager	Defined|Public
SCRIPT	Weapon.MaxRange	Defined|Simulated|Public
SCRIPT	Weapon.NotifyWeaponFinishedFiring	Defined|Public
SCRIPT	Weapon.NotifyWeaponFired	Defined|Public
SCRIPT	Weapon.PassThroughDamage	Defined|Simulated|Static|Public
SCRIPT	Weapon.PendingClientWeaponSet.BeginState	Defined|Simulated|Event|Public
SCRIPT	Weapon.PendingClientWeaponSet.EndState	Defined|Simulated|Event|Public
SCRIPT	Weapon.PendingClientWeaponSet.PendingWeaponSetTimer	Defined|Simulated|Public
SCRIPT	Weapon.PendingFire	Final|Defined|Simulated|Public
SCRIPT	Weapon.PlayWeaponAnimation	Defined|Simulated|HasOptionalParms|Public
SCRIPT	Weapon.ProcessInstantHit	Defined|Simulated|HasOptionalParms|Public
SCRIPT	Weapon.ProjectileFire	Defined|Simulated|Public|HasDefaults
SCRIPT	Weapon.PutDownWeapon	Defined|Simulated|Public
SCRIPT	Weapon.RangedAttackTime	Defined|Public
SCRIPT	Weapon.RecommendLongRangedAttack	Defined|Public
SCRIPT	Weapon.RecommendRangedAttack	Defined|Public
SCRIPT	Weapon.RelativeStrengthVersus	Defined|Public
SCRIPT	Weapon.SendToFiringState	Defined|Simulated|Public
SCRIPT	Weapon.ServerStartFire	Defined|Net|NetReliable|Public|NetServer
SCRIPT	Weapon.ServerStopFire	Defined|Net|NetReliable|Public|NetServer
SCRIPT	Weapon.SetCurrentFireMode	Defined|Simulated|Public
SCRIPT	Weapon.SetFlashLocation	Defined|Public
SCRIPT	Weapon.SetPendingFire	Final|Defined|Simulated|Public
SCRIPT	Weapon.ShouldRefire	Defined|Simulated|Public
SCRIPT	Weapon.StartFire	Defined|Simulated|Public
SCRIPT	Weapon.StillFiring	Defined|Simulated|Public
SCRIPT	Weapon.StopFire	Defined|Simulated|Public
SCRIPT	Weapon.StopWeaponAnimation	Defined|Simulated|Public
SCRIPT	Weapon.SuggestAttackStyle	Defined|Public
SCRIPT	Weapon.SuggestDefenseStyle	Defined|Public
SCRIPT	Weapon.TimeWeaponEquipping	Defined|Simulated|Public
SCRIPT	Weapon.TimeWeaponFiring	Defined|Simulated|Public
SCRIPT	Weapon.TimeWeaponPutDown	Defined|Simulated|Public
SCRIPT	Weapon.TryPutDown	Defined|Simulated|Public
SCRIPT	Weapon.WeaponEquipping.BeginState	Defined|Simulated|Event|Public
SCRIPT	Weapon.WeaponEquipping.EndState	Defined|Simulated|Event|Public
SCRIPT	Weapon.WeaponEquipping.WeaponEquipped	Defined|Simulated|Public
SCRIPT	Weapon.WeaponFiring.BeginState	Defined|Simulated|Event|Public
SCRIPT	Weapon.WeaponFiring.EndState	Defined|Simulated|Event|Public
SCRIPT	Weapon.WeaponFiring.IsFiring	Defined|Simulated|Event|Public
SCRIPT	Weapon.WeaponFiring.RefireCheckTimer	Defined|Simulated|Public
SCRIPT	Weapon.WeaponPlaySound	Defined|Simulated|HasOptionalParms|Public
SCRIPT	Weapon.WeaponPuttingDown.BeginState	Defined|Simulated|Event|Public
SCRIPT	Weapon.WeaponPuttingDown.ClientWeaponThrown	Defined|Net|NetReliable|Simulated|Public|NetClient
SCRIPT	Weapon.WeaponPuttingDown.EndState	Defined|Simulated|Event|Public
SCRIPT	Weapon.WeaponPuttingDown.TryPutDown	Defined|Simulated|Public
SCRIPT	Weapon.WeaponPuttingDown.WeaponIsDown	Defined|Simulated|Public
SCRIPT	WeaponForAlice.Active.BeginState	Defined|Simulated|Event|Public
SCRIPT	WeaponForAlice.Active.EndState	Defined|Simulated|Event|Public
SCRIPT	WeaponForAlice.Active.Tick	Defined|Event|Public
SCRIPT	WeaponForAlice.AllowSwitchOtherWeapon	Defined|Public
SCRIPT	WeaponForAlice.AnnounceWeaponUpgrade	Defined|Public
SCRIPT	WeaponForAlice.BeginFire	Defined|Simulated|Public
SCRIPT	WeaponForAlice.ChangeDLCData	Defined|Simulated|Public
SCRIPT	WeaponForAlice.ChangeLevel	Defined|Simulated|Event|Public
SCRIPT	WeaponForAlice.ChangeLevelData	Defined|Simulated|Public
SCRIPT	WeaponForAlice.ChangeWeaponLevelData	Defined|Public
SCRIPT	WeaponForAlice.ClearPressFireButtonTimer	Defined|Public
SCRIPT	WeaponForAlice.DenyPickupQuery	Defined|Public
SCRIPT	WeaponForAlice.FadeInWeapon	Defined|Public
SCRIPT	WeaponForAlice.FadeOutWeapon	Defined|Public
SCRIPT	WeaponForAlice.FlashWeaponDLCMesh	Defined|Public
SCRIPT	WeaponForAlice.ForceEndFire	Defined|Simulated|Public
SCRIPT	WeaponForAlice.ForceWeaponSetHidden	Defined|Simulated|Public
SCRIPT	WeaponForAlice.GetWeaponLeveDateEffect	Defined|Simulated|Event|Public
SCRIPT	WeaponForAlice.GetWeaponLeveDateTrails	Defined|Simulated|Event|Public
SCRIPT	WeaponForAlice.GetWeaponLevel	Defined|Public
SCRIPT	WeaponForAlice.HandleFinishedFiring	Defined|Simulated|Public
SCRIPT	WeaponForAlice.IsWeaponFadeToHide	Defined|Simulated|Public
SCRIPT	WeaponForAlice.IsWeaponHidden	Defined|Simulated|Public
SCRIPT	WeaponForAlice.NotifyLockTargetAttackHappen	Defined|Simulated|Public
SCRIPT	WeaponForAlice.OnPauseGame	Defined|Public
SCRIPT	WeaponForAlice.PlayMeleeAttackEffectOnAttachedActor	Defined|Event|Public|HasDefaults
SCRIPT	WeaponForAlice.PlayShieldPhysicsMaterialEffect	Defined|Event|Public|HasDefaults
SCRIPT	WeaponForAlice.PostBeginPlay	Defined|Simulated|Public
SCRIPT	WeaponForAlice.PreSlideToTarget	Defined|Simulated|Public
SCRIPT	WeaponForAlice.ProcessInstantHit	Defined|Simulated|HasOptionalParms|Public|HasDefaults
SCRIPT	WeaponForAlice.SetDLCLevelData	Defined|Public
SCRIPT	WeaponForAlice.SetLoopingParticle	Defined|Public
SCRIPT	WeaponForAlice.SetPawnSlideToTargetParameters	Defined|Public
SCRIPT	WeaponForAlice.StartFire	Defined|Simulated|Public
SCRIPT	WeaponForAlice.StopParticleTrail	Defined|Simulated|Public
SCRIPT	WeaponForAlice.WeaponPuttingDown.WeaponIsDown	Defined|Simulated|Public
SCRIPT	WeaponForAlice.WeaponSetHidden	Defined|Simulated|HasOptionalParms|Public
SCRIPT	WeaponForAliceMelee.AliceWeaponMeleeFire.BeginFire	Defined|Simulated|Public
SCRIPT	WeaponForAliceMelee.AliceWeaponMeleeFire.BeginState	Defined|Simulated|Event|Public
SCRIPT	WeaponForAliceMelee.AliceWeaponMeleeFire.EndState	Defined|Simulated|Event|Public
SCRIPT	WeaponForAliceMelee.AliceWeaponMeleeFire.FirstMeleeAttackStarted	Defined|Simulated|Public
SCRIPT	WeaponForAliceMelee.AliceWeaponMeleeFire.IsFiring	Defined|Simulated|Event|Public
SCRIPT	WeaponForAliceMelee.AliceWeaponMeleeFire.ShouldSlideToTargetWhenFire	Defined|Simulated|Public|HasOutParms
SCRIPT	WeaponForAliceMelee.AliceWeaponMeleeFire.TryPutDown	Defined|Simulated|Public
SCRIPT	WeaponForAliceMelee.AllowSwitchOtherWeapon	Defined|Public
SCRIPT	WeaponForAliceMelee.CanPerformNextAction	Defined|Simulated|Public
SCRIPT	WeaponForAliceMelee.ChangeWeaponLevelData	Defined|Public
SCRIPT	WeaponForAliceMelee.CleanInfoWhenBreak	Defined|Simulated|Public
SCRIPT	WeaponForAliceMelee.ComboInputAcceptFinish	Defined|Simulated|Public
SCRIPT	WeaponForAliceMelee.ComboInputAcceptStart	Defined|Simulated|Public
SCRIPT	WeaponForAliceMelee.ForceEndFire	Defined|Simulated|Public
SCRIPT	WeaponForAliceMelee.IsFiring	Defined|Simulated|Event|Public
SCRIPT	WeaponForAliceMelee.IsMeleeWeaponInComboProcess	Defined|Simulated|Public
SCRIPT	WeaponForAliceMelee.MeleeAttackEnded	Defined|Simulated|HasOptionalParms|Public
SCRIPT	WeaponForAliceMelee.NotifyComboBlendingStart	Defined|Simulated|Public
SCRIPT	WeaponForAliceMelee.NotifyFireSpecialMoveFinished	Defined|Simulated|Public
SCRIPT	WeaponForAliceMelee.NotifyMeleeAttackTraceParticleChange	Defined|Simulated|Event|Public
SCRIPT	WeaponForAliceMelee.PreSlideToTarget	Defined|Simulated|Public
SCRIPT	WeaponForAliceMelee.PressFireButton	Defined|Simulated|Public
SCRIPT	WeaponForAliceMelee.ReSetAllFlag	Defined|Public
SCRIPT	WeaponForAliceMelee.ResetWeaponInput	Defined|Simulated|Public
SCRIPT	WeaponForAliceMelee.SetSpecialMoveParam	Defined|Public
SCRIPT	WeaponForAliceMelee.SetSwitchMoveParam	Defined|Public|HasDefaults
SCRIPT	WeaponForAliceMelee.StartFire	Defined|Simulated|Public
SCRIPT	WeaponForAliceMelee.UpdateMeleeComboInputState	Defined|Public
SCRIPT	WeaponForAliceMelee.WeaponEquipping.WeaponEquipped	Defined|Simulated|Public
SCRIPT	WeaponForAliceMelee.WeaponSetHidden	Defined|Simulated|HasOptionalParms|Public
SCRIPT	WeaponForAliceRange.AliceWeaponRangeFire.BeginState	Defined|Simulated|Event|Public
SCRIPT	WeaponForAliceRange.AliceWeaponRangeFire.ChargeCheckTimer	Defined|Simulated|Public
SCRIPT	WeaponForAliceRange.AliceWeaponRangeFire.CheckFireInteruptTimer	Defined|Simulated|Public
SCRIPT	WeaponForAliceRange.AliceWeaponRangeFire.EndState	Defined|Simulated|Event|Public
SCRIPT	WeaponForAliceRange.AliceWeaponRangeFire.FireAmmunition	Defined|Simulated|Public
SCRIPT	WeaponForAliceRange.AliceWeaponRangeFire.IsFiring	Defined|Simulated|Event|Public
SCRIPT	WeaponForAliceRange.AliceWeaponRangeFire.RefireCheckTimer	Defined|Simulated|Public
SCRIPT	WeaponForAliceRange.AliceWeaponRangeFire.SingleRechargeTimer	Defined|Simulated|Public
SCRIPT	WeaponForAliceRange.AliceWeaponRangeFire.TapCheckTimer	Defined|Simulated|Public
SCRIPT	WeaponForAliceRange.AliceWeaponRangeFire.TryPutDown	Defined|Simulated|Public
SCRIPT	WeaponForAliceRange.AttachOwnerData	Defined|Simulated|Public
SCRIPT	WeaponForAliceRange.CanPerformNextAction	Defined|Simulated|Public
SCRIPT	WeaponForAliceRange.ChangeWeaponLevelData	Defined|Public
SCRIPT	WeaponForAliceRange.ClearAllFireTimers	Defined|Simulated|Public
SCRIPT	WeaponForAliceRange.ClearOverHeatTimeOver	Defined|Public
SCRIPT	WeaponForAliceRange.ComboInputAcceptFinish	Defined|Simulated|Public
SCRIPT	WeaponForAliceRange.ComboInputAcceptStart	Defined|Simulated|Public
SCRIPT	WeaponForAliceRange.ConsumeAmmo	Defined|Public
SCRIPT	WeaponForAliceRange.EndCurrentSpecialMove	Defined|Simulated|HasOptionalParms|Public
SCRIPT	WeaponForAliceRange.ForceEndFire	Defined|Simulated|Public
SCRIPT	WeaponForAliceRange.GetMuzzleLoc	Defined|Simulated|Event|Public|HasDefaults
SCRIPT	WeaponForAliceRange.GetMuzzleSocketMesh	Defined|Simulated|Public
SCRIPT	WeaponForAliceRange.IsTargetingModeActive	Defined|Public
SCRIPT	WeaponForAliceRange.NotifyComboBlendingStart	Defined|Simulated|Public
SCRIPT	WeaponForAliceRange.NotifyFireSpecialMoveFinished	Defined|Simulated|Public
SCRIPT	WeaponForAliceRange.PlayChargeCompleteSpecialMove	Defined|Simulated|HasOptionalParms|Public
SCRIPT	WeaponForAliceRange.PlayChargedFiringSound	Defined|Simulated|Public
SCRIPT	WeaponForAliceRange.PlayChargeSpecialMove	Defined|Simulated|HasOptionalParms|Public
SCRIPT	WeaponForAliceRange.PlayDefaultRangeAttackSpecialMove	Defined|Simulated|Public
SCRIPT	WeaponForAliceRange.PlayFireSpecialMove	Defined|Simulated|HasOptionalParms|Public
SCRIPT	WeaponForAliceRange.PlayFiringSound	Defined|Simulated|Public
SCRIPT	WeaponForAliceRange.PostBeginPlay	Defined|Simulated|Public
SCRIPT	WeaponForAliceRange.PressFireButton	Defined|Simulated|Public
SCRIPT	WeaponForAliceRange.ProjectileFire	Defined|Simulated|Public
SCRIPT	WeaponForAliceRange.RangeFireBaseState.PressFireButton	Defined|Simulated|Public
SCRIPT	WeaponForAliceRange.RangeFireBaseState.ReleaseFireButton	Defined|Simulated|Public
SCRIPT	WeaponForAliceRange.ReleaseFireButton	Defined|Simulated|Public
SCRIPT	WeaponForAliceRange.ResetAliceWeapon	Defined|Public
SCRIPT	WeaponForAliceRange.ReSetAllFlag	Defined|Public
SCRIPT	WeaponForAliceRange.StartFire	Defined|Simulated|Public
SCRIPT	WeaponForAliceRange.StopAllParticlesAndSounds	Defined|Public
SCRIPT	WeaponForAliceRange.StopSounds	Defined|Public
SCRIPT	WeaponForAliceRange.Tick	Defined|Event|Public
SCRIPT	WeaponForAliceRange.TimeWeaponFiring	Defined|Simulated|Public
SCRIPT	WeaponForAliceRange.UpdateAmmo	Defined|Public
SCRIPT	WeaponForAliceRange.WeaponSetHidden	Defined|Simulated|HasOptionalParms|Public
SCRIPT	WeaponForNPC.Destroyed	Defined|Simulated|Event|Public
SCRIPT	WeaponForNPC.GetMuzzleLoc	Defined|Simulated|Event|Public|HasDefaults
SCRIPT	WeaponForNPC.NofityNPCRangeFireLauch	Defined|Simulated|Public
SCRIPT	WeaponForNPC.NPCWeaponMeleeFire.IsFiring	Defined|Simulated|Event|Public
SCRIPT	WeaponForNPC.NPCWeaponRangeFire.BeginState	Defined|Simulated|Event|Public
SCRIPT	WeaponForNPC.NPCWeaponRangeFire.EndState	Defined|Simulated|Event|Public
SCRIPT	WeaponForNPC.NPCWeaponRangeFire.IsFiring	Defined|Simulated|Event|Public
SCRIPT	WeaponForNPC.NPCWeaponRangeFire.ProcessInstantHit	Defined|Simulated|HasOptionalParms|Public
SCRIPT	WeaponForNPC.PlayShieldPhysicsMaterialEffect	Defined|Event|Public|HasDefaults
SCRIPT	WeaponForNPC.ProjectileFire	Defined|Simulated|Public
SCRIPT	WeaponForNPC.WeaponEquipping.BeginState	Defined|Simulated|Event|Public
SCRIPT	WeaponForNPC.WeaponPuttingDown.BeginState	Defined|Simulated|Event|Public
SCRIPT	WeaponForNPC.WeaponPuttingDown.EndState	Defined|Simulated|Event|Public
SCRIPT	WebApplication.CleanupApp	Defined|Public
SCRIPT	WebApplication.PreQuery	Defined|Public
SCRIPT	WebConnection.Accepted	Defined|Event|Public
SCRIPT	WebConnection.CheckRawBytes	Defined|Public
SCRIPT	WebConnection.Cleanup	Defined|Public
SCRIPT	WebConnection.Closed	Defined|Event|Public
SCRIPT	WebConnection.CreateResponseObject	Defined|Public
SCRIPT	WebConnection.EndOfHeaders	Defined|Public
SCRIPT	WebConnection.IsHanging	Final|Defined|Public
SCRIPT	WebConnection.ProcessGet	Defined|Public
SCRIPT	WebConnection.ProcessHead	Defined|Public
SCRIPT	WebConnection.ProcessPost	Defined|Public
SCRIPT	WebConnection.ReceivedLine	Defined|Public
SCRIPT	WebConnection.ReceivedText	Defined|Event|Public
SCRIPT	WebConnection.Timer	Defined|Event|Public
SCRIPT	WebRequest.DecodeFormData	Defined|Public
SCRIPT	WebRequest.GetHexDigit	Defined|Public
SCRIPT	WebRequest.ProcessHeaderString	Defined|Public
SCRIPT	WebResponse.AddHeader	Defined|HasOptionalParms|Public
SCRIPT	WebResponse.FailAuthentication	Defined|Public
SCRIPT	WebResponse.HTTPError	Defined|HasOptionalParms|Public
SCRIPT	WebResponse.HTTPHeader	Defined|Public
SCRIPT	WebResponse.HTTPResponse	Defined|Public
SCRIPT	WebResponse.Redirect	Defined|Public
SCRIPT	WebResponse.SendBinary	Defined|Event|Public
SCRIPT	WebResponse.SendCachedFile	Defined|HasOptionalParms|Public
SCRIPT	WebResponse.SendHeaders	Defined|Public
SCRIPT	WebResponse.SendStandardHeaders	Defined|HasOptionalParms|Public
SCRIPT	WebResponse.SendText	Defined|Event|HasOptionalParms|Public
SCRIPT	WebResponse.SentResponse	Defined|Public
SCRIPT	WebResponse.SentText	Defined|Public
SCRIPT	WebServer.Destroyed	Defined|Event|Public
SCRIPT	WebServer.GainedChild	Defined|Event|Public
SCRIPT	WebServer.GetApplication	Defined|Public|HasOutParms
SCRIPT	WebServer.LostChild	Defined|Event|Public
SCRIPT	WebServer.PostBeginPlay	Defined|Public|HasDefaults
SCRIPT	WindVolume.ApplyWind	Defined|Public
SCRIPT	WorldInfo.GetGameClass	Defined|Simulated|Public
SCRIPT	WorldInfo.LogPhysMatInfo	Defined|Public
SCRIPT	WorldInfo.PostBeginPlay	Defined|Simulated|Public
SCRIPT	WorldInfo.PreBeginPlay	Defined|Simulated|Public
SCRIPT	WorldInfo.ReplicatedEvent	Defined|Simulated|Event|Public
SCRIPT	WorldInfo.Reset	Defined|Public
SCRIPT	WorldInfo.ServerTravel	Defined|Simulated|Event|HasOptionalParms|Public
SCRIPT	WorldInfo.ThisIsNeverExecuted	Defined|Public
SCRIPT	XPPickup.PostBeginPlay	Defined|Simulated|Event|Public
SCRIPT	XPPickup.Tick	Defined|Event|Public
STUB	Actor.AnimTreeUpdated	Simulated|Event|Public
STUB	Actor.Attach	Event|Public
STUB	Actor.BaseChange	Event|Public
STUB	Actor.BecomeViewTarget	Event|Public
STUB	Actor.BeginAnimControl	Event|Public
STUB	Actor.Bump	Event|Public
STUB	Actor.CheckForErrors	Public
STUB	Actor.CollisionChanged	Event|Public
STUB	Actor.ConstraintBrokenNotify	Simulated|Event|Public
STUB	Actor.CreateForceField	Event|Public
STUB	Actor.Destroyed	Event|Public
STUB	Actor.Detach	Event|Public
STUB	Actor.EncroachedBy	Event|Public
STUB	Actor.EncroachingOn	Event|Public
STUB	Actor.EndViewTarget	Event|Public
STUB	Actor.Falling	Event|Public
STUB	Actor.FinishAnimControl	Event|Public
STUB	Actor.GainedChild	Event|Public
STUB	Actor.GetActorFaceFXAsset	Event|Public
STUB	Actor.HealDamage	Event|Public
STUB	Actor.InterpolationChanged	Simulated|Event|Public
STUB	Actor.InterpolationFinished	Simulated|Event|Public
STUB	Actor.InterpolationStarted	Simulated|Event|Public
STUB	Actor.KilledBy	Public
STUB	Actor.Landed	Event|Public
STUB	Actor.LostChild	Event|Public
STUB	Actor.MatchStarting	Public
STUB	Actor.ModifyHearSoundComponent	Simulated|Event|Public
STUB	Actor.NotifyLocalPlayerTeamReceived	Simulated|Public
STUB	Actor.NotifySkelControlBeyondLimit	Simulated|Event|Public
STUB	Actor.OnAnimEnd	Event|Public
STUB	Actor.OnAnimPlay	Event|Public
STUB	Actor.OnRanOver	Event|Public
STUB	Actor.OnRigidBodySpringOverextension	Simulated|Event|Public
STUB	Actor.OnSleepRBPhysics	Event|Public
STUB	Actor.OnWakeRBPhysics	Event|Public
STUB	Actor.OverRotated	Simulated|Event|Public|HasOutParms
STUB	Actor.PawnBaseDied	Public
STUB	Actor.PhysicsVolumeChange	Event|Public
STUB	Actor.PickedUpBy	Public
STUB	Actor.PlayActorFaceFXAnim	Event|Public
STUB	Actor.PlayParticleEffect	Event|Public
STUB	Actor.PlayTeleportEffect	Public
STUB	Actor.PostBeginPlay	Event|Public
STUB	Actor.PostDemoRewind	Simulated|Event|Public
STUB	Actor.PostInitAnimTree	Event|Public
STUB	Actor.PostRenderFor	Simulated|Event|Public
STUB	Actor.PostTeleport	Public
STUB	Actor.PostTouch	Event|Public
STUB	Actor.PreTeleport	Public
STUB	Actor.RanInto	Event|Public
STUB	Actor.ReceivedNewEvent	Simulated|Event|Public
STUB	Actor.ReplicatedDataBinding	Simulated|Event|Public
STUB	Actor.ReplicatedEvent	Simulated|Event|Public
STUB	Actor.ReplicationEnded	Simulated|Event|Public
STUB	Actor.Reset	Event|Public
STUB	Actor.RigidBodyCollision	Event|Public|HasOutParms
STUB	Actor.RootMotionExtracted	Simulated|Event|Public|HasOutParms
STUB	Actor.RootMotionModeChanged	Simulated|Event|Public
STUB	Actor.SetAnimPosition	Event|Public
STUB	Actor.SetDamageEffect	Simulated|Public
STUB	Actor.SetMorphWeight	Event|Public
STUB	Actor.SetSkelControlScale	Event|Public
STUB	Actor.SpawnedByKismet	Event|Public
STUB	Actor.SpecialHandling	Event|Public
STUB	Actor.StopActorFaceFXAnim	Event|Public
STUB	Actor.Tick	Event|Public
STUB	Actor.Timer	Event|Public
STUB	Actor.TornOff	Event|Public
STUB	Actor.Touch	Event|Public
STUB	Actor.TrailsNotify	Event|Public
STUB	Actor.TrailsNotifyEnd	Event|Public
STUB	Actor.TrailsNotifyTick	Event|Public
STUB	Actor.UnTouch	Event|Public
STUB	ActorFactory.PostCreateActor	Simulated|Event|Public
STUB	AIController.NotifyWeaponFinishedFiring	Public
STUB	AIController.NotifyWeaponFired	Public
STUB	AIController.ShouldRefire	Public
STUB	AimSwitchActorBase.Activate.EndState	Event|Public
STUB	AimSwitchActorBase.PlayDamageAnim	Final|Simulated|Public
STUB	AimSwitchActorBase.PlaySlotAnim	Final|Simulated|HasOptionalParms|Public
STUB	AimSwitchActorBase.PreBeginPlay	Simulated|Event|Public
STUB	AimSwitchActorBase.TriggerDamage	Event|Public
STUB	AliceBoostVolume.UnTouch	Event|Public
STUB	AliceCheckpoint.PreLoadCheckpoint	Event|Public
STUB	AliceCheckpoint.PreSaveCheckpoint	Event|Public
STUB	AliceChessPiece.CancelDizzy	Event|Public
STUB	AliceChessTrap.OnAnimEnd	Event|Public
STUB	AliceCycleFloatManager.UpdateFloatDownSpeed	Public
STUB	AliceDroppedItemPickup.BotDesireability	Public
STUB	AliceDroppedItemPickup.DroppedFrom	Public
STUB	AliceDroppedItemPickup.SetPickupMesh	Simulated|Event|Public
STUB	AliceExplosionLight.OnLightFinished	Public|Delegate
STUB	AliceGameEngine.ExecDifficulty	Event|Public
STUB	AliceGameEngine.ExecGamepadType	Event|Public
STUB	AliceGameEngine.ExecLowestDifficulty	Event|Public
STUB	AliceGameInfo.PostApplyPersistentData	Event|Public
STUB	AliceGameInfo.PreSavePersistentData	Event|Public
STUB	AliceGameKynapsePawn.Dying.BreathTimer	Public
STUB	AliceGameKynapsePawn.Dying.Bump	Public
STUB	AliceGameKynapsePawn.Dying.Falling	Public
STUB	AliceGameKynapsePawn.Dying.FellOutOfWorld	Public
STUB	AliceGameKynapsePawn.Dying.HeadVolumeChange	Public
STUB	AliceGameKynapsePawn.Dying.HitWall	Public
STUB	AliceGameKynapsePawn.Dying.PhysicsVolumeChange	Public
STUB	AliceGameKynapsePawn.Dying.Timer	Event|Public
STUB	AliceGameKynapsePawn.HackPawnMarkDeathType	Public
STUB	AliceGameKynapsePawn.ModifyDiedByWeapon	Public
STUB	AliceGameKynapsePawn.SphinxNotifyDestory	Event|Public
STUB	AliceGameNPCAttachedActor.Damage.EndState	Event|Public
STUB	AliceGameNPCAttachedActor.Dying.EndState	Event|Public
STUB	AliceGameNPCAttachedActor.IdleState.EndState	Event|Public
STUB	AliceGamePawn.DoDamageEffects	Public
STUB	AliceGamePawn.DoHitShieldReaction	Event|Public
STUB	AliceGamePawn.DoSTTMiddleDuration	Public
STUB	AliceGamePawn.FindoutCollisionHeightWhenClimbing	Public
STUB	AliceGamePawn.KismetFinished	Simulated|Event|Public
STUB	AliceGamePawn.KismetStarted	Simulated|Event|Public
STUB	AliceGamePawn.OnInInvincibleTime	Public
STUB	AliceGamePawn.PostWeaponListInit	Simulated|Public
STUB	AliceGamePawn.Swimming	Event|Public
STUB	AliceGameProjectile.PlayLineCheckShieldExplosionEffect	HasOptionalParms|Public|HasOutParms
STUB	AliceGameProjectile.PlayShieldExplosionEffect	HasOptionalParms|Public
STUB	AliceGameProjectile.TriggerRadiusDamageCameraShake	Simulated|Event|Public
STUB	AliceGameProjectile.TriggerRadiusDamageLight	Simulated|Event|Public
STUB	AliceGameSkeletalMeshActorMAT.OnPlayFaceFXAnim	Simulated|Public
STUB	AliceGameSkeletalMeshActorMAT.PlaySpeechGesture	Simulated|Exec|Event|Public
STUB	AliceGameSkeletalMeshActorMAT.StopActorFaceFXAnim	Simulated|Event|Public
STUB	AliceGameWeapon.AttachOwnerData	Simulated|Public
STUB	AliceGameWeapon.NotifyMeleeAttackTraceParticleChange	Simulated|Event|Public
STUB	AliceGameWeapon.PlayArmAnimation	Simulated|HasOptionalParms|Public
STUB	AliceGameWeapon.PreResetProjectileInitPara	Event|Public
STUB	AliceGameWeapon.ScriptSetProjectileInitPara	Public
STUB	AliceGameWeaponBase.PlayMeleeAttackEffectOnAttachedActor	Event|Public
STUB	AliceGameWeaponBase.PlayShieldPhysicsMaterialEffect	Event|Public
STUB	AliceGameWeaponBase.TriggerRadiusDamageLight	Simulated|Event|Public
STUB	AliceGFXMovie.showUpgradeHealth	Public
STUB	AliceGib.DoCustomGibEffects	Simulated|Public
STUB	AliceGib.SetGibStaticMesh	Simulated|Public
STUB	AliceHobbyHorseGhost.MyOnParticleSystemFinished	Simulated|Public
STUB	AlicePawn.DeliverDataWhenSwitched	Event|Public
STUB	AlicePawn.ModifyCameraPostProcessSettings_AfterSuper	Event|Public|HasOutParms
STUB	AlicePawn.PostWeaponListInit	Simulated|Public
STUB	AlicePawn.SetLockOnCameraParameters	Public
STUB	AlicePawn.StopUpdateSpecialComponents	Event|Public
STUB	AlicePawn.TakeFallingDamage	Public
STUB	AlicePersistentDataManager.PostApplyPersistentData	Public
STUB	AlicePlayer_MovementStateBase.Braking.BeginState	Event|Public
STUB	AlicePlayer_MovementStateBase.Braking.EndState	Event|Public
STUB	AlicePlayer_MovementStateBase.Idle.BeginState	Event|Public
STUB	AlicePlayer_MovementStateBase.Idle.EndState	Event|Public
STUB	AlicePlayer_MovementStateBase.Rotating.BeginState	Event|Public
STUB	AlicePlayer_MovementStateBase.Rotating.EndState	Event|Public
STUB	AlicePlayer_MovementStateBase.Running.BeginState	Event|Public
STUB	AlicePlayer_MovementStateBase.Running.EndState	Event|Public
STUB	AlicePlayer_MovementStateBase.Sprint.BeginState	Event|Public
STUB	AlicePlayer_MovementStateBase.Sprint.EndState	Event|Public
STUB	AlicePlayer_MovementStateBase.Starting.BeginState	Event|Public
STUB	AlicePlayer_MovementStateBase.Starting.EndState	Event|Public
STUB	AlicePlayer_MovementStateBase.Update	Event|Public
STUB	AlicePlayer_MovementStateBase.Walking.BeginState	Event|Public
STUB	AlicePlayer_MovementStateBase.Walking.EndState	Event|Public
STUB	AlicePlayerController.AddSkirtFloatingEffect	Public
STUB	AlicePlayerController.AttachedByNPCs.ChangeCameraMode	Exec|Public
STUB	AlicePlayerController.AttachedByNPCs.EyeStaffFirePress	Exec|Public
STUB	AlicePlayerController.AttachedByNPCs.EyeStaffFireRelease	Exec|Public
STUB	AlicePlayerController.AttachedByNPCs.HobbyHorseFirePress	Exec|Public
STUB	AlicePlayerController.AttachedByNPCs.HobbyHorseFireRelease	Exec|Public
STUB	AlicePlayerController.AttachedByNPCs.TeapotCannonFirePress	Exec|Public
STUB	AlicePlayerController.AttachedByNPCs.TeapotCannonFireRelease	Exec|Public
STUB	AlicePlayerController.AttachedByNPCs.VorpalBladeFirePress	Exec|Public
STUB	AlicePlayerController.AttachedByNPCs.VorpalBladeFireRelease	Exec|Public
STUB	AlicePlayerController.CloneButtonReleased	Exec|Public
STUB	AlicePlayerController.Dead.ChangeShrinkingMode	Exec|Public
STUB	AlicePlayerController.Dead.EyeStaffFireRelease	Exec|Public
STUB	AlicePlayerController.Dead.HobbyHorseFireRelease	Exec|Public
STUB	AlicePlayerController.Dead.StartFire	Exec|HasOptionalParms|Public
STUB	AlicePlayerController.Dead.Use	Exec|Public
STUB	AlicePlayerController.Dead.VorpalBladeFireRelease	Exec|Public
STUB	AlicePlayerController.exitInteractState	Public
STUB	AlicePlayerController.ForceEndStateInCinematic	Public
STUB	AlicePlayerController.Frozen.ChangeCameraMode	Exec|Public
STUB	AlicePlayerController.Frozen.EyeStaffFirePress	Exec|Public
STUB	AlicePlayerController.Frozen.EyeStaffFireRelease	Exec|Public
STUB	AlicePlayerController.Frozen.HobbyHorseFirePress	Exec|Public
STUB	AlicePlayerController.Frozen.HobbyHorseFireRelease	Exec|Public
STUB	AlicePlayerController.Frozen.TeapotCannonFirePress	Exec|Public
STUB	AlicePlayerController.Frozen.TeapotCannonFireRelease	Exec|Public
STUB	AlicePlayerController.Frozen.VorpalBladeFirePress	Exec|Public
STUB	AlicePlayerController.Frozen.VorpalBladeFireRelease	Exec|Public
STUB	AlicePlayerController.GetMemoriesList	Public
STUB	AlicePlayerController.Grabbed.ChangeCameraMode	Exec|Public
STUB	AlicePlayerController.Grabbed.ChangeShrinkingMode	Exec|Public
STUB	AlicePlayerController.Grabbed.EyeStaffFirePress	Exec|Public
STUB	AlicePlayerController.Grabbed.EyeStaffFireRelease	Exec|Public
STUB	AlicePlayerController.Grabbed.HobbyHorseFirePress	Exec|Public
STUB	AlicePlayerController.Grabbed.HobbyHorseFireRelease	Exec|Public
STUB	AlicePlayerController.Grabbed.TeapotCannonFirePress	Exec|Public
STUB	AlicePlayerController.Grabbed.TeapotCannonFireRelease	Exec|Public
STUB	AlicePlayerController.Grabbed.VorpalBladeFirePress	Exec|Public
STUB	AlicePlayerController.Grabbed.VorpalBladeFireRelease	Exec|Public
STUB	AlicePlayerController.interactInLondonX	Exec|Public
STUB	AlicePlayerController.MoveBlockPieceA	Exec|Public
STUB	AlicePlayerController.MoveBlockPieceB	Exec|Public
STUB	AlicePlayerController.PlayCameraAnim	HasOptionalParms|Public
STUB	AlicePlayerController.PlayerClimbing.ChangeCameraMode	Exec|Public
STUB	AlicePlayerController.PlayerClimbing.ChangeShrinkingMode	Exec|Public
STUB	AlicePlayerController.PlayerClimbing.MeleeFire	Public
STUB	AlicePlayerController.PlayerClimbing.StartFire	Exec|HasOptionalParms|Public
STUB	AlicePlayerController.PlayerSlide.ChangeCameraMode	Exec|Public
STUB	AlicePlayerController.PlayerSlide.ChangeShrinkingMode	Exec|Public
STUB	AlicePlayerController.PlayerSlide.MeleeFire	Public
STUB	AlicePlayerController.PlayerSlide.StartFire	Exec|HasOptionalParms|Public
STUB	AlicePlayerController.PlayerSwimming.ChangeCameraMode	Exec|Public
STUB	AlicePlayerController.PlayerSwimming.ChangeShrinkingMode	Exec|Public
STUB	AlicePlayerController.PlayerSwimming.MeleeFire	Public
STUB	AlicePlayerController.PlayerSwimming.NextWeapon	Exec|Public
STUB	AlicePlayerController.PlayerSwimming.PrevWeapon	Exec|Public
STUB	AlicePlayerController.PlayerSwimming.StartFire	Exec|HasOptionalParms|Public
STUB	AlicePlayerController.PlayerWalking.TiggerSprint	Exec|Public
STUB	AlicePlayerController.SpecialMoveStarted	Public
STUB	AlicePlayerController.StopShowPath	Public
STUB	AlicePlayerController.TriggerBlock	Exec|Public
STUB	AlicePlayerController.updateFacingTargetRot	Public
STUB	AlicePlayerController.UpdateLockonDeltaRot	Event|Public
STUB	AlicePlayerController.UpdatePawnStance	Public
STUB	AlicePlayerController.ViewAsset	Exec|HasOptionalParms|Public
STUB	AlicePlayerInput.PreProcessInput	Public
STUB	AliceSonarActor.BeginSonar	Public
STUB	AliceSonarActor.StopSonar	Public
STUB	AliceSonarActor.UpdateSonar	Public
STUB	AliceSonarManager.checkLeftActors	Public
STUB	AliceSonarManager.TriggerTurnOffEffect	Public
STUB	AliceSonarManager.TriggerTurnOnEffect	Public
STUB	AliceSpecialMove.PreSpecialMove	Public
STUB	AliceSpecialMove.RootMotionExtracted	Public|HasOutParms
STUB	AliceSpecialMove.RootMotionModeChanged	Public
STUB	AliceSpecialMove.Tick	Public
STUB	AliceSpeechManager.BeginDialogueTracking	Public
STUB	AliceSpeechManager.EndDialogueTracking	Public
STUB	AliceStuckManager.nonStuckNotify	Public
STUB	AliceVentActor.Update	Public
STUB	AliceVopalBladeGhost.MyOnParticleSystemFinished	Simulated|Public
STUB	AliceWeaponPickupFactory.NotifyLocalPlayerDead	Simulated|Public
STUB	AliceWeaponPickupFactory.ShowActive	Simulated|Public
STUB	AnimNode.OnBecomeRelevant	Event|Public
STUB	AnimNode.OnCeaseRelevant	Event|Public
STUB	AnimNode.OnInit	Event|Public
STUB	AnimNotify_Scripted.EditorNotify	Event|Public
STUB	AnimNotify_Scripted.Notify	Event|Public
STUB	ASM_WeaponCMABase.Inner_StartPlayComboAnimation	Simulated|Public
STUB	AudioComponent.OnAudioFinished	Public|Delegate
STUB	AudioComponent.OnQueueSubtitles	Public|Delegate
STUB	BigSecretPickup.saveToPersistentData	Public
STUB	Camera.InSightCheck	Event|Public
STUB	CameraModifier.Init	Public
STUB	CameraModifier.ProcessViewRotation	Simulated|Public|HasOutParms
STUB	CheatManager.AllAmmo	Exec|Public
STUB	CheatManager.AllWeapons	Exec|Public
STUB	CheatManager.DebugAI	Exec|HasOptionalParms|Public
STUB	CheatManager.EndPath	Exec|Public
STUB	CheatManager.InitCheatManager	Public
STUB	CheckPointManager.RegisterWhenApplyRecordCallFromBase	Public
STUB	CheckPointManager.RegisterWhenPostBeginPlayCallFromBase	Public
STUB	CheckPointManager.UnRegisterWhenApplyRecordCallFromBase	Public
STUB	CheckPointManager.UpdateRegisterWhenChangeCallFromBase	Public
STUB	Console.PostRender_Console	Public
STUB	Controller.ActiveAIEventTrigger	Simulated|Event|HasOptionalParms|Public
STUB	Controller.AddSonarDetectedActor	Public
STUB	Controller.BreakByAI	Simulated|Event|Public
STUB	Controller.CurrentLevelUnloaded	Event|Public
STUB	Controller.Dead.HearNoise	HasOptionalParms|Public
STUB	Controller.Dead.KilledBy	Public
STUB	Controller.Dead.SeePlayer	Public
STUB	Controller.EnemyNotVisible	Event|Public
STUB	Controller.FireWeaponAt	Public
STUB	Controller.GetDestinationOffset	Public
STUB	Controller.HandlePathObstruction	Event|Public
STUB	Controller.HandlePickup	Public
STUB	Controller.HearNoise	Event|HasOptionalParms|Public
STUB	Controller.IsDead	Public
STUB	Controller.IsInCombat	Event|HasOptionalParms|Public
STUB	Controller.LongFall	Event|Public
STUB	Controller.MayFall	Event|Public
STUB	Controller.MoveUnreachable	Event|Public
STUB	Controller.NotifyAddInventory	Public
STUB	Controller.NotifyBeginDying	Public
STUB	Controller.NotifyBump	Event|Public
STUB	Controller.NotifyChangedWeapon	Public
STUB	Controller.NotifyCoverAdjusted	Simulated|Event|Public
STUB	Controller.NotifyCoverClaimViolation	Simulated|Public
STUB	Controller.NotifyCoverDisabled	Simulated|HasOptionalParms|Public
STUB	Controller.NotifyFallingHitWall	Event|Public
STUB	Controller.NotifyHeadVolumeChange	Event|Public
STUB	Controller.NotifyHitWall	Event|Public
STUB	Controller.NotifyJumpApex	Event|Public
STUB	Controller.NotifyLanded	Event|Public
STUB	Controller.NotifyMissedJump	Event|Public
STUB	Controller.NotifyPathChanged	Event|Public
STUB	Controller.NotifyPhysicsVolumeChange	Event|Public
STUB	Controller.NotifyPostLanded	Event|Public
STUB	Controller.NotifyTakeHit	Public
STUB	Controller.RatePickup	Event|Public
STUB	Controller.ReachedPreciseDestination	Event|Public
STUB	Controller.ReadyForLift	Public
STUB	Controller.ReceiveProjectileWarning	Public
STUB	Controller.ReceiveWarning	Public
STUB	Controller.RemoveSonarDetectedActor	Public
STUB	Controller.RoundEnded.Falling	Public
STUB	Controller.RoundEnded.HearNoise	HasOptionalParms|Public
STUB	Controller.RoundEnded.HitWall	Public
STUB	Controller.RoundEnded.KilledBy	Public
STUB	Controller.RoundEnded.NotifyBump	Public
STUB	Controller.RoundEnded.NotifyHeadVolumeChange	Public
STUB	Controller.RoundEnded.NotifyPhysicsVolumeChange	Public
STUB	Controller.RoundEnded.ReceiveWarning	Public
STUB	Controller.RoundEnded.SeePlayer	Public
STUB	Controller.RoundEnded.TakeDamage	HasOptionalParms|Public
STUB	Controller.SeeMonster	Event|Public
STUB	Controller.SeePlayer	Event|Public
STUB	Controller.SendMessage	HasOptionalParms|Public
STUB	Controller.ServerGivePawn	Public
STUB	Controller.SetCharacter	Public
STUB	Controller.SetupSpecialPathAbilities	Event|Public
STUB	Controller.UnderLift	Public
STUB	Controller.WarnProjExplode	Public
STUB	CrowdAgentBase.NotifyPathChanged	Event|Public
STUB	CurrentGameDataStore.OnAddTeamProvider	Public|Delegate
STUB	DecalActor.updateSonarMat	Public
STUB	DroppedPickup.RecheckValidTouch	Public
STUB	Emitter.HideSelf	Simulated|Public
STUB	Emitter.OnParticleEventGenerator	Public
STUB	EmitterCameraLensEffectBase.NotifyRetriggered	Public
STUB	FishNodeActor.OffIdleState.EndState	Event|Public
STUB	FishNodeActor.OffIdleState.Tick	Event|Public
STUB	FishNodeActor.OnIdleState.EndState	Event|Public
STUB	ForceFieldShape.FillByBox	Event|Public
STUB	ForceFieldShape.FillByCapsule	Event|Public
STUB	ForceFieldShape.FillByCylinder	Event|Public
STUB	ForceFieldShape.FillBySphere	Event|Public
STUB	ForceFieldShape.GetDrawComponent	Event|Public
STUB	GameAICommand.DrawDebug	Event|Public
STUB	GameAICommand.GetDebugOverheadText	Public|HasOutParms
STUB	GameAICommand.PostPopped	Public
STUB	GameAICommand.PrePushed	Public
STUB	GameAICommand.Tick	Public
STUB	GameAIController.GeneratePathToActor	Event|HasOptionalParms|Public
STUB	GameAIController.GeneratePathToLocation	Event|HasOptionalParms|Public
STUB	GameAIController.RecordDemoAILog	Protected
STUB	GameBreakableActor.TriggerStepDestroyedEvent	Simulated|Event|Protected
STUB	GameCameraBase.Init	Public
STUB	GameCameraBase.ModifyPostProcessSettings	Event|Public|HasOutParms
STUB	GameCameraBase.OnBecomeActive	Public
STUB	GameCameraBase.OnBecomeInActive	Public
STUB	GameCameraBase.ProcessViewRotation	Public|HasOutParms
STUB	GameCameraBase.UpdateCamera	Public|HasOutParms
STUB	GameCrowdAgent.OverlappedActorEvent	Event|Public
STUB	GameCrowdAgent.PlayIdleAnimation	Simulated|Event|Public
STUB	GameCrowdAgent.StopIdleAnimation	Simulated|Event|Public
STUB	GameCrowdAgentBehavior.ChangingDestination	Public
STUB	GameCrowdAgentBehavior.FinishedTargetRotation	Event|Public
STUB	GameCrowdAgentBehavior.OnAnimEnd	Event|Public
STUB	GameCrowdAgentBehavior.PropagateViralBehaviorTo	Event|Public
STUB	GameCrowdAgentBehavior.StopBehavior	Public
STUB	GameCrowdForcePoint.AppliedForce	Event|Public
STUB	GameCrowdPopulationManager.NotifyPathChanged	Event|Public
STUB	GameCrowdSpawnerInterface.AddToAgentPool	Public
STUB	GameCrowdSpawnerInterface.AgentDestroyed	Public
STUB	GameCrowdSpawnerInterface.GetMaxSpawnDist	Public
STUB	GameCrowdSpawnInterface.GetSpawnPosition	Public|HasOutParms
STUB	GameDamageType.HandleDamagedPawn	Static|Public
STUB	GameDamageType.HandleDamageFX	Static|Public|HasOutParms
STUB	GameDamageType.HandleDeadPlayer	Static|Public
STUB	GameDamageType.HandleKilledPawn	Static|Public
STUB	GameDamageType.ModifyDamage	Static|Public|HasOutParms
STUB	GameExplosionActor.SpawnExplosionDecal	Simulated|Public
STUB	GameExplosionActor.SpawnExplosionFogVolume	Simulated|Public
STUB	GameExplosionActor.SpawnExplosionParticleSystem	Simulated|Public
STUB	GameExplosionActor.UpdateExplosionTemplateWithPerMaterialFX	Simulated|Protected
STUB	GameFreeCamera.ProcessViewRotation	Public|HasOutParms
STUB	GameInfo.AcceptInventory	Event|Public
STUB	GameInfo.ArbitrationRegistrationComplete	Public
STUB	GameInfo.ChangeDressCompleted	Event|Public
STUB	GameInfo.EndLogging	Public
STUB	GameInfo.GetNextMap	Public
STUB	GameInfo.KillBots	Exec|Public
STUB	GameInfo.MatineeCancelled	Event|Public
STUB	GameInfo.NotifyDialogueFinish	Event|Public
STUB	GameInfo.NotifyDialogueStart	Event|Public
STUB	GameInfo.NotifyNavigationChanged	Public
STUB	GameInfo.NotifyPendingConnectionLost	Event|Public
STUB	GameInfo.PostCommitMapChange	Event|Public
STUB	GameInfo.PreCommitMapChange	Event|Public
STUB	GameInfo.PreExit	Event|Public
STUB	GameInfo.ProcessClientRegistrationCompletion	Public
STUB	GameInfo.RegisterServerForArbitration	Public
STUB	GameInfo.StandbyCheatDetected	Event|Public
STUB	GameInfo.StartArbitratedMatch	Public
STUB	GameInfo.StartArbitrationRegistration	Public
STUB	GameInfo.ToggleCritical	Event|Public
STUB	GameInfo.UpdateGameSettings	Public
STUB	GameKActorSpawnableEffect.PostBeginPlay	Simulated|Event|Public
STUB	GamePawn.Cringe	Event|HasOptionalParms|Public
STUB	GamePawn.ServerKnockdown	Net|NetReliable|HasOptionalParms|Public|NetServer
STUB	GamePawn.SphinxNotifyDestory	Event|Public
STUB	GamePlayerCamera.ClearFocusActor	Public
STUB	GamePlayerCamera.GetActualLookatLocation	Public|HasOutParms
STUB	GamePlayerController.ClientColorFade	Net|NetReliable|Simulated|Public|NetClient
STUB	GamePlayerController.NotifyCrowdAgentInRadius	Event|Public
STUB	GamePlayerController.NotifyCrowdAgentRefresh	Event|Public
STUB	GameplayEvents.CloseStatsFile	Public
STUB	GameplayEvents.OpenStatsFile	Public
STUB	GameReplicationInfo.ReceivedGameClass	Simulated|Public
STUB	GameSpecialMove.ExtractSpecialMoveFlags	Public
STUB	GameSpecialMove.InitSpecialMoveFlags	Public|HasOutParms
STUB	GameSpecialMove.ReachedPrecisePosition	Event|Public
STUB	GameSpecialMove.SpecialMoveEnded	Public
STUB	GameSpecialMove.SpecialMoveFlagsUpdated	Public
STUB	GameSpecialMove.SpecialMoveStarted	Public
STUB	GameSpecialMove.Tick	Public
STUB	GameThirdPersonCameraMode.Init	Public
STUB	GameThirdPersonCameraMode.OnBecomeInActive	Public
STUB	GameThirdPersonCameraMode.ProcessViewRotation	Simulated|Public|HasOutParms
STUB	GameViewportClient.HandleInputAxis	Public|Delegate
STUB	GameViewportClient.HandleInputChar	Public|Delegate
STUB	GameViewportClient.HandleInputKey	HasOptionalParms|Public|Delegate
STUB	GameViewportClient.Tick	Event|Public
STUB	GFxFSCmdHandler.FSCommand	Event|Public
STUB	GFxMovie.HandleInputKey	HasOptionalParms|Public|Delegate
STUB	GFxMovie.OnClose	Event|Public
STUB	GFxMovie.UserTick	Event|Public
STUB	GiantAliceWeapon.FadeOutWeapon	Public
STUB	HealthUpgradePickup.PickedState.Touch	Public
STUB	HobbyHorse.AliceWeaponMeleeFire.PostSlideToTarget	Simulated|Public
STUB	HUD.DisplayBadConnectionAlert	Public
STUB	HUD.PlayerOwnerDied	Public
STUB	IniLocPatcher.OnReadTitleFileComplete	Public|Delegate
STUB	Interaction.Initialized	Public
STUB	Interaction.NotifyGameSessionEnded	Public
STUB	Interaction.NotifyPlayerAdded	Public
STUB	Interaction.NotifyPlayerRemoved	Public
STUB	Interaction.OnInitialize	Public|Delegate
STUB	Interaction.OnReceivedNativeInputAxis	HasOptionalParms|Public|Delegate
STUB	Interaction.OnReceivedNativeInputChar	Public|Delegate
STUB	Interaction.OnReceivedNativeInputKey	HasOptionalParms|Public|Delegate
STUB	Interaction.PostRender	Event|Public
STUB	Interaction.Tick	Event|Public
STUB	Interface_NavigationHandle.NotifyPathChanged	Event|Public
STUB	Interface_NavMeshPathSwitch.AIActivateSwitch	Event|Public
STUB	InternetLink.Resolved	Event|Public
STUB	InternetLink.ResolveFailed	Event|Public
STUB	InterpActor.updateSonarMat	Public
STUB	Inventory.ActiveRenderOverlays	Simulated|Public
STUB	Inventory.ItemRemovedFromInvManager	Public
STUB	Inventory.OwnerEvent	Public
STUB	Inventory.RenderOverlays	Simulated|Public
STUB	InventoryManager.PassingComboInfomation	Public
STUB	JumpPad.IsJumpPadInUsing	Event|Public
STUB	JumpPad.Launch	Public
STUB	JumpPad.NPCJumpPadLand	Event|Public
STUB	JumpPad.NPCJumpPadLauch	Event|Public
STUB	JumpPad.NPCJumpPadPreLauch	Event|Public
STUB	JumpPad.TurnOffCollision	Public
STUB	JumpPad.TurnOnCollision	Public
STUB	JumpPadGrowing.TurnOffCollision	Public
STUB	JumpPadGrowing.TurnOnCollision	Public
STUB	JumpPadNPC.Touch	Event|Public
STUB	LensFlareSource.SetActorParameter	Simulated|Public
STUB	LensFlareSource.SetColorParameter	Simulated|Public
STUB	LensFlareSource.SetExtColorParameter	Simulated|Public
STUB	LensFlareSource.SetFloatParameter	Simulated|Public
STUB	LensFlareSource.SetVectorParameter	Simulated|Public
STUB	MemoryFragmentNormal.PickedState.Touch	Public
STUB	MeshBeaconClient.OnConnectionRequestResult	Public|Delegate
STUB	MeshBeaconClient.OnCreateNewSessionRequestReceived	Public|Delegate|HasOutParms
STUB	MeshBeaconClient.OnReceivedBandwidthTestRequest	Public|Delegate
STUB	MeshBeaconClient.OnReceivedBandwidthTestResults	Public|Delegate|HasOutParms
STUB	MeshBeaconClient.OnTravelRequestReceived	Public|Delegate|HasOutParms
STUB	MeshBeaconHost.OnAllPendingPlayersConnected	Public|Delegate
STUB	MeshBeaconHost.OnFinishedBandwidthTest	Public|Delegate|HasOutParms
STUB	MeshBeaconHost.OnReceivedClientConnectionRequest	Public|Delegate|HasOutParms
STUB	MeshBeaconHost.OnReceivedClientCreateNewSessionResult	Public|Delegate|HasOutParms
STUB	MeshBeaconHost.OnStartedBandwidthTest	Public|Delegate
STUB	Mutator.GetServerPlayers	Public|HasOutParms
STUB	NavigationPoint.DetourWeight	Event|Public
STUB	NavigationPoint.SpecialCost	Event|Public
STUB	NpcProjectile.InitFromWeaponLevelData	Public
STUB	Object.BeginState	Event|Public
STUB	Object.ContinuedState	Event|Public
STUB	Object.EndState	Event|Public
STUB	Object.PausedState	Event|Public
STUB	Object.PoppedState	Event|Public
STUB	Object.PushedState	Event|Public
STUB	OnlineAccountInterface.AddCreateOnlineAccountCompletedDelegate	Public
STUB	OnlineAccountInterface.ClearCreateOnlineAccountCompletedDelegate	Public
STUB	OnlineAccountInterface.CreateLocalAccount	HasOptionalParms|Public
STUB	OnlineAccountInterface.CreateOnlineAccount	HasOptionalParms|Public
STUB	OnlineAccountInterface.DeleteLocalAccount	HasOptionalParms|Public
STUB	OnlineAccountInterface.GetLocalAccountNames	Public|HasOutParms
STUB	OnlineAccountInterface.OnCreateOnlineAccountCompleted	Public|Delegate
STUB	OnlineAccountInterface.RenameLocalAccount	HasOptionalParms|Public
STUB	OnlineCommunityContentInterface.AddDownloadContentCompleteDelegate	Public
STUB	OnlineCommunityContentInterface.AddGetContentPayloadCompleteDelegate	Public
STUB	OnlineCommunityContentInterface.AddReadContentListCompleteDelegate	Public
STUB	OnlineCommunityContentInterface.AddReadFriendsContentListCompleteDelegate	Public
STUB	OnlineCommunityContentInterface.AddUploadContentCompleteDelegate	Public
STUB	OnlineCommunityContentInterface.ClearDownloadContentCompleteDelegate	Public
STUB	OnlineCommunityContentInterface.ClearGetContentPayloadCompleteDelegate	Public
STUB	OnlineCommunityContentInterface.ClearReadContentListCompleteDelegate	Public
STUB	OnlineCommunityContentInterface.ClearReadFriendsContentListCompleteDelegate	Public
STUB	OnlineCommunityContentInterface.ClearUploadContentCompleteDelegate	Public
STUB	OnlineCommunityContentInterface.DownloadContent	Public|HasOutParms
STUB	OnlineCommunityContentInterface.Exit	Public
STUB	OnlineCommunityContentInterface.GetContentList	Public|HasOutParms
STUB	OnlineCommunityContentInterface.GetContentPayload	Public|HasOutParms
STUB	OnlineCommunityContentInterface.GetFriendsContentList	Public|HasOutParms
STUB	OnlineCommunityContentInterface.Init	Public
STUB	OnlineCommunityContentInterface.OnDownloadContentComplete	Public|Delegate
STUB	OnlineCommunityContentInterface.OnGetContentPayloadComplete	Public|Delegate|HasOutParms
STUB	OnlineCommunityContentInterface.OnReadContentListComplete	Public|Delegate
STUB	OnlineCommunityContentInterface.OnReadFriendsContentListComplete	Public|Delegate
STUB	OnlineCommunityContentInterface.OnUploadContentComplete	Public|Delegate
STUB	OnlineCommunityContentInterface.RateContent	Public|HasOutParms
STUB	OnlineCommunityContentInterface.ReadContentList	HasOptionalParms|Public
STUB	OnlineCommunityContentInterface.ReadFriendsContentList	HasOptionalParms|Public|HasOutParms
STUB	OnlineCommunityContentInterface.UploadContent	Public|HasOutParms
STUB	OnlineContentInterface.AddContentChangeDelegate	HasOptionalParms|Public
STUB	OnlineContentInterface.AddQueryAvailableDownloadsComplete	Public
STUB	OnlineContentInterface.AddReadContentComplete	Public
STUB	OnlineContentInterface.ClearContentChangeDelegate	HasOptionalParms|Public
STUB	OnlineContentInterface.ClearQueryAvailableDownloadsComplete	Public
STUB	OnlineContentInterface.ClearReadContentComplete	Public
STUB	OnlineContentInterface.GetAvailableDownloadCounts	Public|HasOutParms
STUB	OnlineContentInterface.GetContentList	Public|HasOutParms
STUB	OnlineContentInterface.OnContentChange	Public|Delegate
STUB	OnlineContentInterface.OnQueryAvailableDownloadsComplete	Public|Delegate
STUB	OnlineContentInterface.OnReadContentComplete	Public|Delegate
STUB	OnlineContentInterface.QueryAvailableDownloads	HasOptionalParms|Public
STUB	OnlineContentInterface.ReadContentList	Public
STUB	OnlineEventsInterface.UploadGameplayEventsData	Public
STUB	OnlineEventsInterface.UploadHardwareData	Public
STUB	OnlineEventsInterface.UploadProfileData	Public
STUB	OnlineEventsInterfaceMcp.UploadHardwareData	Public
STUB	OnlineGameInterface.AcceptGameInvite	Public
STUB	OnlineGameInterface.AddArbitrationRegistrationCompleteDelegate	Public
STUB	OnlineGameInterface.AddCancelFindOnlineGamesCompleteDelegate	Public
STUB	OnlineGameInterface.AddCreateOnlineGameCompleteDelegate	Public
STUB	OnlineGameInterface.AddDestroyOnlineGameCompleteDelegate	Public
STUB	OnlineGameInterface.AddEndOnlineGameCompleteDelegate	Public
STUB	OnlineGameInterface.AddFindOnlineGamesCompleteDelegate	Public
STUB	OnlineGameInterface.AddGameInviteAcceptedDelegate	Public
STUB	OnlineGameInterface.AddJoinOnlineGameCompleteDelegate	Public
STUB	OnlineGameInterface.AddRegisterPlayerCompleteDelegate	Public
STUB	OnlineGameInterface.AddStartOnlineGameCompleteDelegate	Public
STUB	OnlineGameInterface.AddUnregisterPlayerCompleteDelegate	Public
STUB	OnlineGameInterface.AddUpdateOnlineGameCompleteDelegate	Public
STUB	OnlineGameInterface.BindPlatformSpecificSessionToSearch	Public
STUB	OnlineGameInterface.CancelFindOnlineGames	Public
STUB	OnlineGameInterface.ClearArbitrationRegistrationCompleteDelegate	Public
STUB	OnlineGameInterface.ClearCancelFindOnlineGamesCompleteDelegate	Public
STUB	OnlineGameInterface.ClearCreateOnlineGameCompleteDelegate	Public
STUB	OnlineGameInterface.ClearDestroyOnlineGameCompleteDelegate	Public
STUB	OnlineGameInterface.ClearEndOnlineGameCompleteDelegate	Public
STUB	OnlineGameInterface.ClearFindOnlineGamesCompleteDelegate	Public
STUB	OnlineGameInterface.ClearGameInviteAcceptedDelegate	Public
STUB	OnlineGameInterface.ClearJoinOnlineGameCompleteDelegate	Public
STUB	OnlineGameInterface.ClearRegisterPlayerCompleteDelegate	Public
STUB	OnlineGameInterface.ClearStartOnlineGameCompleteDelegate	Public
STUB	OnlineGameInterface.ClearUnregisterPlayerCompleteDelegate	Public
STUB	OnlineGameInterface.ClearUpdateOnlineGameCompleteDelegate	Public
STUB	OnlineGameInterface.CreateOnlineGame	Public
STUB	OnlineGameInterface.DestroyOnlineGame	Public
STUB	OnlineGameInterface.EndOnlineGame	Public
STUB	OnlineGameInterface.FindOnlineGames	Public
STUB	OnlineGameInterface.FreeSearchResults	HasOptionalParms|Public
STUB	OnlineGameInterface.GetArbitratedPlayers	Public
STUB	OnlineGameInterface.GetGameSearch	Public
STUB	OnlineGameInterface.GetGameSettings	Public
STUB	OnlineGameInterface.GetResolvedConnectString	Public|HasOutParms
STUB	OnlineGameInterface.JoinOnlineGame	Public|HasOutParms
STUB	OnlineGameInterface.OnArbitrationRegistrationComplete	Public|Delegate
STUB	OnlineGameInterface.OnCancelFindOnlineGamesComplete	Public|Delegate
STUB	OnlineGameInterface.OnCreateOnlineGameComplete	Public|Delegate
STUB	OnlineGameInterface.OnDestroyOnlineGameComplete	Public|Delegate
STUB	OnlineGameInterface.OnEndOnlineGameComplete	Public|Delegate
STUB	OnlineGameInterface.OnFindOnlineGamesComplete	Public|Delegate
STUB	OnlineGameInterface.OnGameInviteAccepted	Public|Delegate|HasOutParms
STUB	OnlineGameInterface.OnJoinOnlineGameComplete	Public|Delegate
STUB	OnlineGameInterface.OnRegisterPlayerComplete	Public|Delegate
STUB	OnlineGameInterface.OnStartOnlineGameComplete	Public|Delegate
STUB	OnlineGameInterface.OnUnregisterPlayerComplete	Public|Delegate
STUB	OnlineGameInterface.OnUpdateOnlineGameComplete	Public|Delegate
STUB	OnlineGameInterface.QueryNonAdvertisedData	Public
STUB	OnlineGameInterface.ReadPlatformSpecificSessionInfo	Public|HasOutParms
STUB	OnlineGameInterface.ReadPlatformSpecificSessionInfoBySessionName	Public|HasOutParms
STUB	OnlineGameInterface.RecalculateSkillRating	Public|HasOutParms
STUB	OnlineGameInterface.RegisterForArbitration	Public
STUB	OnlineGameInterface.RegisterPlayer	Public
STUB	OnlineGameInterface.StartOnlineGame	Public
STUB	OnlineGameInterface.UnregisterPlayer	Public
STUB	OnlineGameInterface.UpdateOnlineGame	HasOptionalParms|Public
STUB	OnlineGameInterfaceImpl.AcceptGameInvite	Public
STUB	OnlineGameInterfaceImpl.AddArbitrationRegistrationCompleteDelegate	Public
STUB	OnlineGameInterfaceImpl.AddGameInviteAcceptedDelegate	Public
STUB	OnlineGameInterfaceImpl.AddRegisterPlayerCompleteDelegate	Public
STUB	OnlineGameInterfaceImpl.AddUnregisterPlayerCompleteDelegate	Public
STUB	OnlineGameInterfaceImpl.ClearArbitrationRegistrationCompleteDelegate	Public
STUB	OnlineGameInterfaceImpl.ClearGameInviteAcceptedDelegate	Public
STUB	OnlineGameInterfaceImpl.ClearRegisterPlayerCompleteDelegate	Public
STUB	OnlineGameInterfaceImpl.ClearUnregisterPlayerCompleteDelegate	Public
STUB	OnlineGameInterfaceImpl.GetArbitratedPlayers	Public
STUB	OnlineGameInterfaceImpl.OnArbitrationRegistrationComplete	Public|Delegate
STUB	OnlineGameInterfaceImpl.OnCancelFindOnlineGamesComplete	Public|Delegate
STUB	OnlineGameInterfaceImpl.OnCreateOnlineGameComplete	Public|Delegate
STUB	OnlineGameInterfaceImpl.OnDestroyOnlineGameComplete	Public|Delegate
STUB	OnlineGameInterfaceImpl.OnEndOnlineGameComplete	Public|Delegate
STUB	OnlineGameInterfaceImpl.OnFindOnlineGamesComplete	Public|Delegate
STUB	OnlineGameInterfaceImpl.OnGameInviteAccepted	Public|Delegate|HasOutParms
STUB	OnlineGameInterfaceImpl.OnJoinOnlineGameComplete	Public|Delegate
STUB	OnlineGameInterfaceImpl.OnRegisterPlayerComplete	Public|Delegate
STUB	OnlineGameInterfaceImpl.OnStartOnlineGameComplete	Public|Delegate
STUB	OnlineGameInterfaceImpl.OnUnregisterPlayerComplete	Public|Delegate
STUB	OnlineGameInterfaceImpl.OnUpdateOnlineGameComplete	Public|Delegate
STUB	OnlineGameInterfaceImpl.QueryNonAdvertisedData	Public
STUB	OnlineGameInterfaceImpl.ReadPlatformSpecificSessionInfoBySessionName	Public|HasOutParms
STUB	OnlineGameInterfaceImpl.RecalculateSkillRating	Public|HasOutParms
STUB	OnlineGameInterfaceImpl.RegisterForArbitration	Public
STUB	OnlineGameInterfaceImpl.RegisterPlayer	Public
STUB	OnlineGameInterfaceImpl.UnregisterPlayer	Public
STUB	OnlineGameInterfaceImpl.UpdateOnlineGame	HasOptionalParms|Public
STUB	OnlineNewsInterface.AddReadNewsCompletedDelegate	Public
STUB	OnlineNewsInterface.ClearReadNewsCompletedDelegate	Public
STUB	OnlineNewsInterface.GetNews	Public
STUB	OnlineNewsInterface.OnReadNewsCompleted	Public|Delegate
STUB	OnlineNewsInterface.ReadNews	Public
STUB	OnlineNewsInterfaceMcp.OnReadNewsCompleted	Public|Delegate
STUB	OnlinePartyChatInterface.AddPartyMemberListChangedDelegate	Public
STUB	OnlinePartyChatInterface.AddPartyMembersInfoChangedDelegate	Public
STUB	OnlinePartyChatInterface.AddSendPartyGameInvitesCompleteDelegate	Public
STUB	OnlinePartyChatInterface.ClearPartyMemberListChangedDelegate	Public
STUB	OnlinePartyChatInterface.ClearPartyMembersInfoChangedDelegate	Public
STUB	OnlinePartyChatInterface.ClearSendPartyGameInvitesCompleteDelegate	Public
STUB	OnlinePartyChatInterface.GetPartyBandwidth	Public
STUB	OnlinePartyChatInterface.GetPartyMemberInformation	Public|HasOutParms
STUB	OnlinePartyChatInterface.GetPartyMembersInformation	Public|HasOutParms
STUB	OnlinePartyChatInterface.OnPartyMemberListChanged	Public|Delegate
STUB	OnlinePartyChatInterface.OnPartyMembersInfoChanged	Public|Delegate
STUB	OnlinePartyChatInterface.OnSendPartyGameInvitesComplete	Public|Delegate
STUB	OnlinePartyChatInterface.SendPartyGameInvites	Public
STUB	OnlinePartyChatInterface.SetPartyMemberCustomData	Public
STUB	OnlinePartyChatInterface.ShowCommunitySessionsUI	Public
STUB	OnlinePartyChatInterface.ShowPartyUI	Public
STUB	OnlinePartyChatInterface.ShowVoiceChannelUI	Public
STUB	OnlinePlayerInterface.AcceptFriendInvite	Public
STUB	OnlinePlayerInterface.AddAddFriendByNameCompleteDelegate	Public
STUB	OnlinePlayerInterface.AddDLCContentInstalledDelegate	Public
STUB	OnlinePlayerInterface.AddFriend	HasOptionalParms|Public
STUB	OnlinePlayerInterface.AddFriendByName	HasOptionalParms|Public
STUB	OnlinePlayerInterface.AddFriendInviteReceivedDelegate	Public
STUB	OnlinePlayerInterface.AddFriendMessageReceivedDelegate	Public
STUB	OnlinePlayerInterface.AddFriendsChangeDelegate	Public
STUB	OnlinePlayerInterface.AddJoinFriendGameCompleteDelegate	Public
STUB	OnlinePlayerInterface.AddKeyboardInputDoneDelegate	Public
STUB	OnlinePlayerInterface.AddLoginCancelledDelegate	Public
STUB	OnlinePlayerInterface.AddLoginChangeDelegate	Public
STUB	OnlinePlayerInterface.AddLoginFailedDelegate	Public
STUB	OnlinePlayerInterface.AddLoginStatusChangeDelegate	Public
STUB	OnlinePlayerInterface.AddLogoutCompletedDelegate	Public
STUB	OnlinePlayerInterface.AddMutingChangeDelegate	Public
STUB	OnlinePlayerInterface.AddReadAchievementsCompleteDelegate	Public
STUB	OnlinePlayerInterface.AddReadFriendsCompleteDelegate	Public
STUB	OnlinePlayerInterface.AddReadPlayerStorageCompleteDelegate	Public
STUB	OnlinePlayerInterface.AddReadPlayerStorageForNetIdCompleteDelegate	Public
STUB	OnlinePlayerInterface.AddReadProfileSettingsCompleteDelegate	Public
STUB	OnlinePlayerInterface.AddReceivedGameInviteDelegate	Public
STUB	OnlinePlayerInterface.AddUnlockAchievementCompleteDelegate	Public
STUB	OnlinePlayerInterface.AddWritePlayerStorageCompleteDelegate	Public
STUB	OnlinePlayerInterface.AddWriteProfileSettingsCompleteDelegate	Public
STUB	OnlinePlayerInterface.AreAnyFriends	Public|HasOutParms
STUB	OnlinePlayerInterface.AutoLogin	Public
STUB	OnlinePlayerInterface.CanCommunicate	Public
STUB	OnlinePlayerInterface.CanDownloadUserContent	Public
STUB	OnlinePlayerInterface.CanPlayOnline	Public
STUB	OnlinePlayerInterface.CanPurchaseContent	Public
STUB	OnlinePlayerInterface.CanShowPresenceInformation	Public
STUB	OnlinePlayerInterface.CanViewPlayerProfiles	Public
STUB	OnlinePlayerInterface.ClearAddFriendByNameCompleteDelegate	Public
STUB	OnlinePlayerInterface.ClearDLCContentInstalledDelegate	Public
STUB	OnlinePlayerInterface.ClearFriendInviteReceivedDelegate	Public
STUB	OnlinePlayerInterface.ClearFriendMessageReceivedDelegate	Public
STUB	OnlinePlayerInterface.ClearFriendsChangeDelegate	Public
STUB	OnlinePlayerInterface.ClearJoinFriendGameCompleteDelegate	Public
STUB	OnlinePlayerInterface.ClearKeyboardInputDoneDelegate	Public
STUB	OnlinePlayerInterface.ClearLoginCancelledDelegate	Public
STUB	OnlinePlayerInterface.ClearLoginChangeDelegate	Public
STUB	OnlinePlayerInterface.ClearLoginFailedDelegate	Public
STUB	OnlinePlayerInterface.ClearLoginStatusChangeDelegate	Public
STUB	OnlinePlayerInterface.ClearLogoutCompletedDelegate	Public
STUB	OnlinePlayerInterface.ClearMutingChangeDelegate	Public
STUB	OnlinePlayerInterface.ClearReadAchievementsCompleteDelegate	Public
STUB	OnlinePlayerInterface.ClearReadFriendsCompleteDelegate	Public
STUB	OnlinePlayerInterface.ClearReadPlayerStorageCompleteDelegate	Public
STUB	OnlinePlayerInterface.ClearReadPlayerStorageForNetIdCompleteDelegate	Public
STUB	OnlinePlayerInterface.ClearReadProfileSettingsCompleteDelegate	Public
STUB	OnlinePlayerInterface.ClearReceivedGameInviteDelegate	Public
STUB	OnlinePlayerInterface.ClearUnlockAchievementCompleteDelegate	Public
STUB	OnlinePlayerInterface.ClearWritePlayerStorageCompleteDelegate	Public
STUB	OnlinePlayerInterface.ClearWriteProfileSettingsCompleteDelegate	Public
STUB	OnlinePlayerInterface.DeleteMessage	Public
STUB	OnlinePlayerInterface.DenyFriendInvite	Public
STUB	OnlinePlayerInterface.GetAchievements	HasOptionalParms|Public|HasOutParms
STUB	OnlinePlayerInterface.GetFriendMessages	Public|HasOutParms
STUB	OnlinePlayerInterface.GetFriendsList	HasOptionalParms|Public|HasOutParms
STUB	OnlinePlayerInterface.GetKeyboardInputResults	Public|HasOutParms
STUB	OnlinePlayerInterface.GetLoginStatus	Public
STUB	OnlinePlayerInterface.GetPlayerNickname	Public
STUB	OnlinePlayerInterface.GetPlayerStorage	Public
STUB	OnlinePlayerInterface.GetProfileSettings	Public
STUB	OnlinePlayerInterface.GetUniquePlayerId	Public|HasOutParms
STUB	OnlinePlayerInterface.IsFriend	Public
STUB	OnlinePlayerInterface.IsGuestLogin	Public
STUB	OnlinePlayerInterface.IsLocalLogin	Public
STUB	OnlinePlayerInterface.IsMuted	Public
STUB	OnlinePlayerInterface.JoinFriendGame	Public
STUB	OnlinePlayerInterface.Login	HasOptionalParms|Public
STUB	OnlinePlayerInterface.Logout	Public
STUB	OnlinePlayerInterface.OnAddFriendByNameComplete	Public|Delegate
STUB	OnlinePlayerInterface.OnDLCContentInstalled	Public|Delegate
STUB	OnlinePlayerInterface.OnFriendInviteReceived	Public|Delegate
STUB	OnlinePlayerInterface.OnFriendMessageReceived	Public|Delegate
STUB	OnlinePlayerInterface.OnFriendsChange	Public|Delegate
STUB	OnlinePlayerInterface.OnJoinFriendGameComplete	Public|Delegate
STUB	OnlinePlayerInterface.OnKeyboardInputComplete	Public|Delegate
STUB	OnlinePlayerInterface.OnLoginCancelled	Public|Delegate
STUB	OnlinePlayerInterface.OnLoginChange	Public|Delegate
STUB	OnlinePlayerInterface.OnLoginFailed	Public|Delegate
STUB	OnlinePlayerInterface.OnLoginStatusChange	Public|Delegate
STUB	OnlinePlayerInterface.OnLogoutCompleted	Public|Delegate
STUB	OnlinePlayerInterface.OnMutingChange	Public|Delegate
STUB	OnlinePlayerInterface.OnReadAchievementsComplete	Public|Delegate
STUB	OnlinePlayerInterface.OnReadFriendsComplete	Public|Delegate
STUB	OnlinePlayerInterface.OnReadPlayerStorageComplete	Public|Delegate
STUB	OnlinePlayerInterface.OnReadPlayerStorageForNetIdComplete	Public|Delegate
STUB	OnlinePlayerInterface.OnReadProfileSettingsComplete	Public|Delegate
STUB	OnlinePlayerInterface.OnReceivedGameInvite	Public|Delegate
STUB	OnlinePlayerInterface.OnUnlockAchievementComplete	Public|Delegate
STUB	OnlinePlayerInterface.OnWritePlayerStorageComplete	Public|Delegate
STUB	OnlinePlayerInterface.OnWriteProfileSettingsComplete	Public|Delegate
STUB	OnlinePlayerInterface.ReadAchievements	HasOptionalParms|Public
STUB	OnlinePlayerInterface.ReadFriendsList	HasOptionalParms|Public
STUB	OnlinePlayerInterface.ReadPlayerStorage	Public
STUB	OnlinePlayerInterface.ReadPlayerStorageForNetId	Public
STUB	OnlinePlayerInterface.ReadProfileSettings	Public
STUB	OnlinePlayerInterface.RemoveFriend	Public
STUB	OnlinePlayerInterface.SendGameInviteToFriend	HasOptionalParms|Public
STUB	OnlinePlayerInterface.SendGameInviteToFriends	HasOptionalParms|Public
STUB	OnlinePlayerInterface.SendMessageToFriend	Public
STUB	OnlinePlayerInterface.SetOnlineStatus	Public|HasOutParms
STUB	OnlinePlayerInterface.ShowFriendsUI	Public
STUB	OnlinePlayerInterface.ShowKeyboardUI	HasOptionalParms|Public
STUB	OnlinePlayerInterface.ShowLoginUI	HasOptionalParms|Public
STUB	OnlinePlayerInterface.UnlockAchievement	Public
STUB	OnlinePlayerInterface.WritePlayerStorage	Public
STUB	OnlinePlayerInterface.WriteProfileSettings	Public
STUB	OnlinePlayerInterfaceEx.AddDeviceSelectionDoneDelegate	Public
STUB	OnlinePlayerInterfaceEx.AddProfileDataChangedDelegate	Public
STUB	OnlinePlayerInterfaceEx.ClearDeviceSelectionDoneDelegate	Public
STUB	OnlinePlayerInterfaceEx.ClearProfileDataChangedDelegate	Public
STUB	OnlinePlayerInterfaceEx.GetDeviceSelectionResults	Public|HasOutParms
STUB	OnlinePlayerInterfaceEx.IsDeviceValid	HasOptionalParms|Public
STUB	OnlinePlayerInterfaceEx.OnDeviceSelectionComplete	Public|Delegate
STUB	OnlinePlayerInterfaceEx.OnProfileDataChanged	Public|Delegate
STUB	OnlinePlayerInterfaceEx.ShowAchievementsUI	Public
STUB	OnlinePlayerInterfaceEx.ShowContentMarketplaceUI	HasOptionalParms|Public
STUB	OnlinePlayerInterfaceEx.ShowCustomPlayersUI	Public|HasOutParms
STUB	OnlinePlayerInterfaceEx.ShowDeviceSelectionUI	HasOptionalParms|Public
STUB	OnlinePlayerInterfaceEx.ShowFeedbackUI	Public
STUB	OnlinePlayerInterfaceEx.ShowFriendsInviteUI	Public
STUB	OnlinePlayerInterfaceEx.ShowGamerCardUI	Public
STUB	OnlinePlayerInterfaceEx.ShowInviteUI	HasOptionalParms|Public
STUB	OnlinePlayerInterfaceEx.ShowMembershipMarketplaceUI	Public
STUB	OnlinePlayerInterfaceEx.ShowMessagesUI	Public
STUB	OnlinePlayerInterfaceEx.ShowPlayersUI	Public
STUB	OnlinePlayerInterfaceEx.UnlockGamerPicture	Public
STUB	OnlinePlayerStorage.NotifySettingValueUpdated	Public|Delegate
STUB	OnlinePlaylistManager.OnReadPlaylistComplete	Public|Delegate
STUB	OnlineProfileSettings.ModifyAvailableProfileSettings	Event|Public
STUB	OnlineStatsInterface.AddFlushOnlineStatsCompleteDelegate	Public
STUB	OnlineStatsInterface.AddReadOnlineStatsCompleteDelegate	Public
STUB	OnlineStatsInterface.AddRegisterHostStatGuidCompleteDelegate	Public
STUB	OnlineStatsInterface.ClearFlushOnlineStatsCompleteDelegate	Public
STUB	OnlineStatsInterface.ClearReadOnlineStatsCompleteDelegate	Public
STUB	OnlineStatsInterface.ClearRegisterHostStatGuidCompleteDelegateDelegate	Public
STUB	OnlineStatsInterface.FlushOnlineStats	Public
STUB	OnlineStatsInterface.FreeStats	Public
STUB	OnlineStatsInterface.GetClientStatGuid	Public
STUB	OnlineStatsInterface.GetHostStatGuid	Public
STUB	OnlineStatsInterface.OnFlushOnlineStatsComplete	Public|Delegate
STUB	OnlineStatsInterface.OnReadOnlineStatsComplete	Public|Delegate
STUB	OnlineStatsInterface.OnRegisterHostStatGuidComplete	Public|Delegate
STUB	OnlineStatsInterface.ReadOnlineStats	Public|HasOutParms
STUB	OnlineStatsInterface.ReadOnlineStatsByRank	HasOptionalParms|Public
STUB	OnlineStatsInterface.ReadOnlineStatsByRankAroundPlayer	HasOptionalParms|Public
STUB	OnlineStatsInterface.ReadOnlineStatsForFriends	Public
STUB	OnlineStatsInterface.RegisterHostStatGuid	Public|HasOutParms
STUB	OnlineStatsInterface.RegisterStatGuid	Public|HasOutParms
STUB	OnlineStatsInterface.WriteOnlinePlayerScores	Public|HasOutParms
STUB	OnlineStatsInterface.WriteOnlineStats	Public
STUB	OnlineStatsRead.OnReadComplete	Event|Public
STUB	OnlineStatsWrite.OnStatsWriteComplete	Public|Delegate
STUB	OnlineSubsystem.DumpVoiceRegistration	Public
STUB	OnlineSubsystem.Exit	Event|Public
STUB	OnlineSubsystem.SetDebugSpewLevel	Public
STUB	OnlineSubsystemCommonImpl.GetPlayerNicknameFromIndex	Event|Public
STUB	OnlineSubsystemCommonImpl.GetPlayerUniqueNetIdFromIndex	Event|Public
STUB	OnlineSubsystemPC.AcceptFriendInvite	Public
STUB	OnlineSubsystemPC.AddAddFriendByNameCompleteDelegate	Public
STUB	OnlineSubsystemPC.AddConnectionStatusChangeDelegate	Public
STUB	OnlineSubsystemPC.AddControllerChangeDelegate	Public
STUB	OnlineSubsystemPC.AddExternalUIChangeDelegate	Public
STUB	OnlineSubsystemPC.AddFlushOnlineStatsCompleteDelegate	Public
STUB	OnlineSubsystemPC.AddFriend	HasOptionalParms|Public
STUB	OnlineSubsystemPC.AddFriendByName	HasOptionalParms|Public
STUB	OnlineSubsystemPC.AddFriendInviteReceivedDelegate	Public
STUB	OnlineSubsystemPC.AddFriendMessageReceivedDelegate	Public
STUB	OnlineSubsystemPC.AddJoinFriendGameCompleteDelegate	Public
STUB	OnlineSubsystemPC.AddKeyboardInputDoneDelegate	Public
STUB	OnlineSubsystemPC.AddLinkStatusChangeDelegate	Public
STUB	OnlineSubsystemPC.AddLoginCancelledDelegate	Public
STUB	OnlineSubsystemPC.AddLoginChangeDelegate	Public
STUB	OnlineSubsystemPC.AddLoginFailedDelegate	Public
STUB	OnlineSubsystemPC.AddLoginStatusChangeDelegate	Public
STUB	OnlineSubsystemPC.AddLogoutCompletedDelegate	Public
STUB	OnlineSubsystemPC.AddPlayerTalkingDelegate	Public
STUB	OnlineSubsystemPC.AddReadAchievementsCompleteDelegate	Public
STUB	OnlineSubsystemPC.AddReadOnlineStatsCompleteDelegate	Public
STUB	OnlineSubsystemPC.AddReadPlayerStorageCompleteDelegate	Public
STUB	OnlineSubsystemPC.AddReadPlayerStorageForNetIdCompleteDelegate	Public
STUB	OnlineSubsystemPC.AddReadTitleFileCompleteDelegate	Public
STUB	OnlineSubsystemPC.AddReceivedGameInviteDelegate	Public
STUB	OnlineSubsystemPC.AddRegisterHostStatGuidCompleteDelegate	Public
STUB	OnlineSubsystemPC.AddStorageDeviceChangeDelegate	Public
STUB	OnlineSubsystemPC.AddUnlockAchievementCompleteDelegate	Public
STUB	OnlineSubsystemPC.AddWritePlayerStorageCompleteDelegate	Public
STUB	OnlineSubsystemPC.AreAnyFriends	Public|HasOutParms
STUB	OnlineSubsystemPC.AutoLogin	Public
STUB	OnlineSubsystemPC.CanCommunicate	Public
STUB	OnlineSubsystemPC.CanDownloadUserContent	Public
STUB	OnlineSubsystemPC.CanPlayOnline	Public
STUB	OnlineSubsystemPC.CanPurchaseContent	Public
STUB	OnlineSubsystemPC.CanShowPresenceInformation	Public
STUB	OnlineSubsystemPC.CanViewPlayerProfiles	Public
STUB	OnlineSubsystemPC.ClearAddFriendByNameCompleteDelegate	Public
STUB	OnlineSubsystemPC.ClearConnectionStatusChangeDelegate	Public
STUB	OnlineSubsystemPC.ClearControllerChangeDelegate	Public
STUB	OnlineSubsystemPC.ClearExternalUIChangeDelegate	Public
STUB	OnlineSubsystemPC.ClearFlushOnlineStatsCompleteDelegate	Public
STUB	OnlineSubsystemPC.ClearFriendInviteReceivedDelegate	Public
STUB	OnlineSubsystemPC.ClearFriendMessageReceivedDelegate	Public
STUB	OnlineSubsystemPC.ClearJoinFriendGameCompleteDelegate	Public
STUB	OnlineSubsystemPC.ClearKeyboardInputDoneDelegate	Public
STUB	OnlineSubsystemPC.ClearLinkStatusChangeDelegate	Public
STUB	OnlineSubsystemPC.ClearLoginCancelledDelegate	Public
STUB	OnlineSubsystemPC.ClearLoginChangeDelegate	Public
STUB	OnlineSubsystemPC.ClearLoginFailedDelegate	Public
STUB	OnlineSubsystemPC.ClearLoginStatusChangeDelegate	Public
STUB	OnlineSubsystemPC.ClearLogoutCompletedDelegate	Public
STUB	OnlineSubsystemPC.ClearPlayerTalkingDelegate	Public
STUB	OnlineSubsystemPC.ClearReadAchievementsCompleteDelegate	Public
STUB	OnlineSubsystemPC.ClearReadOnlineStatsCompleteDelegate	Public
STUB	OnlineSubsystemPC.ClearReadPlayerStorageCompleteDelegate	Public
STUB	OnlineSubsystemPC.ClearReadPlayerStorageForNetIdCompleteDelegate	Public
STUB	OnlineSubsystemPC.ClearReadTitleFileCompleteDelegate	Public
STUB	OnlineSubsystemPC.ClearReceivedGameInviteDelegate	Public
STUB	OnlineSubsystemPC.ClearRegisterHostStatGuidCompleteDelegateDelegate	Public
STUB	OnlineSubsystemPC.ClearStorageDeviceChangeDelegate	Public
STUB	OnlineSubsystemPC.ClearUnlockAchievementCompleteDelegate	Public
STUB	OnlineSubsystemPC.ClearWritePlayerStorageCompleteDelegate	Public
STUB	OnlineSubsystemPC.DeleteMessage	Public
STUB	OnlineSubsystemPC.DenyFriendInvite	Public
STUB	OnlineSubsystemPC.FlushOnlineStats	Public
STUB	OnlineSubsystemPC.FreeStats	Public
STUB	OnlineSubsystemPC.GetAchievements	HasOptionalParms|Public|HasOutParms
STUB	OnlineSubsystemPC.GetClientStatGuid	Public
STUB	OnlineSubsystemPC.GetFriendMessages	Public|HasOutParms
STUB	OnlineSubsystemPC.GetFriendsList	HasOptionalParms|Public|HasOutParms
STUB	OnlineSubsystemPC.GetHostStatGuid	Public
STUB	OnlineSubsystemPC.GetKeyboardInputResults	Public|HasOutParms
STUB	OnlineSubsystemPC.GetNetworkNotificationPosition	Public
STUB	OnlineSubsystemPC.GetRecognitionResults	Public|HasOutParms
STUB	OnlineSubsystemPC.GetTitleFileContents	Public|HasOutParms
STUB	OnlineSubsystemPC.GetTitleFileState	Public
STUB	OnlineSubsystemPC.IsFriend	Public
STUB	OnlineSubsystemPC.IsGuestLogin	Public
STUB	OnlineSubsystemPC.IsHeadsetPresent	Public
STUB	OnlineSubsystemPC.IsLocalLogin	Public
STUB	OnlineSubsystemPC.IsLocalPlayerTalking	Public
STUB	OnlineSubsystemPC.IsMuted	Public
STUB	OnlineSubsystemPC.IsRemotePlayerTalking	Public
STUB	OnlineSubsystemPC.JoinFriendGame	Public
STUB	OnlineSubsystemPC.Login	HasOptionalParms|Public
STUB	OnlineSubsystemPC.Logout	Public
STUB	OnlineSubsystemPC.MuteAll	Public
STUB	OnlineSubsystemPC.MuteRemoteTalker	Public
STUB	OnlineSubsystemPC.OnAddFriendByNameComplete	Public|Delegate
STUB	OnlineSubsystemPC.OnConnectionStatusChange	Public|Delegate
STUB	OnlineSubsystemPC.OnControllerChange	Public|Delegate
STUB	OnlineSubsystemPC.OnDLCContentInstalled	Public|Delegate
STUB	OnlineSubsystemPC.OnExternalUIChange	Public|Delegate
STUB	OnlineSubsystemPC.OnFlushOnlineStatsComplete	Public|Delegate
STUB	OnlineSubsystemPC.OnFriendInviteReceived	Public|Delegate
STUB	OnlineSubsystemPC.OnFriendMessageReceived	Public|Delegate
STUB	OnlineSubsystemPC.OnFriendsChange	Public|Delegate
STUB	OnlineSubsystemPC.OnJoinFriendGameComplete	Public|Delegate
STUB	OnlineSubsystemPC.OnKeyboardInputComplete	Public|Delegate
STUB	OnlineSubsystemPC.OnLinkStatusChange	Public|Delegate
STUB	OnlineSubsystemPC.OnLoginCancelled	Public|Delegate
STUB	OnlineSubsystemPC.OnLoginChange	Public|Delegate
STUB	OnlineSubsystemPC.OnLoginFailed	Public|Delegate
STUB	OnlineSubsystemPC.OnLoginStatusChange	Public|Delegate
STUB	OnlineSubsystemPC.OnLogoutCompleted	Public|Delegate
STUB	OnlineSubsystemPC.OnMutingChange	Public|Delegate
STUB	OnlineSubsystemPC.OnPlayerTalkingStateChange	Public|Delegate
STUB	OnlineSubsystemPC.OnReadAchievementsComplete	Public|Delegate
STUB	OnlineSubsystemPC.OnReadFriendsComplete	Public|Delegate
STUB	OnlineSubsystemPC.OnReadOnlineStatsComplete	Public|Delegate
STUB	OnlineSubsystemPC.OnReadPlayerStorageComplete	Public|Delegate
STUB	OnlineSubsystemPC.OnReadPlayerStorageForNetIdComplete	Public|Delegate
STUB	OnlineSubsystemPC.OnReadProfileSettingsComplete	Public|Delegate
STUB	OnlineSubsystemPC.OnReadTitleFileComplete	Public|Delegate
STUB	OnlineSubsystemPC.OnReceivedGameInvite	Public|Delegate
STUB	OnlineSubsystemPC.OnRecognitionComplete	Public|Delegate
STUB	OnlineSubsystemPC.OnRegisterHostStatGuidComplete	Public|Delegate
STUB	OnlineSubsystemPC.OnStorageDeviceChange	Public|Delegate
STUB	OnlineSubsystemPC.OnUnlockAchievementComplete	Public|Delegate
STUB	OnlineSubsystemPC.OnWritePlayerStorageComplete	Public|Delegate
STUB	OnlineSubsystemPC.OnWriteProfileSettingsComplete	Public|Delegate
STUB	OnlineSubsystemPC.ReadAchievements	HasOptionalParms|Public
STUB	OnlineSubsystemPC.ReadFriendsList	HasOptionalParms|Public
STUB	OnlineSubsystemPC.ReadOnlineStats	Public|HasOutParms
STUB	OnlineSubsystemPC.ReadOnlineStatsByRank	HasOptionalParms|Public
STUB	OnlineSubsystemPC.ReadOnlineStatsByRankAroundPlayer	HasOptionalParms|Public
STUB	OnlineSubsystemPC.ReadOnlineStatsForFriends	Public
STUB	OnlineSubsystemPC.ReadPlayerStorage	Public
STUB	OnlineSubsystemPC.ReadPlayerStorageForNetId	Public
STUB	OnlineSubsystemPC.ReadTitleFile	Public
STUB	OnlineSubsystemPC.RegisterHostStatGuid	Public|HasOutParms
STUB	OnlineSubsystemPC.RegisterLocalTalker	Public
STUB	OnlineSubsystemPC.RegisterRemoteTalker	Public
STUB	OnlineSubsystemPC.RegisterStatGuid	Public|HasOutParms
STUB	OnlineSubsystemPC.RemoveFriend	Public
STUB	OnlineSubsystemPC.SelectVocabulary	Public
STUB	OnlineSubsystemPC.SendGameInviteToFriend	HasOptionalParms|Public
STUB	OnlineSubsystemPC.SendGameInviteToFriends	HasOptionalParms|Public
STUB	OnlineSubsystemPC.SendMessageToFriend	Public
STUB	OnlineSubsystemPC.SetNetworkNotificationPosition	Public
STUB	OnlineSubsystemPC.SetOnlineStatus	Public|HasOutParms
STUB	OnlineSubsystemPC.SetRemoteTalkerPriority	Public
STUB	OnlineSubsystemPC.SetSpeechRecognitionObject	Public
STUB	OnlineSubsystemPC.ShowFriendsUI	Public
STUB	OnlineSubsystemPC.ShowKeyboardUI	HasOptionalParms|Public
STUB	OnlineSubsystemPC.ShowLoginUI	HasOptionalParms|Public
STUB	OnlineSubsystemPC.StartNetworkedVoice	Public
STUB	OnlineSubsystemPC.StartSpeechRecognition	Public
STUB	OnlineSubsystemPC.StopNetworkedVoice	Public
STUB	OnlineSubsystemPC.StopSpeechRecognition	Public
STUB	OnlineSubsystemPC.UnlockAchievement	Public
STUB	OnlineSubsystemPC.UnmuteAll	Public
STUB	OnlineSubsystemPC.UnmuteRemoteTalker	Public
STUB	OnlineSubsystemPC.UnregisterLocalTalker	Public
STUB	OnlineSubsystemPC.UnregisterRemoteTalker	Public
STUB	OnlineSubsystemPC.WriteOnlinePlayerScores	Public|HasOutParms
STUB	OnlineSubsystemPC.WriteOnlineStats	Public
STUB	OnlineSubsystemPC.WritePlayerStorage	Public
STUB	OnlineSystemInterface.AddConnectionStatusChangeDelegate	Public
STUB	OnlineSystemInterface.AddControllerChangeDelegate	Public
STUB	OnlineSystemInterface.AddExternalUIChangeDelegate	Public
STUB	OnlineSystemInterface.AddLinkStatusChangeDelegate	Public
STUB	OnlineSystemInterface.AddReadTitleFileCompleteDelegate	Public
STUB	OnlineSystemInterface.AddStorageDeviceChangeDelegate	Public
STUB	OnlineSystemInterface.ClearConnectionStatusChangeDelegate	Public
STUB	OnlineSystemInterface.ClearControllerChangeDelegate	Public
STUB	OnlineSystemInterface.ClearExternalUIChangeDelegate	Public
STUB	OnlineSystemInterface.ClearLinkStatusChangeDelegate	Public
STUB	OnlineSystemInterface.ClearReadTitleFileCompleteDelegate	Public
STUB	OnlineSystemInterface.ClearStorageDeviceChangeDelegate	Public
STUB	OnlineSystemInterface.GetNATType	Public
STUB	OnlineSystemInterface.GetNetworkNotificationPosition	Public
STUB	OnlineSystemInterface.GetTitleFileContents	Public|HasOutParms
STUB	OnlineSystemInterface.GetTitleFileState	Public
STUB	OnlineSystemInterface.HasLinkConnection	Public
STUB	OnlineSystemInterface.IsControllerConnected	Public
STUB	OnlineSystemInterface.OnConnectionStatusChange	Public|Delegate
STUB	OnlineSystemInterface.OnControllerChange	Public|Delegate
STUB	OnlineSystemInterface.OnExternalUIChange	Public|Delegate
STUB	OnlineSystemInterface.OnLinkStatusChange	Public|Delegate
STUB	OnlineSystemInterface.OnReadTitleFileComplete	Public|Delegate
STUB	OnlineSystemInterface.OnStorageDeviceChange	Public|Delegate
STUB	OnlineSystemInterface.ReadTitleFile	Public
STUB	OnlineSystemInterface.SetNetworkNotificationPosition	Public
STUB	OnlineTitleFileDownloadMcp.OnReadTitleFileComplete	Public|Delegate
STUB	OnlineVoiceInterface.AddPlayerTalkingDelegate	Public
STUB	OnlineVoiceInterface.AddRecognitionCompleteDelegate	Public
STUB	OnlineVoiceInterface.ClearPlayerTalkingDelegate	Public
STUB	OnlineVoiceInterface.ClearRecognitionCompleteDelegate	Public
STUB	OnlineVoiceInterface.GetRecognitionResults	Public|HasOutParms
STUB	OnlineVoiceInterface.IsHeadsetPresent	Public
STUB	OnlineVoiceInterface.IsLocalPlayerTalking	Public
STUB	OnlineVoiceInterface.IsRemotePlayerTalking	Public
STUB	OnlineVoiceInterface.MuteAll	Public
STUB	OnlineVoiceInterface.MuteRemoteTalker	Public
STUB	OnlineVoiceInterface.OnPlayerTalkingStateChange	Public|Delegate
STUB	OnlineVoiceInterface.OnRecognitionComplete	Public|Delegate
STUB	OnlineVoiceInterface.RegisterLocalTalker	Public
STUB	OnlineVoiceInterface.RegisterRemoteTalker	Public
STUB	OnlineVoiceInterface.SelectVocabulary	Public
STUB	OnlineVoiceInterface.SetRemoteTalkerPriority	Public
STUB	OnlineVoiceInterface.SetSpeechRecognitionObject	Public
STUB	OnlineVoiceInterface.StartNetworkedVoice	Public
STUB	OnlineVoiceInterface.StartSpeechRecognition	Public
STUB	OnlineVoiceInterface.StopNetworkedVoice	Public
STUB	OnlineVoiceInterface.StopSpeechRecognition	Public
STUB	OnlineVoiceInterface.UnmuteAll	Public
STUB	OnlineVoiceInterface.UnmuteRemoteTalker	Public
STUB	OnlineVoiceInterface.UnregisterLocalTalker	Public
STUB	OnlineVoiceInterface.UnregisterRemoteTalker	Public
STUB	ParticleEventManager.HandleParticleModuleEventSendToGame	Event|Public|HasOutParms
STUB	ParticleModuleEventSendToGame.DoEvent	Public|HasOutParms
STUB	ParticleSystemComponent.OnSystemFinished	Public|Delegate
STUB	PartyBeacon.OnDestroyComplete	Public|Delegate
STUB	PartyBeaconClient.OnHostHasCancelled	Public|Delegate
STUB	PartyBeaconClient.OnHostIsReady	Public|Delegate
STUB	PartyBeaconClient.OnReservationCountUpdated	Public|Delegate
STUB	PartyBeaconClient.OnReservationRequestComplete	Public|Delegate
STUB	PartyBeaconClient.OnTravelRequestReceived	Public|Delegate
STUB	PartyBeaconHost.OnClientCancellationReceived	Public|Delegate
STUB	PartyBeaconHost.OnReservationChange	Public|Delegate
STUB	PartyBeaconHost.OnReservationsFull	Public|Delegate
STUB	Pawn.AddDefaultInventory	Public
STUB	Pawn.AdjustCameraScale	Simulated|Public
STUB	Pawn.AdjustDamage	HasOptionalParms|Public|HasOutParms
STUB	Pawn.AnimSetListUpdated	Simulated|Event|Public
STUB	Pawn.BuildScriptAnimSetList	Simulated|Event|Public
STUB	Pawn.CrushedBy	Public
STUB	Pawn.Dying.BaseChange	Singular|Event|Public
STUB	Pawn.Dying.BreathTimer	Public
STUB	Pawn.Dying.Bump	Public
STUB	Pawn.Dying.Died	Public
STUB	Pawn.Dying.Falling	Public
STUB	Pawn.Dying.FellOutOfWorld	Public
STUB	Pawn.Dying.HeadVolumeChange	Public
STUB	Pawn.Dying.HitWall	Public
STUB	Pawn.Dying.Landed	Event|Public
STUB	Pawn.Dying.PhysicsVolumeChange	Public
STUB	Pawn.Dying.PlayNextAnimation	Simulated|Public
STUB	Pawn.Dying.PlayWeaponSwitch	Simulated|Public
STUB	Pawn.FaceFXAudioFinished	Simulated|Public
STUB	Pawn.Falling	Event|Public
STUB	Pawn.Gasp	Public
STUB	Pawn.IsInContextActorRange	Simulated|Event|Public
STUB	Pawn.MAT_FinishAIGroup	Event|Public
STUB	Pawn.ModifyVelocity	Simulated|Event|Public
STUB	Pawn.NotifyAttachNPC	Event|Public
STUB	Pawn.NotifyDetachNPC	Event|Public
STUB	Pawn.NotifyTeamChanged	Simulated|Public
STUB	Pawn.PlayDyingSound	Public
STUB	Pawn.PlayFootStepSound	Event|Public
STUB	Pawn.PlayFootStepWaterEffect	Event|Public
STUB	Pawn.PlayLanded	Public
STUB	Pawn.PlayWeaponSwitch	Simulated|Public
STUB	Pawn.PostSetPhysFalling	Event|Public
STUB	Pawn.PruneDamagedBoneList	Public|HasOutParms
STUB	Pawn.RegisterFightingNPC	Event|Public
STUB	Pawn.Restart	Public
STUB	Pawn.RestartPlayer	Public
STUB	Pawn.SetCinematicMode	Simulated|Public
STUB	Pawn.ShieldDamage	Event|HasOptionalParms|Public
STUB	Pawn.SpecialMoveThruEdge	Event|HasOptionalParms|Public
STUB	Pawn.SpecialMoveTo	Public
STUB	Pawn.StuckOnPawn	Event|Public
STUB	Pawn.TakeDrowningDamage	Public
STUB	Pawn.TriggerPushDown	Simulated|Event|Public
STUB	Pawn.tryResolveEncroach	Public
STUB	Pawn.UnRegisterFightingNPC	Event|Public
STUB	PhysicsVolume.ActorEnteredVolume	Event|Public
STUB	PhysicsVolume.ActorLeavingVolume	Event|Public
STUB	PhysicsVolume.CollisionChanged	Simulated|Event|Public
STUB	PhysicsVolume.ModifyPlayer	Public
STUB	PhysicsVolume.NotifyPawnBecameViewTarget	Public
STUB	PhysicsVolume.PawnEnteredVolume	Event|Public
STUB	PhysicsVolume.PawnLeavingVolume	Event|Public
STUB	PhysicsVolume.PhysicsChangedFor	Event|Public
STUB	PhysXDestructibleActor.Explode	Simulated|Event|Public
STUB	PickupFactory.Disabled.Reset	Public
STUB	PickupFactory.Disabled.StartSleeping	Public
STUB	PickupFactory.RecheckValidTouch	Public
STUB	PickupFactory.RespawnEffect	Public
STUB	PickupFactory.Sleeping.StartSleeping	Public
STUB	PickupFactory.Sleeping.Touch	Public
STUB	PickupFactory.StaticPrecache	Static|Public
STUB	PickupFactory.WaitingForMatch.Touch	Public
STUB	PlayerController.CameraLookAtFinished	Event|Public
STUB	PlayerController.ClearOnRequestUnloadLevel	Event|Public
STUB	PlayerController.ClientSetHostUniqueId	Net|NetReliable|Simulated|Public|NetClient
STUB	PlayerController.ClientSetOnlineStatus	Net|NetReliable|Simulated|Public|NetClient
STUB	PlayerController.ClientVoiceMessage	Public
STUB	PlayerController.ClientWasKicked	Net|NetReliable|Simulated|Event|Public|NetClient
STUB	PlayerController.ClientWriteLeaderboardStats	Net|NetReliable|Simulated|Public|NetClient
STUB	PlayerController.Dead.HearNoise	HasOptionalParms|Public
STUB	PlayerController.Dead.KilledBy	Public
STUB	PlayerController.Dead.NextWeapon	Exec|Public
STUB	PlayerController.Dead.PrevWeapon	Exec|Public
STUB	PlayerController.Dead.SeePlayer	Public
STUB	PlayerController.Dead.ThrowWeapon	Exec|Public
STUB	PlayerController.DoForceFeedbackForScreenShake	Simulated|Protected
STUB	PlayerController.FellOutOfWorld	Simulated|Event|Public
STUB	PlayerController.GetAchievementProgression	Event|Public|HasOutParms
STUB	PlayerController.getBKActorInInputCone	Event|Public
STUB	PlayerController.getFacingSlideTarget	Event|Public
STUB	PlayerController.getInputVectorSlideToTarget	Event|Public
STUB	PlayerController.getNPCInInputCone	Event|Public
STUB	PlayerController.GetPartyGameTypeName	Static|Public
STUB	PlayerController.GetPartyMapName	Static|Public
STUB	PlayerController.InputMatchDelegate	Public|Delegate
STUB	PlayerController.LoadingBinkIsFinished	Event|Public
STUB	PlayerController.LoadingMapIsStart	Event|Public
STUB	PlayerController.NotifyChangedWeapon	Public
STUB	PlayerController.OnBinkPlay	Event|Public
STUB	PlayerController.OnPartyMemberListChanged	Public
STUB	PlayerController.OnPartyMembersInfoChanged	Public
STUB	PlayerController.PlayBeepSound	Public
STUB	PlayerController.PlayerClimbing.Bump	Public
STUB	PlayerController.PlayerClimbing.HearNoise	HasOptionalParms|Public
STUB	PlayerController.PlayerClimbing.SeePlayer	Public
STUB	PlayerController.PlayerDriving.Bump	Public
STUB	PlayerController.PlayerDriving.HearNoise	HasOptionalParms|Public
STUB	PlayerController.PlayerDriving.ProcessMove	Public
STUB	PlayerController.PlayerDriving.SeePlayer	Public
STUB	PlayerController.PlayerFlying.Bump	Public
STUB	PlayerController.PlayerFlying.HearNoise	HasOptionalParms|Public
STUB	PlayerController.PlayerFlying.SeePlayer	Public
STUB	PlayerController.PlayerMove	Public
STUB	PlayerController.PlayerSwimming.Bump	Public
STUB	PlayerController.PlayerSwimming.HearNoise	HasOptionalParms|Public
STUB	PlayerController.PlayerSwimming.SeePlayer	Public
STUB	PlayerController.PlayerWaiting.HearNoise	HasOptionalParms|Public
STUB	PlayerController.PlayerWaiting.Jump	Exec|Public
STUB	PlayerController.PlayerWaiting.NextWeapon	Exec|Public
STUB	PlayerController.PlayerWaiting.NotifyBump	Public
STUB	PlayerController.PlayerWaiting.PhysicsVolumeChange	Public
STUB	PlayerController.PlayerWaiting.PrevWeapon	Exec|Public
STUB	PlayerController.PlayerWaiting.SeePlayer	Public
STUB	PlayerController.PlayerWaiting.ServerSuicide	Net|NetReliable|Public|NetServer
STUB	PlayerController.PlayerWaiting.Suicide	Exec|Public
STUB	PlayerController.PlayerWaiting.SwitchToBestWeapon	Exec|HasOptionalParms|Public
STUB	PlayerController.PlayerWaiting.TakeDamage	HasOptionalParms|Public
STUB	PlayerController.PlayerWalking.Bump	Public
STUB	PlayerController.PlayerWalking.HearNoise	HasOptionalParms|Public
STUB	PlayerController.PlayerWalking.SeePlayer	Public
STUB	PlayerController.PreRender	Event|Public
STUB	PlayerController.RoundEnded.Falling	Public
STUB	PlayerController.RoundEnded.HearNoise	HasOptionalParms|Public
STUB	PlayerController.RoundEnded.HitWall	Public
STUB	PlayerController.RoundEnded.KilledBy	Public
STUB	PlayerController.RoundEnded.LongClientAdjustPosition	Net|Simulated|Public|NetClient
STUB	PlayerController.RoundEnded.NotifyBump	Public
STUB	PlayerController.RoundEnded.NotifyHeadVolumeChange	Public
STUB	PlayerController.RoundEnded.NotifyPhysicsVolumeChange	Public
STUB	PlayerController.RoundEnded.SeePlayer	Public
STUB	PlayerController.RoundEnded.ServerRestartPlayer	Net|NetReliable|Public|NetServer
STUB	PlayerController.RoundEnded.Suicide	Exec|Public
STUB	PlayerController.RoundEnded.TakeDamage	HasOptionalParms|Public
STUB	PlayerController.RoundEnded.ThrowWeapon	Exec|Public
STUB	PlayerController.RoundEnded.Use	Exec|Public
STUB	PlayerController.SeamlessTravelTo	Public
STUB	PlayerController.Sentinel_PostAcquireTravelTheWorldPoints	Public
STUB	PlayerController.Sentinel_PreAcquireTravelTheWorldPoints	Public
STUB	PlayerController.Sentinel_SetupForGamebasedTravelTheWorld	Public
STUB	PlayerController.ServerRestartGame	Net|NetReliable|Public|NetServer
STUB	PlayerController.ServerSpeech	Net|NetReliable|Public|NetServer
STUB	PlayerController.setFacingSlideTarget	Event|Public
STUB	PlayerController.ShowMenu	Exec|Public
STUB	PlayerController.Spectating.ClientRestart	Net|NetReliable|Public|NetClient
STUB	PlayerController.Spectating.NotifyHeadVolumeChange	Public
STUB	PlayerController.Spectating.NotifyPhysicsVolumeChange	Public
STUB	PlayerController.Spectating.RestartLevel	Exec|Public
STUB	PlayerController.Spectating.Suicide	Exec|Public
STUB	PlayerController.Spectating.ThrowWeapon	Exec|Public
STUB	PlayerController.ViewShake	Public
STUB	PlayerController.WaitingForPawn.HearNoise	HasOptionalParms|Public
STUB	PlayerController.WaitingForPawn.KilledBy	Public
STUB	PlayerController.WaitingForPawn.SeePlayer	Public
STUB	PlayerInput.DrawHUD	Public
STUB	PlayerInput.ExecInputAxis	Event|Public
STUB	PlayerInput.ExecInputKey	Event|Public
STUB	PlayerInput.PostProcessInput	Public
STUB	PlayerInput.PreProcessInput	Public
STUB	Projectile.InitFromWeaponLevelData	Public
STUB	ScoreBoard.ChangeState	Public
STUB	ScoreBoard.UpdateScoreBoard	Public
STUB	ScriptedTexture.Render	Public|Delegate
STUB	SecretPickup.saveToPersistentData	Public
STUB	SeqAct_AliceAbilityControl.RemoveHobbyHorse	Event|Public
STUB	SeqAct_AliceAbilityControl.RemovePiperGrinder	Event|Public
STUB	SeqAct_AliceAbilityControl.RemoveTeapotCannon	Event|Public
STUB	SeqAct_AliceAbilityControl.RemoveVorpalBlade	Event|Public
STUB	SeqAct_Checkpoint.LoadCheckpoint	Exec|Public
STUB	SeqAct_Latent.Update	Event|Public
STUB	SeqCond_SwitchBase.InsertValueEntry	Event|Public
STUB	SeqCond_SwitchBase.RemoveValueEntry	Event|Public
STUB	SeqCond_SwitchBase.VerifyDefaultCaseValue	Event|Public
STUB	SequenceEvent.RegisterEvent	Event|Public
STUB	SequenceEvent.Toggled	Event|Public
STUB	SequenceOp.Activated	Event|Public
STUB	SequenceOp.Deactivated	Event|Public
STUB	SequenceOp.Reset	Public
STUB	SequenceOp.VersionUpdated	Event|Public
STUB	SessionSettingsProvider.ProviderClientBound	Event|Public
STUB	SessionSettingsProvider.ProviderClientUnbound	Event|Public
STUB	Settings.NotifyPropertyValueUpdated	Public|Delegate
STUB	Settings.NotifySettingValueUpdated	Public|Delegate
STUB	ShrinkFlowerInteractive.Idle.EndState	Event|Public
STUB	SkelControlBase.TickSkelControl	Event|Public
STUB	SkeletalMeshActor.updateSonarMat	Public
STUB	SoundNodeWave.GeneratePCMData	Event|Public|HasOutParms
STUB	SpikeFish.FatState.EndState	Event|Public
STUB	SVehicle.SuspensionHeavyShift	Simulated|Event|Public
STUB	TargetingModeBase.EnteringMode	Simulated|Public
STUB	TargetingModeBase.FindAvailableTargets	Simulated|Public
STUB	TargetingModeBase.LeavingMode	Simulated|Public
STUB	TargetingModeBase.PostLockOff	Simulated|Public
STUB	TargetingModeBase.PostLockOn	Simulated|Public
STUB	TargetingModeBase.SetAPCTargetingInfo	Simulated|Public
STUB	TargetingModeBase.SwitchTargetingActor	Simulated|Public
STUB	TcpLink.Accepted	Event|Public
STUB	TcpLink.Closed	Event|Public
STUB	TcpLink.Opened	Event|Public
STUB	TcpLink.ReceivedBinary	Event|Public
STUB	TcpLink.ReceivedLine	Event|Public
STUB	TcpLink.ReceivedText	Event|Public
STUB	TeapotCannon.AliceWeaponRangeFire.CheckFireInteruptTimer	Simulated|Public
STUB	TeapotCannon.CoolingTimer	Public
STUB	TeapotCannon.PlayChangeWeaponSound	Public
STUB	TeapotCannon.StartChargingEffect	Final|Public
STUB	TeapotCannon.StopChargingEffect	Final|Public
STUB	TerrainLayerSetup.PostBeginPlay	Simulated|Public
STUB	Trigger.ContextActorPostApplyCheckPoinat	Public
STUB	UIComboBox.CreateCustomComboButton	Public|Delegate
STUB	UIComboBox.CreateCustomComboEditbox	Public|Delegate
STUB	UIComboBox.CreateCustomComboList	Public|Delegate
STUB	UIComp_DrawComponents.OnFadeComplete	Public|Delegate
STUB	UIComp_ListElementSorter.OverrideListSort	Public|Delegate|HasOutParms
STUB	UIDataProvider_PlayerAchievements.GetAchievementIconPathName	HasOptionalParms|Public
STUB	UIDataProvider_PlayerAchievements.PopulateAchievementIcons	Public
STUB	UIDataProvider.AllowPublishingToField	Event|HasOptionalParms|Public
STUB	UIDataProvider.GenerateFillerData	Event|Public
STUB	UIDataProvider.GenerateScriptMarkupString	Event|Public
STUB	UIDataProvider.GetFieldValue	Event|HasOptionalParms|Public|HasOutParms
STUB	UIDataProvider.GetSupportedScriptFields	Event|Public|HasOutParms
STUB	UIDataProvider.IsProviderDisabled	Event|Public
STUB	UIDataProvider.OnDataProviderPropertyChange	HasOptionalParms|Public|Delegate
STUB	UIDataProvider.SetFieldValue	Event|HasOptionalParms|Public|HasOutParms
STUB	UIDataStore_GameState.OnRefreshDataFieldValue	Public|Delegate
STUB	UIDataStore.NotifyGameSessionEnded	Public
STUB	UIDataStore.OnDataStoreValueUpdated	Public|Delegate
STUB	UIDataStore.Registered	Event|Public
STUB	UIDataStore.Unregistered	Event|Public
STUB	UIDynamicDataProvider.ProviderInstanceBound	Event|Public
STUB	UIDynamicDataProvider.ProviderInstanceUnbound	Event|Public
STUB	UIEditBox.OnSubmitText	Public|Delegate
STUB	UIEvent.AllowEventActivation	Public|Delegate|HasOutParms
STUB	UIList.OnListElementsSorted	Public|Delegate
STUB	UIList.OnOverrideListElementState	Public|Delegate
STUB	UIList.OnSubmitSelection	HasOptionalParms|Public|Delegate
STUB	UIList.ShouldDisableElement	Public|Delegate
STUB	UIMessageBoxBase.SetupDockingRelationships	Public
STUB	UIObject.OnClicked	Public|Delegate
STUB	UIObject.OnCloseContextMenu	Public|Delegate
STUB	UIObject.OnContextMenuItemSelected	Public|Delegate
STUB	UIObject.OnCreate	Public|Delegate
STUB	UIObject.OnDoubleClick	Public|Delegate
STUB	UIObject.OnOpenContextMenu	Public|Delegate|HasOutParms
STUB	UIObject.OnPostSceneUpdate	Public|Delegate
STUB	UIObject.OnPreSceneUpdate	Public|Delegate
STUB	UIObject.OnPressed	Public|Delegate
STUB	UIObject.OnPressRelease	Public|Delegate
STUB	UIObject.OnPressRepeat	Public|Delegate
STUB	UIObject.OnRefreshSubscriberValue	Public|Delegate
STUB	UIObject.OnValueChanged	Public|Delegate
STUB	UIOptionList.OnIsCurrValueValid	Public|Delegate
STUB	UIOptionListBase.CreateCustomDecrementButton	Public|Delegate
STUB	UIOptionListBase.CreateCustomIncrementButton	Public|Delegate
STUB	UIPropertyDataProvider.CanSupportComplexPropertyType	Public|Delegate
STUB	UIPropertyDataProvider.GetCustomPropertyValue	Event|HasOptionalParms|Public|HasOutParms
STUB	UIResourceDataProvider.InitializeProvider	Event|Public
STUB	UIScene.GetFocusHint	Event|HasOptionalParms|Public
STUB	UIScene.GetSceneInputModeOverride	Public|Delegate
STUB	UIScene.NotifyPreClientTravel	Public
STUB	UIScene.OnInterceptRawInputKey	Public|Delegate|HasOutParms
STUB	UIScene.OnQueryCloseSceneAllowed	Public|Delegate
STUB	UIScene.OnSceneActivated	Public|Delegate
STUB	UIScene.OnSceneDeactivated	Public|Delegate
STUB	UIScene.OnTopSceneChanged	Public|Delegate
STUB	UIScene.SceneCreated	Public
STUB	UIScene.ShouldModulateBackgroundAlpha	Public|Delegate|HasOutParms
STUB	UISceneClient.InitializeSceneClient	Event|Public
STUB	UIScreenObject.AddedChild	Event|Public
STUB	UIScreenObject.GetParent	Public
STUB	UIScreenObject.GetSupportedUIActionKeyNames	Event|Public|HasOutParms
STUB	UIScreenObject.Initialized	Event|Public
STUB	UIScreenObject.NotifyActiveSkinChanged	Public|Delegate
STUB	UIScreenObject.NotifyActiveStateChanged	HasOptionalParms|Public|Delegate
STUB	UIScreenObject.NotifyPositionChanged	Public|Delegate
STUB	UIScreenObject.NotifyResolutionChanged	Public|Delegate|HasOutParms
STUB	UIScreenObject.NotifyVisibilityChanged	Public|Delegate
STUB	UIScreenObject.OnInitialSceneUpdate	Public|Delegate
STUB	UIScreenObject.OnProcessInputAxis	Public|Delegate|HasOutParms
STUB	UIScreenObject.OnProcessInputKey	Public|Delegate|HasOutParms
STUB	UIScreenObject.OnRawInputAxis	Public|Delegate|HasOutParms
STUB	UIScreenObject.OnRawInputKey	Public|Delegate|HasOutParms
STUB	UIScreenObject.OnUIAnim_KeyFrameCompleted	Public|Delegate
STUB	UIScreenObject.OnUIAnim_TrackCompleted	Public|Delegate
STUB	UIScreenObject.PostInitialize	Event|Public
STUB	UIScreenObject.RemovedChild	Event|HasOptionalParms|Public
STUB	UIScrollbar.OnClickedScrollZone	Public|Delegate
STUB	UIScrollbar.OnScrollActivity	HasOptionalParms|Public|Delegate
STUB	UIScrollbarMarkerButton.OnButtonDragged	Public|Delegate
STUB	UISettingsProvider.LoadPropertyValue	Public
STUB	UISettingsProvider.OnModifiedProperty	Public
STUB	UISettingsProvider.SavePropertyValue	Public
STUB	UISkin.SubscriberAttached	Event|Public
STUB	UISkin.SubscriberDetached	Event|Public
STUB	UIState.OnActivate	Event|Public
STUB	UIState.OnDeactivate	Event|Public
STUB	UIStyle_Data.MatchesStyleData	Public|Delegate
STUB	UITabButton.IsActivationAllowed	Public|Delegate
STUB	UITabControl.OnPageActivated	Public|Delegate
STUB	UITabControl.OnPageInserted	Public|Delegate
STUB	UITabControl.OnPageRemoved	Public|Delegate
STUB	UITabPage.AddedToTabControl	Public
STUB	UITickableObjectProxy.OnScriptTick	Public|Delegate
STUB	UITickableObjectProxy.ScriptTick	Event|Public
STUB	Vehicle.CrushedBy	Public
STUB	Vehicle.DetachDriver	Simulated|Public
STUB	Vehicle.EncroachedBy	Event|Public
STUB	Vehicle.EntryAnnouncement	Public
STUB	Vehicle.FaceRotation	Simulated|Public
STUB	Vehicle.HandleDeadVehicleDriver	Public
STUB	Vehicle.NotifyDriverTakeHit	Public
STUB	Vehicle.PlayDying	Simulated|Public
STUB	Vehicle.ThrowActiveWeapon	Public
STUB	Volume.ApplyWind	Public
STUB	Volume.ProcessActorSetVolume	Event|Public
STUB	VorpalBlade.AliceWeaponMeleeFire.PostSlideToTarget	Simulated|Public
STUB	Weapon.Active.Activate	Simulated|Public
STUB	Weapon.AddAmmo	Public
STUB	Weapon.AttachWeaponTo	Simulated|HasOptionalParms|Public
STUB	Weapon.ChangeLevel	Simulated|Event|Public
STUB	Weapon.ConsumeAmmo	Public
STUB	Weapon.CustomFire	Simulated|Public
STUB	Weapon.DetachWeapon	Simulated|Public
STUB	Weapon.FireModeUpdated	Simulated|Public
STUB	Weapon.GetWeaponLeveDateEffect	Simulated|Event|Public
STUB	Weapon.GetWeaponLeveDateTrails	Simulated|Event|Public
STUB	Weapon.Inactive.BeginState	Simulated|Event|Public
STUB	Weapon.Inactive.StartFire	Simulated|Public
STUB	Weapon.NotifyFireSpecialMoveFinished	Simulated|Public
STUB	Weapon.PlayFireEffects	Simulated|HasOptionalParms|Public
STUB	Weapon.PlayFiringSound	Simulated|Public
STUB	Weapon.RefireCheckTimer	Simulated|Public
STUB	Weapon.StopFireEffects	Simulated|Public
STUB	Weapon.WeaponCalcCamera	Simulated|Public|HasOutParms
STUB	Weapon.WeaponEmpty	Simulated|Public
STUB	Weapon.WeaponEquipping.Activate	Simulated|Public
STUB	Weapon.WeaponIsDown	Simulated|Public
STUB	WeaponForAlice.AnnouncePickup	Public
STUB	WeaponForAlice.CanPerformNextAction	Simulated|Public
STUB	WeaponForAlice.CleanInfoWhenBreak	Simulated|Public
STUB	WeaponForAlice.ClearAllFireTimers	Simulated|Public
STUB	WeaponForAlice.PostSlideToTarget	Simulated|Public
STUB	WeaponForAlice.PressFireButton	Simulated|Public
STUB	WeaponForAlice.ReleaseFireButton	Simulated|Public
STUB	WeaponForAlice.ResetAliceWeapon	Public
STUB	WeaponForAlice.ReSetAllFlag	Public
STUB	WeaponForAlice.ResetWeaponAfterChangeLevel	Public
STUB	WeaponForAliceMelee.DataSwitchForHysteria	Public
STUB	WeaponForAliceMelee.PostSlideToTarget	Simulated|Public
STUB	WeaponForAliceMelee.ReleaseFireButton	Simulated|Public
STUB	WeaponForAliceMelee.UpdateAchievement29	Public
STUB	WeaponForAliceRange.AdjustFireSocketRotation	Simulated|Event|Public|HasOutParms
STUB	WeaponForAliceRange.AliceWeaponRangeFire.BeginCharge	Simulated|Event|Public
STUB	WeaponForAliceRange.AliceWeaponRangeFire.EndCharge	Simulated|Event|Public
STUB	WeaponForAliceRange.ChargeCheckTimer	Simulated|Public
STUB	WeaponForAliceRange.CheckFireInteruptTimer	Simulated|Public
STUB	WeaponForAliceRange.OnOverHeatTimeOver	Public
STUB	WeaponForAliceRange.OnRegenDelayOver	Public
STUB	WeaponForAliceRange.RefillAmmoFinished	Public
STUB	WeaponForAliceRange.TapCheckTimer	Simulated|Public
STUB	WeaponForAliceRange.UpdateAmmoUI	Public
STUB	WeaponForNPC.NPCWeaponMeleeFire.BeginFire	Simulated|Public
STUB	WeaponForNPC.NPCWeaponMeleeFire.BeginState	Simulated|Event|Public
STUB	WeaponForNPC.NPCWeaponMeleeFire.EndState	Simulated|Event|Public
STUB	WeaponForNPC.WeaponEquipping.EndState	Simulated|Event|Public
STUB	WebApplication.Cleanup	Final|Public
STUB	WebApplication.Init	Public
STUB	WebApplication.PostQuery	Public
STUB	WebApplication.Query	Public
